word_id,ru,uz,old,new,reason
12,здороваться,salomlashmoq,A1,A2,"производный глагол, менее частый"
15,приветствовать,salom bermoq,A1,A2,"производный глагол, менее частый"
20,Прощай! Прощайте!,Alvido!,A1,A2,книжное прощание
21,прощаться,xayrlashmoq,A1,A2,"производный глагол, менее частый"
26,Не стоит благодарности,Tashakkur bildirishga,A1,A2,фраза из 3+ слов
31,извиняться,kechirim soʻramoq,A1,A2,"составной глагол, не ядро"
32,Мои извинения,Meni kechirgaysiz,A1,B1,книжная вежливая форма
33,Простите!,Afv etasiz!,A1,A2,формальное извинение
34,прощать (кого-л.),afv etmoq,A1,B1,книжный глагол
36,пожалуйста (при просьбе),marhamat qilib,A1,A2,"частая фраза, не ядро"
37,Не забудьте!,Unutmang!,A1,A2,"частая фраза, не ядро"
39,Конечно нет!,"Albatta, yoʻq!",A1,A2,"частая фраза, не ядро"
41,Хватит!,Bas!,A1,A2,эмоциональное восклицание
42,господин,Janob,A1,A2,формальное обращение
43,госпожа,Xonim,A1,A2,формальное обращение
44,девушка,Yaxshi qiz,A1,A2,"обращение, не ядро"
45,молодой человек,Yaxshi yigit,A1,A2,"обращение, не ядро"
46,мальчик,Bolakay,A1,A2,"обращение, не ядро"
47,девочка,Qizaloq,A1,A2,"обращение, не ядро"
86,сто,yuz,A2,A1,базовое частое число
95,тысяча,ming,A2,A1,"базовое число, цены"
101,первый,birinchi,A2,A1,базовый порядковый
102,второй,ikkinchi,A2,A1,базовый порядковый
103,третий,uchinchi,A2,A1,базовый порядковый
119,вычитание,ayirish,A2,B1,математический термин
120,вычитать,ayirmoq,A2,B1,математический термин
121,деление,boʻlish,A2,B1,математический термин
123,сложение,qoʻshish,A2,B1,математический термин
124,сложить (матем.),qoʻshmoq,A2,B1,математический термин
126,умножение,koʻpaytirish,A2,B1,математический термин
127,умножать,koʻpaytirmoq,A2,B1,математический термин
130,числительное,sanoq son,A2,B1,грамматический термин
133,формула,formula,A2,B1,научный термин
134,вычисление,hisoblash,A2,B1,абстрактный термин
142,остаток,qoldiq,A2,B1,менее частое слово
143,несколько,bir nechta,A2,A1,очень частое слово
144,немного,bir oz,A2,A1,очень частое слово
147,дюжина,oʻn ikkita,A2,B1,редкое понятие
157,владеть,ega boʻlmoq,A1,A2,книжный синоним иметь
158,возражать,eʼtiroz bildirmoq,A1,B1,полуабстрактный глагол
166,доверять,ishonmoq,A1,A2,"бытовой глагол, не ядро"
168,жаловаться,shikoyat qilmoq,A1,A2,"бытовой глагол, не ядро"
174,замечать (увидеть),koʻrib qolmoq,A1,A2,"бытовой глагол, не ядро"
175,записывать,yozib olmoq,A1,A2,"бытовой глагол, не ядро"
176,защищать (страну),himoya qilmoq,A1,B1,общественно-политический глагол
177,звать (на помощь и т.п.),chaqirmoq,A1,A2,"бытовой глагол, не ядро"
183,изменить (поменять),oʻzgartirmoq,A1,A2,"бытовой глагол, не ядро"
186,интересоваться,qiziqmoq,A1,A2,"бытовой глагол, не ядро"
187,информировать,xabardor qilmoq,A1,B1,официальный глагол
188,контролировать,nazorat qilmoq,A1,B1,официальный глагол
189,красть,oʻgʻirlamoq,A1,A2,"бытовой глагол, не ядро"
190,кричать,baqirmoq,A1,A2,"бытовой глагол, не ядро"
191,купаться (в море и т.п.),choʻmilmoq,A1,A2,"бытовой глагол, не ядро"
192,лететь,uchmoq,A1,A2,"бытовой глагол, не ядро"
193,ловить,tutmoq,A1,A2,"бытовой глагол, не ядро"
194,ломать,sindirmoq,A1,A2,"бытовой глагол, не ядро"
196,молиться,ibodat qilmoq,A1,A2,"бытовой глагол, не ядро"
197,молчать,indamay turmoq,A1,A2,"бытовой глагол, не ядро"
198,мочь,uddalamoq,A1,A2,"значение «суметь», не ядро"
199,наблюдать,kuzatmoq,A1,A2,"частый глагол, не ядро"
200,надеяться,umid qilmoq,A1,A2,"частый глагол, не ядро"
201,наказывать,jazolamoq,A1,B1,менее частый глагол
202,настаивать (упорствовать),qattiq talab qilmoq,A1,B1,менее частый глагол
205,недооценивать,kam baho bermoq,A1,B1,менее частый глагол
208,обещать,vaʼda bermoq,A1,A2,"частый глагол, не ядро"
209,обманывать,aldamoq,A1,A2,"частый глагол, не ядро"
210,обсуждать,muhokama qilmoq,A1,B1,менее частый глагол
211,объединять,birlashtirmoq,A1,B1,менее частый глагол
212,объяснять,tushuntirmoq,A1,A2,"частый глагол, не ядро"
213,означать,bildirmoq,A1,A2,"частый глагол, не ядро"
214,освобождать (город),xalos qilmoq,A1,B2,книжный военный контекст
215,оскорблять,haqoratlamoq,A1,B1,менее частый глагол
218,отгадать,topmoq,A1,A2,"частый глагол, не ядро"
219,отказываться,rad qilmoq,A1,A2,"частый глагол, не ядро"
221,отправлять,joʻnatmoq,A1,A2,"частый глагол, не ядро"
222,охотиться,ov qilmoq,A1,B1,менее частый глагол
223,ошибаться,adashmoq,A1,A2,"частый глагол, не ядро"
226,писать,yozmoq,A2,A1,ядерный глагол
230,платить,toʻlamoq,A2,A1,ядерный глагол выживания
234,подсказать (отгадку),ishora qilmoq,A2,B1,редкое значение
236,помогать,yordamlashmoq,A2,A1,ядерный глагол
237,понимать,tushunmoq,A2,A1,ядерный глагол
238,предвидеть (ожидать),oldindan koʻrmoq,A2,B1,книжный глагол
245,приказывать,buyurmoq,A2,B1,менее частый глагол
246,принадлежать,tegishli boʻlmoq,A2,B1,абстрактный глагол
248,продавать,sotmoq,A2,A1,ядерный глагол
252,просить,soʻramoq,A2,A1,ядерный глагол
256,работать,ishlamoq,A2,A1,ядерный глагол
261,ругать,koyimoq,A2,B1,менее частый глагол
262,руководить (чем-л.),boshqarmoq,A2,B1,работа и управление
263,рыть,qazimoq,A2,B1,менее частый глагол
264,садиться,oʻtirmoq,A2,A1,ядерный глагол
265,сказать,aytmoq,A2,A1,ядерный глагол
266,слышать,eshitmoq,A2,A1,ядерный глагол
271,сожалеть,afsuslanmoq,A2,B1,абстрактный глагол
273,сомневаться,ikkilanmoq,A2,B1,абстрактный глагол
275,спасать,qutqarmoq,A2,B1,менее частый глагол
276,спрашивать,soʻramoq,A2,A1,ядерный глагол
279,стоить,arzimoq,A2,B1,значение «заслуживать»
280,стрелять,otmoq,A2,B1,менее частый глагол
281,существовать,mavjud boʻlmoq,A2,B1,абстрактный глагол
284,требовать,talab qilmoq,A2,B1,формальный глагол
287,убивать,oʻldirmoq,A2,B1,менее частый глагол
288,угрожать,poʻpisa qilmoq,A2,B1,менее частый глагол
290,ужинать,kechki ovqatni emoq,A2,A1,базовый бытовой глагол
293,упоминать,eslatib oʻtmoq,A2,B1,книжный глагол
294,участвовать,ishtirok etmoq,A2,B1,формальный глагол
295,хвастаться,maqtanmoq,A2,B1,менее частый глагол
296,хотеть,istamoq,A2,A1,ядерный глагол
297,хотеть есть,eyishni istamoq,A2,A1,базовая фраза выживания
298,хотеть пить,chanqamoq,A2,A1,базовая фраза выживания
299,читать,oʻqimoq,A2,A1,ядерный глагол
302,оттенок,rangdagi nozik farq,A1,B1,абстрактное понятие цвета
303,тон,tus,A1,B1,абстрактное понятие цвета
304,радуга,kamalak,A1,A2,нечастый цвет/признак
315,фиолетовый,binafsha rang,A1,A2,нечастый цвет/признак
317,золотой,oltin rang,A1,A2,нечастый цвет/признак
318,серебристый,kumush rang,A1,A2,нечастый цвет/признак
319,бежевый,och jigar rang,A1,A2,нечастый цвет/признак
320,кремовый,och sariq rang,A1,B1,редкий оттенок
321,бирюзовый,feruza rang,A1,B1,редкий оттенок
322,вишнёвый,olcha rang,A1,B1,редкий оттенок
323,лиловый,nafarmon,A1,B2,редкий книжный оттенок
324,малиновый,toʻq qizil rang,A1,B1,редкий оттенок
325,светлый,och rang,A1,A2,нечастый цвет/признак
326,тёмный,toʻq rang,A1,A2,нечастый цвет/признак
327,яркий,yorqin,A1,A2,нечастый цвет/признак
328,цветной (карандаш),rangli,A1,A2,нечастый цвет/признак
329,цветной (фильм),rangli,A1,A2,нечастый цвет/признак
330,чёрно-белый,oq-qora,A1,A2,нечастый цвет/признак
331,одноцветный,bir rangdagi,A1,B1,редкий оттенок
332,разноцветный,rang-barang,A1,A2,нечастый цвет/признак
356,через (о препятствии),ustidan,A1,A2,частное значение предлога
358,здесь,shu erda,A2,A1,базовое наречие места
359,там,u erda,A2,A1,базовое наречие места
365,сюда,bu erga,A2,A1,базовое наречие места
366,туда,u erga,A2,A1,базовое наречие места
369,близко,yaqin,A2,A1,базовое наречие
370,далеко,uzoq,A2,A1,базовое наречие
376,налево,chapga,A2,A1,базовое направление
379,направо,oʻngga,A2,A1,базовое направление
393,напрямик,toʻgʻri yoʻldan,A2,B1,редкое наречие
404,насовсем,butunlay,A2,B1,разговорное редкое наречие
407,теперь,hozir,A2,A1,базовое слово времени
415,что (местоимение),nima,A2,A1,вопросительное слово
424,ничей,egasiz,A2,B1,редкое местоимение
425,чей-нибудь,biror kimsaniki,A2,B1,редкое местоимение
426,так,shunday,A2,A1,очень частое слово
428,тоже,ham,A2,A1,очень частое слово
429,Почему?,Nimaga?,A2,A1,вопросительное слово
430,почему-то,nimagadir,A2,B1,редкое наречие
431,зачем-то,negadir,A2,B1,редкое наречие
432,и,va,A2,A1,базовый союз
433,или,yoki,A2,A1,базовый союз
434,но,lekin,A2,A1,базовый союз
435,для (предлог),uchun,A2,A1,базовый предлог
437,только,faqat,A2,A1,очень частое слово
441,приблизительный,taxminan,A2,B1,менее частое прилагательное
444,каждый,har bir,A2,A1,очень частое слово
446,много,koʻp,A2,A1,очень частое слово
448,все (все люди),barcha,A2,A1,очень частое слово
449,взамен,evaziga,A2,B1,книжное наречие
450,вручную,qoʻl bilan,A2,B1,менее частое наречие
451,вряд ли,ehtimoldan uzoq,A2,B1,модальное выражение
453,нарочно,atayin,A2,B1,менее частое наречие
455,очень,juda,A2,A1,очень частое слово
470,послезавтра,indinga,A1,A2,"слово времени, не ядро"
472,позавчера,oʻtgan kuni,A1,A2,"слово времени, не ядро"
474,рабочий день,ish kuni,A1,A2,"слово времени, не ядро"
475,праздничный день,bayram kuni,A1,A2,"слово времени, не ядро"
478,весь день,kun boʻyi,A1,A2,"слово времени, не ядро"
479,на следующий день,ertasi kuni,A1,A2,"слово времени, не ядро"
480,дня назад,ikki kun avval,A1,A2,"фраза, не ядро"
481,накануне,arafasida,A1,B1,книжное наречие времени
482,ежедневный,har kungi,A1,A2,"слово времени, не ядро"
487,еженедельный,haftalik,A1,A2,"слово времени, не ядро"
489,раза в неделю,haftasiga ikki marta,A1,A2,фраза частотности
493,полдень,choshgoh,A1,A2,редкое слово времени
499,полночь,yarim tun,A1,A2,"слово времени, не ядро"
500,секунда,soniya,A1,A2,"слово времени, не ядро"
504,четверть часа,chorak soat,A1,A2,"слово времени, не ядро"
505,сутки,sutka,A1,A2,"слово времени, не ядро"
506,восход солнца,quyosh chiqishi,A1,A2,"слово времени, не ядро"
507,рассвет,tong otishi,A1,A2,"слово времени, не ядро"
508,раннее утро,erta tong,A1,A2,"слово времени, не ядро"
509,закат,kun botishi,A1,A2,"слово времени, не ядро"
518,ровно в 3 часа,roppa-rosa soat uchda,A1,A2,"слово времени, не ядро"
519,около 4-х часов,soat toʻrtlar atrofida,A1,A2,"слово времени, не ядро"
520,к 12-ти часам,soat oʻn ikkilarga,A1,A2,"слово времени, не ядро"
523,вовремя,vaqtida,A1,A2,"слово времени, не ядро"
524,без четверти,chorakam,A1,B1,идиоматичное выражение времени
525,в течение часа,bir soat davomida,A1,A2,"слово времени, не ядро"
526,каждые 15 минут,har oʻ besh daqiqada,A1,A2,фраза частотности
527,круглые сутки,kechayu-kunduz,A1,B1,идиоматичное выражение времени
559,весь месяц,oy boʻyi,A1,A2,"слово времени, не ядро"
560,целый месяц,butun oy davomida,A1,A2,"слово времени, не ядро"
561,ежемесячный,oylik,A1,A2,"слово времени, не ядро"
562,ежемесячно,har oyda,A1,A2,"слово времени, не ядро"
564,раза в месяц,oyiga ikki marta,A1,A2,фраза частотности
572,весь год,yil boʻyi,A1,A2,"слово времени, не ядро"
573,целый год,butun yil davomida,A1,A2,"слово времени, не ядро"
575,ежегодный,har yilgi,A1,A2,"слово времени, не ядро"
576,ежегодно,har yilda,A1,A2,"слово времени, не ядро"
577,раза в год,yiliga to,A1,A2,фраза частотности
578,число (день месяца),oyning kuni,A1,A2,"понятие времени, не ядро"
579,дата,sana,A1,A2,"понятие времени, не ядро"
580,календарь,kalendar,A1,A2,"понятие времени, не ядро"
581,полгода,yarim yil,A1,A2,"понятие времени, не ядро"
582,полугодие,yarim yillik,A1,B1,книжный термин
583,сезон,mavsum,A1,A2,"понятие времени, не ядро"
584,век (столетие),asr,A1,A2,"понятие времени, не ядро"
585,время,vaqt,A2,A1,базовое слово времени
586,миг,lahza,A2,B1,книжное слово
587,мгновение,lahza,A2,B1,книжное слово
588,мгновенный,bir lahzali,A2,B1,книжное прилагательное
589,отрезок (времени),vaqt oraligʻi,A2,B1,абстрактное понятие
591,вечность,mangulik,A2,B1,абстрактное понятие
592,эпоха,davr,A2,B1,абстрактное понятие
593,эра,katta tarixiy davr,A2,B1,абстрактное понятие
594,цикл,sikl,A2,B1,абстрактное понятие
595,период,muddat,A2,B1,абстрактное понятие
603,после,soʻng,A2,A1,базовое слово времени
604,сейчас (в наше время),hozir,A2,A1,базовое слово времени
605,сейчас (в эту минуту),hozir,A2,A1,базовое слово времени
611,судьба,taqdir,A2,B1,абстрактное понятие
612,память (воспоминания),xotira,A2,B1,абстрактное понятие
613,архив,arxiv,A2,B1,учреждение/документы
620,перенести (о сроке),koʻchirmoq,A2,B1,менее частое значение
621,одновременно,bir vaqtda,A2,B1,менее частое наречие
623,постоянный (шум),doimiy,A2,B1,менее частое прилагательное
624,временный,vaqtincha,A2,B1,менее частое прилагательное
630,больной,kasal,A2,A1,базовое слово выживания
632,большой,katta,A2,A1,базовое прилагательное
633,маленький,kichkina,A2,A1,базовое прилагательное
642,вслух,ovoz chiqarib,A2,B1,менее частое наречие
643,про себя,ichida,A2,B1,менее частое выражение
647,мелкий,sayoz,A2,B1,менее частое значение
648,да,ha,A2,A1,базовое слово
649,нет,yoʻq,A2,A1,базовое слово
660,запретить,taqiqlamoq,A2,B1,формальный глагол
668,преступление,jinoyat,A2,B1,юридическое понятие
669,наказание,jazo,A2,B1,юридическое понятие
670,приказать,buyurmoq,A2,B1,менее частый глагол
671,подчиниться,boʻysinmoq,A2,B1,абстрактный глагол
673,кривой,egri,A2,B1,менее частое прилагательное
674,рай,jannat,A2,B1,религиозное понятие
675,ад,doʻzax,A2,B1,религиозное понятие
682,старый,eski,A2,A1,базовое прилагательное
683,новый,yangi,A2,A1,базовое прилагательное
687,холодный,sovuq,A2,A1,базовое прилагательное
692,хороший,yaxshi,A2,A1,базовое прилагательное
693,плохой,yomon,A2,A1,базовое прилагательное
695,трусливый,qoʻrqoq,A2,B1,менее частое слово
696,квадрат,kvadrat,B1,A2,базовые геометрические формы
697,квадратный,kvadrat,B1,A2,базовые геометрические формы
698,круг,doira,B1,A2,базовые геометрические формы
699,круглый,dumaloq,B1,A2,базовые геометрические формы
700,треугольник,uchburchak,B1,A2,базовые геометрические формы
705,прямоугольный,toʻgʻri toʻrtburchakli,B1,B2,специальный геометрический термин
707,ромб,romb,B1,B2,специальный геометрический термин
708,трапеция,trapetsiya,B1,B2,специальный геометрический термин
710,призма,prizma,B1,B2,специальный геометрический термин
711,окружность,aylana,B1,B2,специальный геометрический термин
712,сфера,sfera,B1,B2,специальный геометрический термин
714,диаметр,diametr,B1,B2,специальный геометрический термин
715,радиус,radius,B1,B2,специальный геометрический термин
716,периметр,perimetr,B1,B2,специальный геометрический термин
717,центр,markaz,B1,A2,частое бытовое слово
721,параллельный,parallel,B1,B2,специальный геометрический термин
722,линия,chiziq,B1,A2,частое бытовое слово
724,прямая (сущ.),toʻgʻri chiziq,B1,B2,специальный геометрический термин
725,кривая (сущ.),egri chiziq,B1,B2,специальный геометрический термин
726,тонкий,ingichka,B1,A2,частое прилагательное
728,пересечение,kesishish,B1,B2,специальный геометрический термин
729,прямой угол,toʻgʻri burchak,B1,B2,специальный геометрический термин
730,сегмент,segment,B1,B2,специальный геометрический термин
731,сектор,sektor,B1,B2,специальный геометрический термин
732,сторона,tomon,B1,A2,частое бытовое слово
733,угол,burchak,B1,A2,частое бытовое слово
738,глубина,chuqurlik,A2,B1,абстрактная мера
739,объём,hajm,A2,B1,абстрактная мера
740,площадь,maydon,A2,B1,абстрактная мера
742,миллиграмм,milligramm,A2,B1,специальный термин
744,тонна,tonna,A2,B1,менее частое слово
745,фунт (мера веса),funt,A2,B2,неупотребимая в Узбекистане мера
746,унция,untsiya,A2,B2,неупотребимая в Узбекистане мера
748,миллиметр,millimetr,A2,B1,специальный термин
751,миля,milya,A2,B1,неметрическая мера
752,дюйм,dyuym,A2,B1,неметрическая мера
753,фут,fut,A2,B2,неупотребимая в Узбекистане мера
754,ярд,yard,A2,B2,неупотребимая в Узбекистане мера
755,квадратный метр,kvadrat metr,A2,B1,специальный термин
756,гектар,gektar,A2,B1,специальный термин
759,вольт,volt,A2,B2,технический термин
760,ампер,amper,A2,B2,технический термин
761,лошадиная сила,ot kuchi,A2,B2,технический термин
767,масштаб,masshtab,A2,B1,специальный термин
768,минимальный,minimal,A2,B1,книжное прилагательное
771,максимальный,maksimal,A2,B1,книжное прилагательное
776,бочка,bochka,A2,B1,менее частое слово
777,таз,jom,A2,B1,менее частое слово
778,бак,bak,A2,B1,менее частое слово
779,фляжка,flyajka,A2,B1,менее частое слово
780,канистра,kanistra,A2,B1,менее частое слово
781,цистерна,sisterna,A2,B2,технический термин
783,чашка,kosacha,A2,A1,базовая посуда
785,стакан,stakan,A2,A1,базовая посуда
788,бутылка,butilka,A2,A1,базовое частое слово
789,горлышко (бутылки),boʻgʻzi,A2,B1,менее частое слово
790,графин,grafin,A2,B1,менее частое слово
791,кувшин,koʻza,A2,B1,менее частое слово
792,сосуд,idish,A2,B1,книжное слово
793,горшок,xumcha,A2,B1,менее частое слово
795,флакон,shishacha,A2,B1,менее частое слово
796,пузырёк,shishacha,A2,B1,менее частое слово
797,тюбик,tyubik,A2,B1,менее частое слово
813,резина,rezina,A2,B1,менее частое слово
814,резиновый,rezina,A2,B1,менее частое слово
819,картон,karton,A2,B1,менее частое слово
820,картонный,karton,A2,B1,менее частое слово
821,полиэтилен,polietilen,A2,B1,специальный термин
822,целлофан,sellofan,A2,B1,менее частое слово
823,линолеум,linoleum,A2,B2,строительный термин
824,фанера,fanera,A2,B2,строительный термин
825,фарфор,chinni,A2,B1,менее частое слово
826,фарфоровый,chinni,A2,B1,менее частое слово
827,глина,loy,A2,B1,менее частое слово
828,глиняный (о посуде),loy,A2,B1,менее частое слово
829,керамика,sopol,A2,B1,менее частое слово
830,керамический,sopol,A2,B1,менее частое слово
833,сплав,qotishma,B1,B2,редкий/технический материал
835,золотой,oltin,B1,A2,частое прилагательное материала
837,серебряный,kumush,B1,A2,частое прилагательное материала
848,латунь,jez,B1,B2,редкий/технический материал
850,платина,platina,B1,B2,редкий/технический материал
852,олово,qalayi,B1,B2,редкий/технический материал
860,подросток,oʻspirin,A1,A2,"возрастная лексика, не ядро"
861,старик,chol,A1,A2,"возрастная лексика, не ядро"
862,старая женщина,kampir,A1,A2,"возрастная лексика, не ядро"
863,организм,organizm,A2,B1,медицинский/анатомический термин
866,артерия,arteriya,A2,B2,медицинский/анатомический термин
867,вена,vena,A2,B1,медицинский/анатомический термин
869,нерв,nerv,A2,B1,медицинский/анатомический термин
870,нервы,nervlar,A2,B1,медицинский/анатомический термин
871,позвонок,umurtqa suyagi,A2,B2,медицинский/анатомический термин
872,позвоночник,umurtqa,A2,B1,медицинский/анатомический термин
874,кишечник,ichak-chavoq,A2,B1,медицинский/анатомический термин
875,кишка,ichak,A2,B1,медицинский/анатомический термин
877,почка,buyrak,A2,B1,медицинский/анатомический термин
879,скелет,skelet,A2,B1,медицинский/анатомический термин
880,ребро,qovurgʻa,A2,B1,медицинский/анатомический термин
881,череп,bosh suyagi,A2,B1,медицинский/анатомический термин
882,мышца,mushak,A2,B1,медицинский/анатомический термин
883,бицепс,bitseps,A2,B1,медицинский/анатомический термин
884,трицепс,tritseps,A2,B1,медицинский/анатомический термин
885,сухожилие,pay,A2,B2,медицинский/анатомический термин
886,сустав,boʻgʻim,A2,B1,медицинский/анатомический термин
887,лёгкие,oʻpka,A2,B1,медицинский/анатомический термин
888,половые органы,jinsiy aʼzolar,A2,B1,медицинский/анатомический термин
890,голова,bosh,A2,A1,базовая часть тела
891,лицо,yuz,A2,A1,базовая часть тела
892,нос,burun,A2,A1,базовая часть тела
893,рот,ogʻiz,A2,A1,базовая часть тела
894,глаз,koʻz,A2,A1,базовая часть тела
895,глаза,koʻzlar,A2,A1,базовая часть тела
896,зрачок,qorachiq,A2,B2,медицинский/анатомический термин
899,веко,koʻz qovogʻi,A2,B1,мелкая часть тела
901,зуб,tish,A2,A1,базовая часть тела
903,скулы,yonoqlar,A2,B1,мелкая часть тела
904,десна,milk,A2,B1,мелкая часть тела
905,нёбо,tanglay,A2,B2,медицинский/анатомический термин
906,ноздри,burun teshigi,A2,B1,мелкая часть тела
908,челюсть,jagʻ,A2,B1,мелкая часть тела
911,висок,chakka,A2,B1,мелкая часть тела
912,ухо,quloq,A2,A1,базовая часть тела
913,затылок,gardan,A2,B1,мелкая часть тела
916,волосы,sochlar,A2,A1,базовая часть тела
919,парик,yasama soch,A2,B1,менее частое слово
922,"носить (усы, бороду)",qoʻyish,A2,B1,узкое значение
924,бакенбарды,chekka soqol,A2,B2,редкое слово
928,лысина,sochi yoʻq joy,A2,B1,менее частое слово
929,хвост (причёска),dum,A2,B1,менее частое слово
930,чёлка,peshonagajak,A2,B1,менее частое слово
931,кисть,panja,A2,B1,мелкая часть тела
932,рука (вся),qoʻl,A2,A1,базовая часть тела
933,палец,barmoq,A2,A1,базовая часть тела
935,мизинец,jimjiloq,A2,B1,мелкая часть тела
937,кулак,musht,A2,B1,менее частое слово
938,ладонь,kaft,A2,B1,мелкая часть тела
939,запястье,bilak,A2,B1,мелкая часть тела
940,предплечье,bilak,A2,B2,медицинский/анатомический термин
941,локоть,tirsak,A2,B1,мелкая часть тела
943,нога (выше ступни),oyoq,A2,A1,базовая часть тела
944,ступня,tovon tagi,A2,B1,мелкая часть тела
946,икра,boldir,A2,B1,мелкая часть тела
947,бедро,son,A2,B1,мелкая часть тела
948,пятка,tovon,A2,B1,мелкая часть тела
953,бок,yonbosh,A2,B1,менее частое слово
955,поясница,bel,A2,B1,менее частое слово
956,талия,bel,A2,B1,менее частое слово
957,пупок,kindik,A2,B1,менее частое слово
958,ягодицы,dumbalar,A2,B1,менее частое слово
959,зад,orqa,A2,B1,менее частое слово
960,родинка,xol,A2,B1,менее частое слово
961,родимое пятно,qashqa xol,A2,B1,менее частое слово
963,шрам,chandiq,A2,B1,менее частое слово
964,верхняя одежда,ustki kiyim,A1,A2,обычная одежда — A2
965,зимняя одежда,qishki kiyim,A1,A2,обычная одежда — A2
966,пальто,palto,A1,A2,обычная одежда — A2
967,шуба,poʻstin,A1,A2,обычная одежда — A2
968,полушубок,kalta poʻstin,A1,A2,обычная одежда — A2
969,пуховик,puxovik,A1,A2,обычная одежда — A2
970,куртка (кожаная и т.п.),kurtka,A1,A2,обычная одежда — A2
971,плащ,plashch,A1,A2,обычная одежда — A2
972,непромокаемый,suv oʻtkazmaydigan,A1,B1,специфичная одежда
973,рубашка,koʻylak,A1,A2,обычная одежда — A2
974,брюки,shim,A1,A2,обычная одежда — A2
975,джинсы,jinsi,A1,A2,обычная одежда — A2
976,пиджак,pidjak,A1,A2,обычная одежда — A2
977,костюм (мужской),kostyum,A1,A2,обычная одежда — A2
978,платье,ayollar koʻylagi,A1,A2,обычная одежда — A2
979,юбка,yubka,A1,A2,обычная одежда — A2
980,блузка,bluzka,A1,A2,обычная одежда — A2
981,кофта (шерстяная),jun kofta,A1,A2,обычная одежда — A2
982,жакет,jaket,A1,A2,обычная одежда — A2
983,футболка,futbolka,A1,A2,обычная одежда — A2
984,шорты,shorti,A1,A2,обычная одежда — A2
985,спортивный костюм,sport kostyumi,A1,A2,обычная одежда — A2
986,халат (махровый),xalat,A1,A2,обычная одежда — A2
987,пижама,pijama,A1,A2,обычная одежда — A2
988,свитер,sviter,A1,A2,обычная одежда — A2
989,пуловер,pulover,A1,B1,специфичная одежда
990,жилет,jilet,A1,B1,специфичная одежда
991,фрак,frak,A1,B2,редкая парадная одежда
992,смокинг,smoking,A1,B2,редкая парадная одежда
993,форма (униформа),forma,A1,A2,обычная одежда — A2
994,рабочая одежда,jomakor,A1,B1,специфичная одежда
995,комбинезон,kombinezon,A1,B1,специфичная одежда
996,халат (врача),xalat,A1,A2,обычная одежда — A2
1002,гольфы (носки),golfi,A2,B1,редкий вид одежды
1004,чулки,paypoq,A2,B1,редкий вид одежды
1006,шапка,qalpoq,A1,A2,обычный головной убор
1007,шляпа,shlyapa,A1,A2,обычный головной убор
1008,бейсболка,beysbolka,A1,A2,обычный головной убор
1009,кепка,kepka,A1,A2,обычный головной убор
1010,берет,beret,A1,B1,специфичный головной убор
1011,капюшон,kapyushon,A1,B1,специфичный головной убор
1012,панамка,panamka,A1,B1,специфичный головной убор
1013,вязаная шапочка,toʻqilgan shapka,A1,B1,специфичный головной убор
1014,платок (головной),roʻmol,A1,A2,обычный головной убор
1015,шляпка (женская),qalpoqcha,A1,B1,специфичный головной убор
1016,каска,kaska,A1,B1,специфичный головной убор
1017,пилотка (воен.),pilotka,A1,B2,редкий головной убор
1018,шлем,shlem,A1,B1,специфичный головной убор
1019,котелок (шляпа),kotelok,A1,B2,редкий головной убор
1020,цилиндр,silindr,A1,B2,редкий головной убор
1021,обувь,poyafzal,A1,A2,обычная обувь — A2
1022,ботинки,botinka,A1,A2,обычная обувь — A2
1023,туфли,tufli,A1,A2,обычная обувь — A2
1024,сапоги,etik,A1,A2,обычная обувь — A2
1025,тапочки,shippak,A1,A2,обычная обувь — A2
1026,кроссовки,krossovka,A1,A2,обычная обувь — A2
1027,кеды,keda,A1,A2,обычная обувь — A2
1028,сандалии,sandal shippak,A1,A2,обычная обувь — A2
1029,сапожник,etikdoʻz,A1,B1,деталь/уход за обувью
1030,каблук,poshna,A1,B1,деталь/уход за обувью
1031,пара (обуви и т.п.),juft,A1,A2,обычная обувь — A2
1032,шнурок,chizimcha,A1,B1,деталь/уход за обувью
1033,шнуровать (ботинки),bogʻlash,A1,B1,деталь/уход за обувью
1034,рожок (для обуви),qoshiq,A1,B2,редкий бытовой предмет
1035,крем для обуви,poyafzal moyi,A1,B1,деталь/уход за обувью
1044,бархат,baxmal,B1,B2,специальное название ткани
1045,замша,zamsh,B1,B2,специальное название ткани
1046,вельвет,chiyduxoba,B1,B2,специальное название ткани
1049,полиэстер,poliester,B1,B2,специальное название ткани
1050,полиэстровый,poliesterdan,B1,B2,специальное название ткани
1059,оправа,gardish,A2,B1,менее частое слово
1061,трость,xassa,A2,B1,менее частое слово
1063,веер,elpigʻich,A2,B1,менее частое слово
1065,галстук-бабочка,galstuk-babochka,A2,B1,редкий аксессуар
1066,подтяжки,podtyajki,A2,B1,редкий аксессуар
1070,шпилька,soch toʻgʻnagʻichi,A2,B1,менее частое слово
1071,пряжка,kamar toʻqasi,A2,B1,менее частое слово
1079,модельер,modeler,A2,B1,редкая профессия
1084,вешалка (петля),ilgak,A2,B1,менее частое слово
1085,ширинка,yirmoch,A2,B1,менее частое слово
1087,застёжка,kiyim ilgagi,A2,B1,менее частое слово
1089,петля (для пуговицы),tugma ilgagi,A2,B1,менее частое слово
1090,оторваться (о пуговице),uzilmoq,A2,B1,узкое значение
1092,вышивать,kashta tikish,A2,B1,менее частое слово
1093,вышивка,kashta,A2,B1,менее частое слово
1096,шов (швейный),chok,A2,B1,менее частое слово
1099,помяться (об одежде),gʻijimlanish,A2,B1,менее частое слово
1101,моль,kuya,A2,B1,менее частое слово
1111,пилочка для ногтей,tirnoq egovi,A2,B1,менее частое слово
1112,щипчики для ногтей,tirnoq ombiri,A2,B1,менее частое слово
1113,пинцет,pintset,A2,B1,менее частое слово
1119,косметичка,kosmetichka,A2,B1,редкая косметика
1120,пудра,upa,A2,B1,редкая косметика
1121,пудреница,upadon,A2,B2,редкое слово
1122,румяна,qizil yogʻupa,A2,B1,редкая косметика
1124,туалетная вода,atir,A2,B1,редкая косметика
1125,лосьон,loson,A2,B1,редкая косметика
1126,одеколон,atir,A2,B1,редкая косметика
1127,тени для век,koʻz boʻyogʻi,A2,B1,редкая косметика
1128,карандаш для глаз,koʻz qalami,A2,B1,редкая косметика
1129,тушь для ресниц,kiprik boʻyogʻi,A2,B1,редкая косметика
1132,лак для волос,soch uchun lok,A2,B1,редкая косметика
1137,крем против морщин,ajinga qarshi krem,A2,B1,редкая косметика
1140,тампон,tampon,A2,B1,менее частое слово
1145,проба (клеймо),tamgʻa,B1,B2,редкий камень/термин
1146,кольцо,uzuk,B1,A2,частое украшение
1149,серьги,zirak,B1,A2,частое украшение
1154,изумруд,zumrad,B1,B2,редкий камень/термин
1155,рубин,yoqut,B1,B2,редкий камень/термин
1156,сапфир,zangori yoqut,B1,B2,редкий камень/термин
1158,янтарь,qahrabo,B1,B2,редкий камень/термин
1160,циферблат,siferblat,A2,B1,деталь часов
1161,стрелка (часов),soat strelkasi,A2,B1,деталь часов
1162,браслет (на часах),soat brasleti,A2,B1,деталь часов
1163,ремешок,tasmacha,A2,B1,деталь часов
1165,сесть (о батарейке),oʻtirib qolishi,A2,B1,узкое значение
1167,спешить (о часах),shoshmoq,A2,B1,узкое значение
1168,отставать,kechikmoq,A2,B1,узкое значение
1170,часы песочные,qum soati,A2,B1,менее частое слово
1171,часы солнечные,quyosh soati,A2,B2,редкое понятие
1173,часовщик,soatsoz,A2,B1,редкая профессия
1177,цыплёнок,joʻja,A1,A2,"продукт, не ядро"
1178,утка,oʻrdak,A1,A2,"продукт, не ядро"
1179,гусь,gʻoz,A1,A2,"продукт, не ядро"
1180,дичь,ilvasin,A1,B2,редкое слово
1181,индейка,kurka,A1,B1,менее частый продукт
1182,свинина,choʻchqa goʻshti,A1,A2,"продукт, не ядро"
1183,телятина,buzoq goʻshti,A1,A2,"продукт, не ядро"
1184,баранина,qoʻy goʻshti,A1,A2,"продукт, не ядро"
1185,говядина,mol goʻshti,A1,A2,"продукт, не ядро"
1186,кролик,quyon,A1,A2,"продукт, не ядро"
1187,колбаса,kolbasa,A1,A2,"продукт, не ядро"
1188,сосиска,sosiska,A1,A2,"продукт, не ядро"
1189,бекон,bekon,A1,B1,менее частый продукт
1190,ветчина,vetchina,A1,B1,менее частый продукт
1191,окорок,son goʻshti,A1,B1,менее частый продукт
1192,паштет,pashtet,A1,B1,менее частый продукт
1193,печень,jigar,A1,A2,"продукт, не ядро"
1194,сало,yogʻ,A1,B1,менее частый продукт
1195,фарш,qiyma,A1,A2,"продукт, не ядро"
1196,язык,til,A1,B1,менее частый продукт
1199,белок,tuxumni oqi,A1,B1,менее частый продукт
1200,желток,tuxumni sarigʻi,A1,B1,менее частый продукт
1202,морепродукты,dengiz mahsuloti,A1,A2,"продукт, не ядро"
1203,ракообразные,qisqichbaqasimonlar,A1,B2,редкий/специальный термин
1204,икра,uvildiriq,A1,B1,менее частый продукт
1205,краб,qisqichbaqa,A1,B1,конкретная рыба/морепродукт
1206,креветка,krevetka,A1,B1,конкретная рыба/морепродукт
1207,устрица,ustritsa,A1,B1,конкретная рыба/морепродукт
1208,лангуст,langust,A1,B2,редкий/специальный термин
1209,осьминог,sakkizoyoq,A1,B1,конкретная рыба/морепродукт
1210,кальмар,kalmar,A1,B1,конкретная рыба/морепродукт
1211,осетрина,osyotr goʻshti,A1,B1,конкретная рыба/морепродукт
1212,лосось,losos,A1,B1,конкретная рыба/морепродукт
1213,палтус,paltus,A1,B1,конкретная рыба/морепродукт
1214,треска,treska,A1,B1,конкретная рыба/морепродукт
1215,скумбрия,skumbriya,A1,B1,конкретная рыба/морепродукт
1216,тунец,tunets,A1,B1,конкретная рыба/морепродукт
1217,угорь,ilonbaliq,A1,B1,конкретная рыба/морепродукт
1218,форель,forel,A1,B1,конкретная рыба/морепродукт
1219,сардина,sardina,A1,B1,конкретная рыба/морепродукт
1220,щука,choʻrtanbaliq,A1,B1,конкретная рыба/морепродукт
1221,сельдь,seld,A1,B1,конкретная рыба/морепродукт
1227,макароны,makaron,A1,A2,"продукт, не ядро"
1228,лапша,ugra,A1,A2,"продукт, не ядро"
1229,сливочное масло,sariyogʻ,A1,A2,"продукт, не ядро"
1230,масло растительное,oʻsimlik yogʻi,A1,A2,"продукт, не ядро"
1231,подсолнечное масло,kungaboqar yogʻi,A1,B1,менее частый продукт
1232,маргарин,margarin,A1,B1,менее частый продукт
1233,оливки,zaytun,A1,A2,"продукт, не ядро"
1234,масло оливковое,zaytun yogʻi,A1,B1,менее частый продукт
1236,сгущённое молоко,quyiltirilgan sut,A1,B1,менее частый продукт
1237,йогурт,yogurt,A1,A2,"продукт, не ядро"
1238,сметана,smetana,A1,A2,"продукт, не ядро"
1239,сливки,qaymoq,A1,A2,"продукт, не ядро"
1240,майонез,mayonez,A1,A2,"продукт, не ядро"
1241,крем,krem,A1,B1,менее частый продукт
1242,крупа,yorma,A1,B1,менее частый продукт
1243,мука,un,A1,A2,"продукт, не ядро"
1244,консервы,konserva,A1,A2,"продукт, не ядро"
1245,кукурузные хлопья,makkajoʻxori bodroq,A1,B1,менее частый продукт
1246,мёд,asal,A1,A2,"продукт, не ядро"
1247,"джем, конфитюр",jem,A1,A2,"продукт, не ядро"
1248,жевательная резинка,chaynaladigan rezinka,A1,B1,менее частый продукт
1250,питьевая вода,ichimlik suv,A1,A2,"напиток/признак, не ядро"
1251,минеральная вода,mineral suv,A1,A2,"напиток/признак, не ядро"
1252,без газа,gazsiz,A1,A2,"напиток/признак, не ядро"
1253,газированный,gazlangan,A1,B1,менее частое понятие
1254,с газом,gazli,A1,A2,"напиток/признак, не ядро"
1255,лёд,muz,A1,A2,"напиток/признак, не ядро"
1256,со льдом,muzli,A1,A2,"напиток/признак, не ядро"
1257,безалкогольный,alkogolsiz,A1,A2,"напиток/признак, не ядро"
1258,безалкогольный напиток,alkogolsiz ichimlik,A1,B1,менее частое понятие
1259,прохладительный напиток,salqin ichimlik,A1,B1,менее частое понятие
1260,лимонад,limonad,A1,A2,"напиток/признак, не ядро"
1261,алкогольные напитки,spirtli ichimliklar,A1,B1,менее частое понятие
1262,вино,vino,A1,A2,"напиток/признак, не ядро"
1263,белое вино,oq vino,A1,A2,"напиток/признак, не ядро"
1264,красное вино,qizil vino,A1,A2,"напиток/признак, не ядро"
1265,ликёр,likyor,A1,B1,спиртное по видам
1266,шампанское,shampan vinosi,A1,B1,спиртное по видам
1267,вермут,vermut,A1,B1,спиртное по видам
1268,виски,viski,A1,B1,спиртное по видам
1269,водка,aroq,A1,B1,спиртное по видам
1270,джин,djin,A1,B1,спиртное по видам
1271,коньяк,konyak,A1,B1,спиртное по видам
1272,ром,rom,A1,B1,спиртное по видам
1274,чёрный кофе,qora kofe,A1,A2,"напиток/признак, не ядро"
1275,кофе с молоком,sutli kofe,A1,A2,"напиток/признак, не ядро"
1276,капучино,qaymoqli kofe,A1,A2,"напиток/признак, не ядро"
1277,растворимый кофе,eriydigan kofe,A1,B1,менее частое понятие
1279,коктейль,kokteyl,A1,A2,"напиток/признак, не ядро"
1280,молочный коктейль,sutli kokteyl,A1,A2,"напиток/признак, не ядро"
1282,томатный сок,tomat sharbati,A1,A2,"напиток/признак, не ядро"
1283,апельсиновый сок,apelsin sharbati,A1,A2,"напиток/признак, не ядро"
1284,свежевыжатый сок,yangi siqilgan sharbat,A1,B1,менее частое понятие
1285,пиво,pivo,A1,A2,"напиток/признак, не ядро"
1286,светлое пиво,och rang pivo,A1,B1,менее частое понятие
1287,тёмное пиво,toʻq rang pivo,A1,B1,менее частое понятие
1292,зелень,koʻkat,A1,A2,обычный овощ — A2
1298,чеснок,sarimsoq,A1,A2,обычный овощ — A2
1299,капуста,karam,A1,A2,обычный овощ — A2
1300,цветная капуста,gulkaram,A1,B1,конкретный нечастый овощ
1301,брюссельская капуста,bryussel karami,A1,B2,редкий овощ
1302,капуста брокколи,brokkoli karami,A1,B1,конкретный нечастый овощ
1303,свёкла,lavlagi,A1,B1,конкретный нечастый овощ
1304,баклажан,baqlajon,A1,A2,обычный овощ — A2
1305,кабачок,qovoqcha,A1,B1,конкретный нечастый овощ
1306,тыква,oshqovoq,A1,A2,обычный овощ — A2
1307,репа,sholgʻom,A1,B1,конкретный нечастый овощ
1308,петрушка,petrushka,A1,B1,конкретный нечастый овощ
1309,укроп,ukrop,A1,B1,конкретный нечастый овощ
1310,салат (латук),salat,A1,A2,обычный овощ — A2
1311,сельдерей,selderey,A1,B1,конкретный нечастый овощ
1312,спаржа,sarsabil,A1,B2,редкий овощ
1313,шпинат,ismaloq,A1,B1,конкретный нечастый овощ
1314,горох,noʻxat,A1,A2,обычный овощ — A2
1315,бобы,dukkakli oʻsimliklar,A1,B1,нечастое понятие
1316,кукуруза,makkajoʻxori,A1,A2,обычный овощ — A2
1317,фасоль,loviya,A1,A2,обычный овощ — A2
1318,перец,qalampir,A1,A2,обычный овощ — A2
1319,редис,rediska,A1,B1,конкретный нечастый овощ
1320,артишок,artishok,A1,B2,редкий овощ
1323,груша,nok,A1,A2,обычный фрукт/орех — A2
1324,лимон,limon,A1,A2,обычный фрукт/орех — A2
1325,апельсин,apelsin,A1,A2,обычный фрукт/орех — A2
1326,клубника,qulupnay,A1,A2,обычный фрукт/орех — A2
1327,мандарин,mandarin,A1,A2,обычный фрукт/орех — A2
1328,слива,olxoʻri,A1,A2,обычный фрукт/орех — A2
1329,персик,shaftoli,A1,A2,обычный фрукт/орех — A2
1330,абрикос,oʻrik,A1,A2,обычный фрукт/орех — A2
1331,малина,malina,A1,B1,нечастый фрукт/орех
1332,ананас,ananas,A1,A2,обычный фрукт/орех — A2
1333,банан,banan,A1,A2,обычный фрукт/орех — A2
1336,вишня,olcha,A1,A2,обычный фрукт/орех — A2
1337,черешня,gilos,A1,A2,обычный фрукт/орех — A2
1339,грейпфрут,greypfrut,A1,B1,нечастый фрукт/орех
1340,авокадо,avokado,A1,B1,нечастый фрукт/орех
1341,папайя,papayya,A1,B2,редкий фрукт/ягода
1342,манго,mango,A1,B1,нечастый фрукт/орех
1343,гранат,anor,A1,A2,обычный фрукт/орех — A2
1344,красная смородина,qizil smorodina,A1,B2,редкий фрукт/ягода
1345,чёрная смородина,qora smorodina,A1,B2,редкий фрукт/ягода
1346,крыжовник,krijovnik,A1,B2,редкий фрукт/ягода
1347,черника,chernika,A1,B1,нечастый фрукт/орех
1348,ежевика,maymunjon,A1,B1,нечастый фрукт/орех
1349,изюм,mayiz,A1,A2,обычный фрукт/орех — A2
1350,инжир,anjir,A1,A2,обычный фрукт/орех — A2
1351,финик,xurmo,A1,B1,нечастый фрукт/орех
1352,арахис,eryongʻoq,A1,A2,обычный фрукт/орех — A2
1353,миндаль,bodom,A1,A2,обычный фрукт/орех — A2
1354,орех (грецкий),yongʻoq,A1,A2,обычный фрукт/орех — A2
1355,орех (лесной),oʻrmon yongʻogʻi,A1,B1,нечастый фрукт/орех
1356,орех кокосовый,kokos yongʻogʻi,A1,B1,нечастый фрукт/орех
1357,фисташки,pista,A1,A2,обычный фрукт/орех — A2
1358,кондитерские изделия,qandolat mahsulotlari,A1,B1,нечастое кондитерское понятие
1360,печенье,pechene,A1,A2,сладости — A2
1361,шоколад,shokolad,A1,A2,сладости — A2
1362,шоколадный,shokoladli,A1,A2,сладости — A2
1363,конфета,konfet,A1,A2,сладости — A2
1364,пирожное,pirojnoe,A1,A2,сладости — A2
1365,торт,tort,A1,A2,сладости — A2
1366,пирог,pirog,A1,A2,сладости — A2
1367,начинка,nachinka,A1,B1,нечастое кондитерское понятие
1368,варенье,murabbo,A1,A2,сладости — A2
1369,мармелад,marmelad,A1,B1,нечастое кондитерское понятие
1370,вафли,vafli,A1,B1,нечастое кондитерское понятие
1371,мороженое,muzqaymoq,A1,A2,сладости — A2
1372,пудинг,puding,A1,B1,нечастое кондитерское понятие
1378,суп,shoʻrva,A2,A1,основная еда
1379,бульон,quruq qaynatma shoʻrva,A2,B1,менее частое слово
1384,бифштекс,bifshteks,A2,B1,менее частое слово
1393,копчёный,dudlangan,A2,B1,менее частое слово
1397,маринованный,marinadlangan,A2,B1,менее частое слово
1398,"сладкий (о чае, кофе)",shirin,A2,A1,базовое прилагательное
1401,горячий,issiq,A2,A1,базовое прилагательное
1403,вкусный,mazali,A2,A1,базовое прилагательное
1409,перчить,murch sepmoq,A2,B1,менее частое слово
1410,тереть (на тёрке),qirgʻichlamoq,A2,B1,менее частое слово
1411,кожура,poʻst,A2,B1,менее частое слово
1418,горчица,gorchitsa,A2,B1,конкретная редкая специя
1419,хрен,xren,A2,B1,конкретная редкая специя
1421,пряность,ziravor,A2,B1,менее частое слово
1424,анис,anis,A2,B2,редкая специя
1425,базилик,rayhon,A2,B1,конкретная редкая специя
1426,гвоздика,qalampirmunchoq,A2,B1,конкретная редкая специя
1427,имбирь,zanjabil,A2,B1,конкретная редкая специя
1429,корица,dolchin,A2,B1,конкретная редкая специя
1430,кунжут,kunjut,A2,B1,конкретная редкая специя
1431,лавровый лист,lavr yaprogʻi,A2,B1,конкретная редкая специя
1432,паприка,garmdori,A2,B1,конкретная редкая специя
1434,шафран,zaʼfaron,A2,B1,конкретная редкая специя
1435,еда,taom,A2,A1,основная еда
1436,"есть, кушать",emoq,A2,A1,ядерный глагол
1437,завтрак,nonushta,A2,A1,основная еда
1439,обед,tushlik,A2,A1,основная еда
1441,ужин,kechki ovqat,A2,A1,основная еда
1445,открывать (банку и т.п.),ochmoq,A2,A1,ядерный глагол
1447,пролиться,toʻkilmoq,A2,B1,менее частое слово
1452,охлаждаться,sovutilmoq,A2,B1,менее частое слово
1454,привкус,qo,A2,B1,менее частое слово
1458,калория,kaloriya,A2,B1,менее частое слово
1461,жиры,yogʻlar,A2,B1,научный термин
1462,белки,oqsillar,A2,B1,научный термин
1463,углеводы,uglevodlar,A2,B1,научный термин
1466,крошка (хлеба и т.п.),urvoq,A2,B1,менее частое слово
1467,ложка,qoshiq,A2,A1,базовая посуда
1468,нож,pichoq,A2,A1,базовая посуда
1469,вилка,sanchqi,A2,A1,базовая посуда
1471,тарелка,tarelka,A2,A1,базовая посуда
1474,зубочистка,tish kavlagich,A2,B1,менее частое слово
1475,ресторан,restoran,A2,A1,основное место в городе
1478,чайный салон,choy saloni,A2,B1,менее частое слово
1482,меню,taomnoma,A2,A1,базовое слово выживания
1483,карта вин,vinolar roʻyxati,A2,B1,менее частое слово
1488,аперитив,aperitiv,A2,B2,редкое слово
1498,место рождения,tugʻilgan joyi,A1,A2,"анкетное слово, не ядро"
1499,национальность,millati,A1,A2,"анкетное слово, не ядро"
1500,место жительства,turar joyi,A1,A2,"анкетное слово, не ядро"
1503,пол (муж. или жен.),jins,A1,A2,"анкетное слово, не ядро"
1504,рост,boʻyi,A1,A2,"анкетное слово, не ядро"
1505,вес,vazni,A1,A2,"анкетное слово, не ядро"
1510,младшая дочь,kichik qiz,A1,A2,расширенная семья
1511,младший сын,kichik oʻgʻil,A1,A2,расширенная семья
1512,старшая дочь,katta qizi,A1,A2,расширенная семья
1513,старший сын,katta oʻgʻli,A1,A2,расширенная семья
1520,двоюродный брат,"amakivachcha, xolavachcha",A1,A2,расширенная семья
1521,двоюродная сестра,xolavachcha,A1,A2,расширенная семья
1529,внук,nevara,A1,A2,расширенная семья
1530,внучка,nabira,A1,A2,расширенная семья
1531,внуки,nevaralar,A1,A2,расширенная семья
1532,дядя,amaki,A1,A2,расширенная семья
1533,тётя,xola,A1,A2,расширенная семья
1534,племянник,jiyan,A1,A2,расширенная семья
1535,племянница,jiyan,A1,A2,расширенная семья
1536,тёща,qaynona,A1,A2,расширенная семья
1537,свёкор,qaynota,A1,A2,расширенная семья
1538,зять,kuyov,A1,A2,расширенная семья
1539,мачеха,oʻgay ona,A1,B1,нечастое родство
1540,отчим,oʻgay ota,A1,B1,нечастое родство
1541,грудной ребёнок,chaqaloq,A1,A2,расширенная семья
1542,младенец,chaqaloq,A1,A2,"семейная лексика, не ядро"
1543,малыш,kichkintoy,A1,A2,"семейная лексика, не ядро"
1546,супруг,rafiq,A1,B1,нечастое/книжное понятие
1547,супруга,rafiqa,A1,B1,нечастое/книжное понятие
1548,женатый,uylangan,A1,A2,"семейная лексика, не ядро"
1549,замужняя,turmushga chiqqan,A1,A2,"семейная лексика, не ядро"
1550,холостой (прил.),boʻydoq,A1,A2,"семейная лексика, не ядро"
1551,холостяк,boʻydoq,A1,A2,"семейная лексика, не ядро"
1552,разведённый,ajrashgan,A1,B1,нечастое/книжное понятие
1553,вдова,beva,A1,B1,нечастое/книжное понятие
1554,вдовец,beva,A1,B1,нечастое/книжное понятие
1555,родственник,qarindosh,A1,A2,"семейная лексика, не ядро"
1556,близкий родственник,yaqin qarindosh,A1,A2,"семейная лексика, не ядро"
1557,дальний родственник,uzoq qarindosh,A1,A2,"семейная лексика, не ядро"
1558,родные (родственники),qarindoshlar,A1,A2,"семейная лексика, не ядро"
1559,сирота,etim,A1,B1,нечастое/книжное понятие
1560,опекун,vasiy,A1,B2,юридический термин
1561,усыновить,oʻgʻil qilib olish,A1,B1,нечастое/книжное понятие
1562,удочерить,qiz qilib olish,A1,B1,нечастое/книжное понятие
1563,друг,doʻst,A2,A1,базовое слово
1564,подруга,dugona,A2,A1,базовое слово
1569,партнёр,hamkor,A2,B1,работа и офис
1572,подчинённый (сущ.),boʻysunuvchi,A2,B1,работа и офис
1575,попутчик,yoʻlovchi,A2,B1,менее частое слово
1581,девушка,qiz,A2,A1,базовое слово
1585,стройная,xushbichim,A2,B1,менее частое слово
1586,невысокого роста,pakana,A2,B1,менее частое слово
1589,дамский,ayollarga xos,A2,B1,менее частое слово
1590,девственница,maʼsuma,A2,B2,редкое слово
1597,грубый,qoʻpol,A2,B1,менее частое слово
1598,коренастый,chorpaxil,A2,B2,редкое слово
1603,смуглый,qoracha,A2,B1,менее частое слово
1604,стройный,xushbichim,A2,B1,менее частое слово
1605,элегантный,bashang,A2,B1,менее частое слово
1606,возраст,yoshi,A1,A2,"возрастная лексика, не ядро"
1607,юность,yoshlik,A1,B1,нечастое понятие
1609,младше,yoshroq,A1,A2,"возрастная лексика, не ядро"
1610,старше,kattaroq,A1,A2,"возрастная лексика, не ядро"
1611,юноша,yosh yigit,A1,A2,"возрастная лексика, не ядро"
1613,парень,yigit,A1,A2,"возрастная лексика, не ядро"
1616,взрослый,katta yoshli,A1,A2,"возрастная лексика, не ядро"
1617,средних лет,oʻrta yoshli,A1,B1,нечастое понятие
1618,пожилой,keksaygan,A1,A2,"возрастная лексика, не ядро"
1620,уйти на пенсию,nafaqaga chiqish,A1,B1,нечастое понятие
1621,пенсионер,nafaqaxoʻr,A1,B1,нечастое понятие
1624,близнецы,egizaklar,A1,A2,"детская лексика, не ядро"
1625,"люлька, колыбель",beshik,A1,B1,специфичная детская лексика
1626,погремушка,shiqildoq,A1,B2,редкое слово
1627,подгузник,taglik,A1,B1,специфичная детская лексика
1628,соска,soʻrgich,A1,B1,специфичная детская лексика
1629,коляска (детская),aravacha,A1,B1,специфичная детская лексика
1630,детский сад,bolalar bogʻchasi,A1,A2,"детская лексика, не ядро"
1631,няня,enaga,A1,B1,специфичная детская лексика
1632,детство,bolalik,A1,A2,"детская лексика, не ядро"
1633,кукла,qoʻgʻirchoq,A1,A2,"детская лексика, не ядро"
1634,игрушка,oʻyinchoq,A1,A2,"детская лексика, не ядро"
1635,конструктор (игра),konstruktor,A1,B1,специфичная детская лексика
1636,воспитанный,tarbiyali,A1,B1,специфичная детская лексика
1637,невоспитанный,tarbiyasiz,A1,B1,специфичная детская лексика
1638,избалованный,erka,A1,B1,специфичная детская лексика
1639,шалить,shoʻxlik qilmoq,A1,B1,специфичная детская лексика
1640,шаловливый,shoʻx,A1,A2,"детская лексика, не ядро"
1641,шалость (поведение),shoʻxlik,A1,B1,специфичная детская лексика
1642,шалун,shumtaka,A1,B2,редкое слово
1643,послушный,itoatkor,A1,B1,специфичная детская лексика
1644,непослушный,itoatsiz,A1,B1,специфичная детская лексика
1645,умный (послушный),aqlli,A1,A2,"детская лексика, не ядро"
1646,умный (одаренный),aqlli,A1,A2,"детская лексика, не ядро"
1647,вундеркинд,vunderkind,A1,B2,редкое слово
1652,брак (семейная жизнь),nikoh,A2,B1,формальное понятие
1653,домашний очаг,oʻz uyi,A2,B2,книжное выражение
1654,династия,sulola,A2,B2,книжное слово
1660,нежность,mehribonlik,A2,B1,абстрактное понятие
1661,нежный,muloyim,A2,B1,менее частое слово
1662,верность,sadoqat,A2,B1,абстрактное понятие
1663,верный,sadoqatli,A2,B1,менее частое слово
1664,забота (о человеке),gʻamxoʻrlik,A2,B1,абстрактное понятие
1665,заботливый,gʻamxoʻr,A2,B1,менее частое слово
1666,молодожёны,yosh kelin-kuyov,A2,B1,менее частое слово
1667,медовый месяц,asal oyi,A2,B1,менее частое слово
1671,золотая свадьба,oltin toʻy,A2,B1,менее частое слово
1673,любовник,jazman,A2,B1,менее частое слово
1674,любовница,jazman,A2,B1,менее частое слово
1675,измена,xiyonat,A2,B1,менее частое слово
1676,изменить,xiyonat qilmoq,A2,B1,менее частое слово
1677,ревнивый,rashkchi,A2,B1,менее частое слово
1678,ревновать,rashk qilmoq,A2,B1,менее частое слово
1679,развод,ajralish,A2,B1,юридическое понятие
1680,развестись,ajralishmoq,A2,B1,менее частое слово
1682,мириться,yarashmoq,A2,B1,менее частое слово
1684,секс,seks,A2,B1,менее частое слово
1687,несчастье,baxtsizlik,A2,B1,абстрактное понятие
1688,несчастный,baxtsiz,A2,B1,менее частое слово
1694,жажда,chanqov,A2,B1,менее частое слово
1696,сонливость,uyquchilik,A2,B1,менее частое слово
1704,уединение,yolgʻizlik,A2,B1,абстрактное понятие
1705,уединиться,yolgʻiz boʻlmoq,A2,B1,менее частое слово
1708,беспокойство,bezovtalik,A2,B1,абстрактное понятие
1709,тревога,xavotirlik,A2,B1,абстрактное понятие
1710,озабоченный,tashvishlangan,A2,B1,менее частое слово
1712,паниковать,vahimaga tushmoq,A2,B1,менее частое слово
1715,уверенность,dadillik,A2,B1,абстрактное понятие
1717,неуверенность,dadilsizlik,A2,B1,абстрактное понятие
1718,неуверенный,dadil emas,A2,B1,менее частое слово
1720,трезвый,xushyor,A2,B1,менее частое слово
1724,бешенство,quturish,A2,B1,менее частое слово
1725,ярость,qattiq gʻazab,A2,B1,менее частое слово
1726,депрессия,ruhiy siqilish,A2,B1,медицинский термин
1727,дискомфорт,diskomfort,A2,B1,абстрактное понятие
1730,сожаление,afsus,A2,B1,абстрактное понятие
1731,невезение,omadsizlik,A2,B1,абстрактное понятие
1732,огорчение,xafalik,A2,B1,абстрактное понятие
1733,стыд,uyat,A2,B1,абстрактное понятие
1735,энтузиазм,tashabbus,A2,B1,абстрактное понятие
1736,энтузиаст,tashabbuskor,A2,B1,менее частое слово
1737,проявить энтузиазм,tashabbus koʻrsatmoq,A2,B1,выражение из 3 слов
1738,характер,feʼl-atvor,B1,A2,частая черта характера
1740,ум,aql,B1,A2,частая черта характера
1741,разум,idrok,B1,B2,книжная лексика
1743,привычка,odat,B1,A2,частая черта характера
1753,ленивый,dangasa,B1,A2,частая черта характера
1763,смелый,jasur,B1,A2,частая черта характера
1765,честный,rostgoʻy,B1,A2,частая черта характера
1767,осторожный,ehtiyotkor,B1,A2,частая черта характера
1768,отважный,dovyurak,B1,B2,книжная лексика
1769,серьёзный,jiddiy,B1,A2,частая черта характера
1770,строгий,qattiqqoʻl,B1,A2,частая черта характера
1772,нерешительный,qatʼiyatsiz,B1,B2,книжная лексика
1774,робость,tortinchoqlik,B1,B2,книжная лексика
1786,смешной (забавный),kulgili,B1,A2,частая черта характера
1792,неприятный,yoqimsiz,B1,A2,частая черта характера
1797,спать,uxlamoq,B1,A1,базовая лексика сна
1798,сон (состояние),uyqu,B1,A2,частая бытовая лексика
1799,сон (сновидения),tush,B1,A2,частая бытовая лексика
1800,видеть сны,tush koʻrmoq,B1,A2,частая бытовая лексика
1803,матрас,toʻshak,B1,A2,частая бытовая лексика
1813,идти спать,uxlashga ketmoq,B1,A1,базовая лексика сна
1815,заснуть,uyquga ketmoq,B1,A2,частая бытовая лексика
1820,разбудить,uygʻotmoq,B1,A2,частая бытовая лексика
1821,просыпаться,uygʻonmoq,B1,A1,базовая лексика сна
1822,подниматься (утром),toʻshakdan turmoq,B1,A2,частая бытовая лексика
1823,умываться,yuvinmoq,B1,A2,частая бытовая лексика
1842,общение,muloqot,A2,B1,абстрактное понятие
1846,дискуссия,munozara,A2,B1,менее частое слово
1847,спор (дебаты),bahslashuv,A2,B1,менее частое слово
1849,собеседник,hamsuhbat,A2,B1,менее частое слово
1851,точка зрения,nuqtai nazar,A2,B1,абстрактное понятие
1853,речь (выступление),nutq,A2,B1,менее частое слово
1854,обсуждение,muhokama,A2,B1,абстрактное понятие
1860,пословица,maqol,A2,B1,менее частое слово
1861,поговорка,matal,A2,B1,менее частое слово
1863,загадывать загадку,topishmoq aytmoq,A2,B1,менее частое слово
1866,клятва,qasam,A2,B1,менее частое слово
1867,клясться,qasam ichmoq,A2,B1,менее частое слово
1872,слушаться (совета),quloq solmoq,A2,B1,менее частое слово
1874,сенсация,shov-shuv,A2,B1,менее частое слово
1875,сведения,maʼlumot,A2,B1,формальное слово
1876,вывод (заключение),xulosa,A2,B1,абстрактное понятие
1878,комплимент,xushomad,A2,B1,менее частое слово
1879,любезный,iltifot,A2,B1,менее частое слово
1880,слово,soʻz,A2,A1,базовое слово
1885,мысль,tafakkur,A2,B1,абстрактное понятие
1887,фантазия (выдумка),xomxayol,A2,B1,абстрактное понятие
1888,уважаемый,hurmatli,B1,A2,частое слово общения
1889,уважать,hurmat qilmoq,B1,A2,частое слово общения
1890,уважение,hurmat,B1,A2,частое слово общения
1892,познакомить,tanishtirmoq,B1,A2,частое слово общения
1900,дать,bermoq,B1,A1,базовый частый глагол
1901,взять,olmoq,B1,A1,базовый частый глагол
1902,вернуть,qaytarmoq,B1,A2,частое слово общения
1903,отдать (вернуть),qaytarmoq,B1,A2,частое слово общения
1905,извинение,uzr,B1,A2,частое слово общения
1907,разговаривать,gaplashmoq,B1,A1,базовый частый глагол
1908,слушать,eshitmoq,B1,A1,базовый частый глагол
1910,понять,tushunmoq,B1,A1,базовый частый глагол
1911,показать,koʻrsatmoq,B1,A1,базовый частый глагол
1912,позвать,chaqirmoq,B1,A2,частое слово общения
1913,мешать (беспокоить),xalaqit bermoq,B1,A2,частое слово общения
1915,просьба,iltimos,B1,A2,частое слово общения
1919,дразнить (обзывать),tegajaklik qilmoq,B1,B2,книжная/редкая лексика
1925,подразумевать,nazarda tutmoq,B1,B2,книжная/редкая лексика
1951,неподвижный (взгляд),oʻlik nigoh,B1,B2,книжная лексика
1957,вздрагивать,seskanmoq,B1,B2,книжная лексика
1962,Осторожно!,Ehtiyot boʻling!,B1,A1,базовая фраза
1963,Неужели?,Nahotki?,B1,A2,частая разговорная фраза
1964,Ты уверен?,Ishonching komilmi?,B1,A2,частая разговорная фраза
1966,Ясно! (понятно),Tushunarli!,B1,A1,базовая фраза
1967,Жаль!,Afsus!,B1,A2,частая разговорная фраза
1968,согласие,rozilik,A2,B1,абстрактное понятие
1970,одобрение,maʼqullash,A2,B1,абстрактное понятие
1971,одобрить,maʼqullamoq,A2,B1,менее частое слово
1972,отказ,rad qilish,A2,B1,абстрактное понятие
1974,Отлично!,Aʼlo!,A2,A1,частая короткая фраза
1975,Хорошо! (согласен),Yaxshi!,A2,A1,частая короткая фраза
1976,Ладно! (согласен),Mayli!,A2,A1,частая короткая фраза
1981,отклонить (просьбу),rad etmoq,A2,B1,формальный глагол
1982,поддержать (предложение),quvvatlamoq,A2,B1,менее частое слово
1984,подтвердить,tasdiqlamoq,A2,B1,формальный глагол
1985,подтверждение,tasdiq,A2,B1,формальное слово
1989,промолчать,indamay turmoq,A2,B1,менее частое слово
1990,условие,shart,A2,B1,абстрактное понятие
1991,отговорка,bahona,A2,B1,менее частое слово
1992,похвала,maqtov,A2,B1,абстрактное понятие
2000,удачливый (человек),omadi bor,A2,B1,менее частое слово
2001,неудача (провал),muvaffaqiyatsizlik,A2,B1,абстрактное понятие
2002,неудача (невезение),omadsizlik,A2,B1,абстрактное понятие
2004,неудачный (попытка),omadsiz,A2,B1,менее частое слово
2005,катастрофа (перен.),halokat,A2,B1,переносное значение
2006,гордость,gʻurur,A2,B1,абстрактное понятие
2036,просить прощения,kechirim soʻramoq,B1,A2,частая эмоциональная лексика
2043,отплатить (отомстить),alamini olmoq,B1,B2,книжная лексика
2044,презрение,jirkanish,B1,B2,книжная лексика
2045,презирать,jirkanmoq,B1,B2,книжная лексика
2048,нервный,asabiy,B1,A2,частая эмоциональная лексика
2050,сердитый,badjahl,B1,A2,частая эмоциональная лексика
2053,унижение,tahqirlanish,B1,B2,книжная лексика
2054,унижать,tahqirlamoq,B1,B2,книжная лексика
2055,унижаться,oʻzini xoʻrlamoq,B1,B2,книжная лексика
2060,страх,qoʻrquv,B1,A2,частая эмоциональная лексика
2062,страшный (рассказ),qoʻrqinchli,B1,A2,частая эмоциональная лексика
2064,ужасный,dahshatli,B1,A2,частая эмоциональная лексика
2067,заплакать,yigʻlab yubormoq,B1,A2,частая эмоциональная лексика
2071,позор,isnod,B1,B2,книжная лексика
2075,злиться,achchiqlanmoq,B1,A2,частая эмоциональная лексика
2076,злой (сердитый),jahldor,B1,A2,частая эмоциональная лексика
2079,ударить,urmoq,B1,A2,частая эмоциональная лексика
2081,урегулировать (конфликт),kelishtirmoq,B1,B2,книжная лексика
2083,яростный (взгляд),gʻazabli,B1,B2,книжная лексика
2084,Это нехорошо!,Bu yaxshi emas!,B1,A2,частая эмоциональная лексика
2085,Это плохо!,Bu yomon!,B1,A1,базовая фраза
2086,болезнь,kasallik,B1,A2,частая медицинская лексика
2087,болеть (быть больным),kasal boʻlmoq,B1,A2,частая медицинская лексика
2088,здоровье,salomatlik,B1,A2,частая медицинская лексика
2089,насморк,tumov,B1,A2,частая медицинская лексика
2095,грипп,gripp,B1,A2,частая медицинская лексика
2098,косоглазие,gʻilaylik,B1,B2,специальный медицинский термин
2099,косоглазый,gʻilay,B1,B2,специальный медицинский термин
2100,катаракта,katarakta,B1,B2,специальный медицинский термин
2101,глаукома,glaukoma,B1,B2,специальный медицинский термин
2104,инфаркт миокарда,mioakard infarkti,B1,B2,специальный медицинский термин
2105,паралич,falajlik,B1,B2,специальный медицинский термин
2106,парализовать,falajlamoq,B1,B2,специальный медицинский термин
2110,зубная боль,tish ogʻrigʻi,B1,A2,частая медицинская лексика
2117,артрит,artrit,B1,B2,специальный медицинский термин
2118,рахит,raxit,B1,B2,специальный медицинский термин
2119,ревматизм,bod,B1,B2,специальный медицинский термин
2120,атеросклероз,ateroskleroz,B1,B2,специальный медицинский термин
2123,холецистит,xoletsistit,B1,B2,специальный медицинский термин
2126,краснуха,qizilcha,B1,B2,специальный медицинский термин
2129,шизофрения,shizofreniya,B1,B2,специальный медицинский термин
2131,невроз,nevroz,B1,B2,специальный медицинский термин
2134,склероз,skleroz,B1,B2,специальный медицинский термин
2135,рассеянный склероз,parishonxotir skleroz,B1,B2,специальный медицинский термин
2138,сифилис,sifilis,B1,B2,специальный медицинский термин
2142,малярия,bezgak,B1,B2,специальный медицинский термин
2143,гангрена,qorason,B1,B2,специальный медицинский термин
2145,эпилепсия,tutqanoq,B1,B2,специальный медицинский термин
2147,тиф,terlama,B1,B2,специальный медицинский термин
2149,холера,vabo,B1,B2,специальный медицинский термин
2150,чума,oʻlat,B1,B2,специальный медицинский термин
2151,симптом,simptom,A2,B1,медицинский термин
2154,пульс,puls,A2,B1,медицинский термин
2155,головокружение,bosh aylanishi,A2,B1,болезни и лечение
2157,озноб,qaltiroq,A2,B1,болезни и лечение
2162,обморок,behushlik,A2,B1,болезни и лечение
2163,упасть в обморок,hushidan ketib qolmoq,A2,B1,болезни и лечение
2164,синяк,moʻmataloq,A2,B1,менее частое слово
2165,шишка,gʻurra,A2,B1,частная травма
2167,ушиб,urilgan joy,A2,B1,частная травма
2168,ушибиться,urib olmoq,A2,B1,частная травма
2169,хромать,choʻloqlanish,A2,B1,частный симптом
2170,вывих,chiqiq,A2,B1,частная травма
2171,вывихнуть,chiqarmoq,A2,B1,частная травма
2173,получить перелом,sindirib olmoq,A2,B1,описательная медицинская фраза
2176,кровотечение,qon ketish,A2,B1,медицинский термин
2179,уколоть (поранить),sanchmoq,A2,B1,менее частый глагол
2180,уколоться,sanchib olmoq,A2,B1,менее частый глагол
2181,повредить (поранить),yaralamoq,A2,B1,менее частый глагол
2185,бредить (мед.),alahlamoq,A2,B2,редкий медицинский глагол
2186,заикаться,duduqlanmoq,A2,B2,редкий специфический глагол
2187,солнечный удар,quyosh urishi,A2,B1,медицинское понятие
2188,боль,ogʻriq,B1,A2,частая медицинская лексика
2205,калека,majruh,B1,B2,специальная/книжная лексика
2214,ген,gen,B1,B2,специальная/книжная лексика
2216,наследственный,irsiy,B1,B2,специальная/книжная лексика
2217,врождённый,tugʻma,B1,B2,специальная/книжная лексика
2227,лечиться,davolanmoq,B1,A2,частая медицинская лексика
2236,укол (мед.),ukol,B1,A2,частая медицинская лексика
2238,ампутация,kesib tashlash,B1,B2,специальная/книжная лексика
2239,ампутировать,kesib tashlamoq,B1,B2,специальная/книжная лексика
2242,реанимация,reanimatsiya,B1,B2,специальная/книжная лексика
2250,гипноз,gipnoz,B1,B2,специальная/книжная лексика
2251,гипнотизировать,gipnoz qilmoq,B1,B2,специальная/книжная лексика
2252,врач,shifokor,A2,A1,базовое слово выживания
2254,личный врач,shaxsiy shifokor,A2,B1,менее частое сочетание
2256,окулист,koʻz shifokori,A2,B1,узкий специалист
2257,терапевт,terapevt,A2,B1,узкий специалист
2258,хирург,jarroh,A2,B1,узкий специалист
2259,психиатр,psixiatr,A2,B1,узкий специалист
2260,педиатр,pediatr,A2,B1,узкий специалист
2261,психолог,psixolog,A2,B1,узкий специалист
2262,гинеколог,ginekolog,A2,B1,узкий специалист
2263,кардиолог,kardiolog,A2,B2,узкий медицинский специалист
2265,средство (мед.),davolash vositalari,A2,B1,абстрактный медицинский термин
2266,прописать (лекарство),yozib bermoq,A2,B1,медицинская процедура
2269,мазь,malham dori,A2,B1,"лечение, менее частое"
2270,ампула,ampula,A2,B2,специальный медицинский термин
2271,микстура,suyuq dori,A2,B1,устаревшее медицинское слово
2272,сироп,qiyom,A2,B1,"лечение, менее частое"
2273,пилюля,hapdori,A2,B1,менее частый синоним
2274,порошок,kukun dori,A2,B1,"лечение, менее частое"
2275,бинт,bint,A2,B1,медицинские принадлежности
2276,вата,paxta,A2,B1,медицинские принадлежности
2277,йод,yod,A2,B1,медицинские принадлежности
2278,лейкопластырь,plastir,A2,B1,медицинские принадлежности
2279,пипетка,doritomizgich,A2,B2,редкий медицинский предмет
2281,шприц,shprits,A2,B1,медицинские принадлежности
2282,инвалидная коляска,aravacha,A2,B1,специальное медицинское средство
2283,костыли,qoʻltiqtayoq,A2,B1,специальное медицинское средство
2284,обезболивающее,ogʻriqsizlantiruvchi,A2,B1,"лечение, менее частое"
2285,слабительное,surgi dori,A2,B2,специальный медицинский термин
2286,спирт,spirt,A2,B1,менее частое слово
2287,лекарственная трава,dorivor oʻt,A2,B1,специализированное понятие
2288,травяной (чай и т.п.),oʻtli,A2,B1,специализированное прилагательное
2290,сигарета,sigareta,B1,A2,частое бытовое слово
2294,спички,gugurt,B1,A2,частое бытовое слово
2298,портсигар,portsigar,B1,B2,редкий предмет
2299,мундштук,mundshtuk,B1,B2,редкий предмет
2301,курить,chekmoq,B1,A2,частое бытовое слово
2303,курение,chekish,B1,A2,частое бытовое слово
2308,город,shahar,A2,A1,базовое место
2311,план города,shahar chizmasi,A2,B1,менее частое понятие
2313,пригород,shaharga tutash hudud,A2,B1,менее частое понятие
2314,пригородный,shahar atrofidagi,A2,B1,менее частое прилагательное
2315,окраина (города),shaharning,A2,B1,менее частое понятие
2316,окрестности,tevarak atrofdagi hududlar,A2,B1,менее частое понятие
2317,квартал,daha,A2,B1,менее частое понятие
2318,жилой квартал,turar-joy dahasi,A2,B1,менее частое понятие
2324,подземный переход,er osti oʻtish yoʻli,A2,B1,менее частое понятие
2329,набережная,suv boʻyidagi koʻcha,A2,B1,менее частое понятие
2330,аллея,xiyobon,A2,B1,менее частое понятие
2332,бульвар,bulvar,A2,B1,менее частое понятие
2335,улица,koʻcha,A2,A1,базовое место
2336,переулок,tor koʻcha,A2,B1,менее частое понятие
2337,тупик,boshi berk koʻcha,A2,B1,менее частое понятие
2338,дом,uy,A2,A1,базовое слово
2340,небоскрёб,osmonoʻpar bino,A2,B1,менее частое понятие
2341,фасад,fasad,A2,B2,архитектурный термин
2343,окно,deraza,A2,A1,базовое слово дома
2344,арка,ravoq,A2,B1,архитектурный элемент
2345,колонна,ustun,A2,B1,архитектурный элемент
2347,витрина,vitrina,A2,B1,менее частое понятие
2348,вывеска,viveska,A2,B1,менее частое понятие
2349,афиша,afisha,A2,B1,менее частое понятие
2350,рекламный плакат,reklama plakati,A2,B1,менее частое понятие
2351,рекламный щит,reklama shchiti,A2,B1,менее частое понятие
2354,сорить,iflos qilmoq,A2,B1,менее частый глагол
2355,свалка,axlatxona,A2,B1,менее частое понятие
2356,телефонная будка,telefon budkasi,A2,B1,устаревшее понятие
2357,фонарный столб,fonar osiladigan stolba,A2,B1,менее частое понятие
2361,нищий (бродяга),gadoy,A2,B1,социальная лексика
2362,бездомный (сущ.),boshpanasiz,A2,B1,социальная лексика
2363,магазин,doʻkon,A2,A1,базовое место
2365,оптика,optika,A2,B1,узкий вид магазина
2370,кондитерская,qandolat doʻkoni,A2,B1,узкий вид магазина
2371,бакалея,baqqollik,A2,B1,устаревшее/узкое понятие
2372,мясная лавка,goʻsht doʻkoni,A2,B1,узкий вид магазина
2373,овощная лавка,sabzavot doʻkoni,A2,B1,узкий вид магазина
2374,рынок,bozor,A2,A1,базовое место
2377,пивная,pivoxona,A2,B1,менее частое заведение
2381,химчистка,ximchistka,A2,B1,менее частое заведение
2382,фотоателье,fotoatele,A2,B1,менее частое заведение
2386,ремонт одежды,kiyim taʼmiri,A2,B1,менее частая услуга
2387,прокат одежды,kiyimni ijaraga berish,A2,B1,менее частая услуга
2388,прокат фильмов,filmlarni ijaraga berish,A2,B1,устаревшая услуга
2397,казино,kazino,A2,B1,менее частое заведение
2399,синагога,sinagoga,A2,B1,менее частое понятие
2400,собор,bosh cherkov,A2,B1,менее частое понятие
2401,храм,ibodatxona,A2,B1,менее частое понятие
2405,школа,maktab,A2,A1,базовое место
2406,префектура,prefektura,A2,B2,редкое административное понятие
2407,мэрия,meriya,A2,B1,учреждение
2410,посольство,elchixona,A2,B1,учреждение
2411,турагентство,sayyohlik agentligi,A2,B1,учреждение
2412,справочное бюро,maʼlumotxona,A2,B1,учреждение
2415,больница,kasalxona,A2,A1,базовое место
2419,надпись,yozuv,A2,B1,менее частое понятие
2421,указатель,koʻrsatkich,A2,B1,менее частое понятие
2422,стрелка (указатель),koʻrsatkich,A2,B1,менее частое понятие
2423,предостережение,ogohlantirish,A2,B1,абстрактное существительное
2424,предупреждение,ogohlantirish,A2,B1,абстрактное существительное
2425,предупредить,ogohlantirmoq,A2,B1,менее частый глагол
2429,ДОБРО ПОЖАЛОВАТЬ!,XUSH KELIBSIZ!,A2,A1,базовое приветствие
2430,ВХОД,KIRISH,A2,A1,базовая надпись
2431,ВЫХОД,CHIQISH,A2,A1,базовая надпись
2434,ОТКРЫТО,OCHIQ,A2,A1,базовая надпись
2435,ЗАКРЫТО,YOPIQ,A2,A1,базовая надпись
2445,АДМИНИСТРАЦИЯ,MAʼMURIYAT,A2,B1,учреждение
2446,ТОЛЬКО ДЛЯ ПЕРСОНАЛА,FAQAT XODIMLAR UCHUN,A2,B1,менее частая надпись
2447,ЗЛАЯ СОБАКА,QOPAGʻON IT,A2,B1,менее частая надпись
2449,РУКАМИ НЕ ТРОГАТЬ!,QOʻL BILAN TEGILMASIN!,A2,B1,менее частая надпись
2452,ВЫСОКОЕ НАПРЯЖЕНИЕ,YUQORI KUCHLANISH,A2,B1,техническая надпись
2453,КУПАТЬСЯ ЗАПРЕЩЕНО,CHOʻMILISH TAQIQLANGAN,A2,B1,менее частая надпись
2455,ОГНЕОПАСНО,YONGʻINDAN XAVFLI,A2,B1,техническая надпись
2457,ПРОХОД ЗАПРЕЩЁН,OʻTISH TAQIQLANGAN,A2,B1,менее частая надпись
2458,ОКРАШЕНО,BOʻYALGAN,A2,B1,менее частая надпись
2459,автобус,avtobus,A2,A1,базовый транспорт
2474,контроль (в транспорте),nazorat,A2,B1,менее частое понятие
2475,контролёр,nazoratchi,A2,B1,менее частое понятие
2479,такси,taksi,A2,A1,базовый транспорт
2487,часы пик,tigʻiz payt,A2,B1,менее частое выражение
2488,парковаться,joylashtirmoq,A2,B1,менее частый глагол
2489,парковать (машину),mashinani joylashtirmoq,A2,B1,менее частый глагол
2496,памятник,haykal,B1,A2,частая лексика туриста
2503,средневековый,oʻrta asrlarga oid,B1,B2,книжная лексика
2505,национальный,milliy,B1,A2,частая лексика туриста
2511,рассказывать,soʻzlab bermoq,B1,A2,частая лексика туриста
2512,найти,topmoq,B1,A1,базовый частый глагол
2513,потеряться,yoʻqolmoq,B1,A2,частая лексика туриста
2516,сувенир,yodgorlik,B1,A2,частая лексика туриста
2517,магазин сувениров,yodgorliklar doʻkoni,B1,A2,частая лексика туриста
2520,покупать,xarid qilmoq,A2,A1,базовый глагол
2534,прилавок,peshtaxta,A2,B1,менее частое понятие
2539,цена,narx,A2,A1,базовое слово покупок
2540,ценник (на одежде),narxkoʻrsatkich,A2,B1,менее частое понятие
2541,стоить,narxga ega boʻlmoq,A2,A1,базовый глагол
2542,Сколько? (о цене),Qancha?,A2,A1,базовая фраза выживания
2545,дешёвый,arzon,A2,A1,базовое прилагательное
2546,дорогой,qimmat,A2,A1,базовое прилагательное
2547,Это дорого,Bu qimmat,A2,A1,базовая фраза выживания
2548,прокат,ijaraga olish,A2,B1,менее частое понятие
2549,взять напрокат,ijaraga olmoq,A2,B1,менее частое понятие
2550,кредит,kredit,A2,B1,финансовый термин
2551,в кредит,kreditga olish,A2,B1,финансовый термин
2552,деньги,pul,A2,A1,базовое слово выживания
2554,курс (валют),kurs,A2,B1,финансовый термин
2559,итальянская лира,lira,A2,B2,устаревшая валюта
2560,немецкая марка,marka,A2,B2,устаревшая валюта
2561,франк,frank,A2,B1,редкая валюта
2562,фунт стерлингов,funt sterling,A2,B1,редкая валюта
2563,йена,yena,A2,B1,редкая валюта
2565,должник,qarzdor,A2,B1,менее частое понятие
2569,счёт (в банке),hisob raqam,A2,B1,банковский термин
2570,положить на счёт,hisob-raqamga qoʻymoq,A2,B1,банковский термин
2571,снять со счёта,hisob-raqamdan olmoq,A2,B1,банковский термин
2575,выписать чек,chek yozib bermoq,A2,B2,редкая банковская операция
2576,чековая книжка,chek daftarchasi,A2,B2,редкий банковский предмет
2579,портмоне,portmone,A2,B1,устаревший синоним
2580,сейф,seyf,A2,B1,менее частое понятие
2581,наследник,merosxoʻr,A2,B2,юридическое понятие
2582,наследство,meros,A2,B1,абстрактное понятие
2583,состояние,boylik,A2,B1,абстрактное понятие
2585,квартирная плата,turar-joy haqi,A2,B1,менее частое понятие
2588,стоимость,qiymat,A2,B1,абстрактное существительное
2591,расходы,xarajatlar,A2,B1,абстрактное существительное
2593,экономный,tejamkor,A2,B1,менее частое прилагательное
2597,налог,soliq,A2,B1,официальное понятие
2598,штраф,jarima,A2,B1,официальное понятие
2599,штрафовать,jarima solmoq,A2,B1,официальное понятие
2600,почта (учреждение),pochta,B1,A2,частая лексика почты
2602,почтальон,xat tashuvchi,B1,A2,частая лексика почты
2604,письмо,xat,B1,A1,базовое слово
2606,открытка,otkritka,B1,A2,частая лексика почты
2608,посылка,posilka,B1,A2,частая лексика почты
2620,обычный,oddiy,B1,A2,частая лексика почты
2624,конверт,konvert,B1,A2,частая лексика почты
2625,марка,marka,B1,A2,частая лексика почты
2627,дома (у себя),uyida,A2,A1,базовое слово дома
2629,ограда (решётка),panjara,A2,B1,менее частое понятие
2630,кирпич,gʻisht,A2,B1,строительный материал
2631,кирпичный,gʻishtin,A2,B1,строительный материал
2634,бетон,beton,A2,B1,строительный материал
2635,бетонный,betondan qilingan,A2,B1,строительный материал
2638,ветхий,koʻhna,A2,B1,менее частое прилагательное
2647,труба,quvur,A2,B1,бытовая техника/сантехника
2648,черепица,cherepitsa,A2,B2,строительный термин
2649,черепичный,cherepitsali,A2,B2,строительный термин
2650,чердак,cherdak,A2,B1,менее частое понятие
2653,подоконник,tokcha,A2,B1,деталь интерьера
2654,ставни,deraza eshigi,A2,B1,менее частое понятие
2657,водосточная труба,tarnov,A2,B2,строительный термин
2665,перила,toʻsiq-panjara,A2,B1,деталь интерьера
2669,мусоропровод,axlat tortadigan quvur,A2,B1,менее частое понятие
2671,грузовой лифт,yuk koʻtaruvchi lift,A2,B1,менее частое понятие
2672,кабина (лифта),kabina,A2,B1,техническая деталь
2674,квартира,xonadon,A2,A1,базовое слово жилья
2675,жильцы,istiqomat qiluvchilar,A2,B1,менее частое понятие
2677,электричество,elektr,B1,A2,частое бытовое слово
2678,лампочка,lampochka,B1,A2,частое бытовое слово
2685,дверь,eshik,A2,A1,базовое слово дома
2688,отпереть,ochmoq,A2,B1,менее частый глагол
2689,открывать,ochmoq,A2,A1,базовый глагол
2690,закрывать,yopmoq,A2,A1,базовый глагол
2691,ключ,kalit,A2,A1,базовое слово дома
2692,связка (ключей),dasta,A2,B1,менее частое понятие
2693,скрипеть,gʻijirlamoq,A2,B1,менее частый глагол
2694,скрип,gʻijirlash,A2,B1,менее частое понятие
2695,петля (дверная),oshiq-moshiq,A2,B2,техническая деталь
2697,замочная скважина,qulf teshigi,A2,B1,техническая деталь
2698,засов,loʻkidon,A2,B1,техническая деталь
2699,задвижка,loʻkidon,A2,B1,техническая деталь
2700,навесной замок,osma qulf,A2,B1,техническая деталь
2701,звонить,qoʻngʻiroq qilmoq,A2,A1,частый глагол
2708,кодовый замок,kodli qulf,A2,B1,техническая деталь
2711,табличка,taxtacha,A2,B1,менее частое понятие
2712,глазок,tuynukcha,A2,B1,техническая деталь
2716,изгородь,shox devor,A2,B1,деталь сельского быта
2717,калитка,bogʻ eshigi,A2,B1,деталь сельского быта
2718,амбар,ombor,A2,B1,деталь сельского быта
2719,погреб,ertoʻla,A2,B1,деталь сельского быта
2720,сарай,omborxona,A2,B1,деталь сельского быта
2721,колодец,quduq,A2,B1,деталь сельского быта
2723,топить печь,oʻt yoqmoq,A2,B1,деталь сельского быта
2724,дрова,oʻtin,A2,B1,деталь сельского быта
2725,полено,tarasha,A2,B2,редкое бытовое слово
2728,крыльцо,eshik oldi,A2,B1,менее частое понятие
2732,крыло (здания),qanot,B1,B2,специальная/формальная лексика
2733,сад,bogʻ,B1,A2,частое бытовое слово
2738,тренажёрный зал,sport zali,B1,A2,частое бытовое слово
2741,гараж,garaj,B1,A2,частое бытовое слово
2743,частные владения,xususiy mulk,B1,B2,специальная/формальная лексика
2745,предупреждающая надпись,ogohlantiruvchi yozuv,B1,B2,специальная/формальная лексика
2754,главная башня,bosh minora,B1,B2,редкая/книжная лексика
2755,подъёмная решётка,koʻtarma darvoza,B1,B2,редкая/книжная лексика
2756,подземный ход,erosti yoʻli,B1,B2,редкая/книжная лексика
2757,ров,xandaq,B1,B2,редкая/книжная лексика
2759,бойница,tuynuk,B1,B2,редкая/книжная лексика
2761,величественный,mahobatli,B1,B2,редкая/книжная лексика
2762,неприступный,mustahkam,B1,B2,редкая/книжная лексика
2765,комната,xona,A2,A1,базовое слово дома
2772,туалет,hojatxona,A2,A1,слово выживания
2790,совок для мусора,xokandoz,A2,B1,менее частое понятие
2792,стол,stol,A2,A1,базовая мебель
2793,стул,stul,A2,A1,базовая мебель
2794,кровать,karavot,A2,A1,базовая мебель
2799,этажерка,ochiq javon,A2,B1,устаревший предмет
2803,комод,komod,A2,B1,менее частая мебель
2808,камин,kamin,A2,B1,менее частое понятие
2810,подсвечник,shamdon,A2,B1,менее частое понятие
2813,жалюзи,darparda,A2,B1,менее частое понятие
2816,торшер,torsher,A2,B1,менее частое понятие
2817,люстра,qandil,A2,B1,менее частое понятие
2819,подлокотник,tirsaklagich,A2,B1,деталь мебели
2820,спинка (стула и т.п.),suyanchiq,A2,B1,деталь мебели
2824,наволочка,yostiq jildi,A2,B1,менее частое понятие
2827,покрывало,oʻrin yopingʻichi,A2,B1,менее частое понятие
2828,кухня (помещение),oshxona,A2,A1,базовое слово дома
2837,мясорубка,goʻshtqiymalagich,A2,B1,специальный прибор
2838,соковыжималка,sharbatsiqqich,A2,B1,специальный прибор
2842,кофейник,kofe qaynatadigan idish,A2,B1,менее частый предмет
2843,кофемолка,kofe tuyadigan asbob,A2,B1,специальный прибор
2847,ситечко (для чая),choy suzadigan toʻr,A2,B1,менее частый предмет
2856,рюмка (стопка),qadah,A2,B1,менее частый предмет
2859,сахарница,qanddon,A2,B1,менее частый предмет
2860,солонка,tuzdon,A2,B1,менее частый предмет
2861,перечница,murchdon,A2,B1,менее частый предмет
2862,маслёнка,moy idishi,A2,B1,менее частый предмет
2865,половник,choʻmich,A2,B1,менее частый предмет
2866,дуршлаг,chovli,A2,B1,менее частый предмет
2873,штопор,shtopor,A2,B1,менее частый предмет
2875,фильтровать,filtrlash,A2,B1,менее частый глагол
2881,горячая вода,issiq suv,A2,A1,базовое сочетание
2882,холодная вода,sovuq suv,A2,A1,базовое сочетание
2888,мыть,yuvmoq,A2,A1,базовый глагол
2896,мыльница,sovun quti,A2,B1,менее частый предмет
2906,магнитофон,magnitofon,A2,B1,устаревшая техника
2907,видеомагнитофон,videomagnitofon,A2,B1,устаревшая техника
2908,приёмник,priyomnik,A2,B1,устаревшая техника
2910,видеопроектор,videoproektor,A2,B1,специальная техника
2911,домашний кинотеатр,uy kinoteatri,A2,B1,специальная техника
2912,проигрыватель,DVD DVD proigrivateli,A2,B1,устаревшая техника
2913,усилитель,kuchaytirgich,A2,B2,технический термин
2921,телефон,telefon,A2,A1,базовое слово выживания
2923,машинка (пишущая),yozuv mashinkasi,A2,B2,устаревший предмет
2924,машинка (швейная),tikuv mashinkasi,A2,B1,менее частый предмет
2928,компакт-диск,CD-disk,A2,B1,устаревший носитель
2929,кассета,kasseta,A2,B1,устаревший носитель
2930,пластинка (муз.),plastinka,A2,B1,устаревший носитель
2936,краска,boʻyoq,B1,A2,частое бытовое слово
2937,красить,boʻyamoq,B1,A2,частое бытовое слово
2940,побелка (материал),ohak,B1,B2,специальная строит. лексика
2941,белить,ohaklash,B1,B2,специальная строит. лексика
2945,покрывать лаком,loklamoq,B1,B2,специальная строит. лексика
2956,вентиль,ventil,B1,B2,специальная строит. лексика
2958,инструменты,asboblar,B1,A2,частое бытовое слово
2959,разводной ключ,keriladigan klyuch,B1,B2,специальная строит. лексика
2966,огонь,olov,B1,A2,частое бытовое слово
2972,бензин,benzin,B1,A2,частое бытовое слово
2974,горючий,yonuvchan,B1,B2,специальная/книжная лексика
2975,взрывоопасный,portlash xavfi boʻlgan,B1,B2,специальная/книжная лексика
2979,опасный,xavfli,B1,A2,частое бытовое слово
2983,поджигатель,qasddan oʻt qoʻygan odam,B1,B2,специальная/книжная лексика
2984,поджог,qasddan oʻt qoʻyish,B1,B2,специальная/книжная лексика
2985,пылать,lovullab yonmoq,B1,B2,специальная/книжная лексика
2986,гореть,yonmoq,B1,A2,частое бытовое слово
2989,пожарный,oʻt oʻchiruvchi,B1,A2,частое бытовое слово
2992,выдвижная лестница,oʻt oʻchiruvchilar narvoni,B1,B2,специальная/книжная лексика
2998,звать на помощь,yordamga chaqirmoq,B1,A2,частая фраза
3001,приехать,etib kelmoq,B1,A1,базовый частый глагол
3005,руины,xarobalar,B1,B2,книжная лексика
3007,обвалиться,qulamoq,B1,B2,книжная лексика
3008,обрушиться,oʻpirilib tushmoq,B1,B2,книжная лексика
3009,обломок,singan boʻlak,B1,B2,книжная лексика
3013,офис,ofis,B1,A2,частая лексика работы
3014,кабинет (на работе),kabinet,B1,A2,частая лексика работы
3016,секретарь,kotib,B1,A2,частая лексика работы
3017,секретарь (женщина),kotiba,B1,A2,частая лексика работы
3018,директор,direktor,B1,A2,частая лексика работы
3019,менеджер,menejer,B1,A2,частая лексика работы
3020,бухгалтер,buxgalter,B1,A2,частая лексика работы
3028,принтер,printer,B1,A2,частая лексика работы
3034,лист (бумаги и т.п.),varaq,B1,A2,частая лексика работы
3035,папка,papka,B1,A2,частая лексика работы
3044,перерыв на обед,tushlik tanaffusi,B1,A2,частая лексика работы
3046,размножить,koʻpaytirmoq,B1,B2,книжная лексика
3049,позвонить,qoʻngʻiroq qilmoq,B1,A1,базовый частый глагол
3056,дело (занятие),ish,B1,A2,частое бытовое слово
3058,компания,kompaniya,B1,A2,частое бытовое слово
3059,корпорация,korporatsiya,B1,B2,специальная деловая лексика
3065,заказ,buyurtma,B1,A2,частое бытовое слово
3078,банкротство,bankrotlik,B1,B2,специальная деловая лексика
3079,обанкротиться,bankrot boʻlmoq,B1,B2,специальная деловая лексика
3081,проблема,muammo,B1,A2,частое бытовое слово
3085,экономический спад,iqtisodiy inqiroz,B1,B2,специальная деловая лексика
3094,монополия,monopoliya,B1,B2,специальная деловая лексика
3098,тенденция,tendentsiya,B1,B2,специальная деловая лексика
3102,делегация,delegatsiya,B1,B2,специальная деловая лексика
3103,заработная плата,ish haqi,B1,A2,частое бытовое слово
3109,лицензия,litsenziya,B1,B2,специальная деловая лексика
3111,начинание,tashabbus,B1,B2,специальная деловая лексика
3121,патент,patent,B1,B2,специальная деловая лексика
3122,патентовать,patentlash,B1,B2,специальная деловая лексика
3128,расчёт (прибыли и т.п.),hisob-kitob,B1,B2,специальная деловая лексика
3134,союз (группа фирм),ittifoq,B1,B2,специальная деловая лексика
3138,торги (аукцион),kim oshdi savdosi,B1,B2,специальная деловая лексика
3143,функционировать,ishlamoq,B1,B2,специальная деловая лексика
3147,завод,zavod,B2,A2,частое бытовое слово
3148,фабрика,fabrika,B2,A2,частое бытовое слово
3149,цех,sex,B2,B1,"общеупотребительное, не специальное"
3150,производство (завод и т.п.),ishlab chiqarish,B2,B1,"общеупотребительное, не специальное"
3151,промышленность,sanoat,B2,B1,частое в новостях и жизни
3152,промышленный,sanoat,B2,B1,частое в новостях и жизни
3155,продукция,mahsulot,B2,B1,"общеупотребительное, не специальное"
3156,производить,ishlab chiqarmoq,B2,B1,"общеупотребительное, не специальное"
3158,бригадир,brigada boshligʻi,B2,B1,"общеупотребительное, не специальное"
3159,бригада,brigada,B2,B1,"общеупотребительное, не специальное"
3163,собрание,majlis,B2,B1,"общеупотребительное, не специальное"
3165,план,reja,B2,A2,частое бытовое слово
3166,выполнять план,rejani bajarmoq,B2,B1,"общеупотребительное, не специальное"
3168,качество,sifat,B2,B1,частое абстрактное понятие
3169,контроль (проверка),nazorat,B2,B1,"общеупотребительное, не специальное"
3172,дисциплина,intizom,B2,B1,частое абстрактное понятие
3173,нарушение,buzish,B2,B1,частое абстрактное понятие
3174,нарушать,buzmoq,B2,B1,"общеупотребительное, не специальное"
3179,изобретать,ixtiro qilmoq,B2,B1,"общеупотребительное, не специальное"
3180,изобретение,ixtiro,B2,B1,"общеупотребительное, не специальное"
3181,исследование (поиск),tadqiqot,B2,B1,частое абстрактное понятие
3182,улучшать,yaxshilamoq,B2,B1,"общеупотребительное, не специальное"
3183,технология,texnologiya,B2,B1,частое в новостях и жизни
3185,груз,yuk,B2,B1,"общеупотребительное, не специальное"
3187,грузить,yuklamoq,B2,B1,"общеупотребительное, не специальное"
3189,разгружать,yuk tushirmoq,B2,B1,"общеупотребительное, не специальное"
3191,транспорт,transport,B2,A2,частое бытовое слово
3192,транспортная компания,transport kompaniyasi,B2,B1,"общеупотребительное, не специальное"
3194,вагон (товарный),vagon,B2,B1,"общеупотребительное, не специальное"
3198,механизм,mexanizm,B2,B1,"общеупотребительное, не специальное"
3199,отходы,chiqindilar,B2,B1,"общеупотребительное, не специальное"
3200,упаковка (действие),joylash,B2,B1,"общеупотребительное, не специальное"
3201,упаковать,joylamoq,B2,B1,частый бытовой глагол
3205,заключить контракт,kontrakt tuzmoq,B2,B1,"общеупотребительное, не специальное"
3215,ответственность,masʼuliyat,B2,B1,частое абстрактное понятие
3217,спор,bahs,B2,B1,частое абстрактное понятие
3219,импорт,import,B2,B1,частое в новостях и жизни
3222,импортный,import qilingan,B2,B1,частое бытовое слово
3225,товар,tovar,B2,B1,"общеупотребительное, не специальное"
3232,контейнер,konteyner,B2,B1,"общеупотребительное, не специальное"
3233,граница,chegara,B2,A2,частое бытовое слово
3239,акция,aktsiya,B1,B2,специальная финансовая лексика
3240,облигация,obligatsiya,B1,B2,специальная финансовая лексика
3241,вексель,veksel,B1,B2,специальная финансовая лексика
3242,биржа,birja,B1,B2,специальная финансовая лексика
3243,курс акций,aktsiyalar kursi,B1,B2,специальная финансовая лексика
3246,контрольный пакет,nazorat paketi,B1,B2,специальная финансовая лексика
3247,инвестиции,investitsiyalar,B1,B2,специальная финансовая лексика
3248,инвестировать,investitsiya qilmoq,B1,B2,специальная финансовая лексика
3260,крах,barbod boʻlish,B1,B2,специальная финансовая лексика
3261,разорение,xonavayron boʻlish,B1,B2,специальная финансовая лексика
3262,разориться,xonavayron boʻlmoq,B1,B2,специальная финансовая лексика
3264,девальвация,devalvatsiya,B1,B2,специальная финансовая лексика
3267,оборот,aylanma,B1,B2,специальная финансовая лексика
3270,накладные расходы,qoʻshimcha xarajatlar,B1,B2,специальная финансовая лексика
3272,маркетинг,marketing,B2,B1,частое в новостях и жизни
3275,продукт,mahsulot,B2,B1,"общеупотребительное, не специальное"
3279,логотип,logotip,B2,B1,"общеупотребительное, не специальное"
3282,потребность,ehtiyoj,B2,B1,частое абстрактное понятие
3283,потребитель,isteʼmolchi,B2,B1,"общеупотребительное, не специальное"
3284,анализ,tahlil,B2,B1,частое абстрактное понятие
3285,анализировать,tahlil qilmoq,B2,B1,"общеупотребительное, не специальное"
3291,реклама,reklama,B1,A2,частое бытовое слово
3294,реклама (объявление),reklama,B1,A2,частое бытовое слово
3299,периодическое издание,davriy nashrlar,B1,B2,специальная/формальная лексика
3304,целевая аудитория,maqsadli auditoriya,B1,B2,специальная/формальная лексика
3309,бюллетень,byulleten,B1,B2,специальная/формальная лексика
3330,Сколько? (о деньгах),Qancha?,B1,A1,базовая фраза
3331,подпись,imzo,B1,A2,частое бытовое слово
3332,подписать,imzolamoq,B1,A2,частое бытовое слово
3347,автоответчик,avtomatik javob beruvchi,A2,B1,устаревшая функция
3348,звонить (по телефону),qoʻngʻiroq qilmoq,A2,A1,частый глагол
3351,Алло!,Allo!,A2,A1,базовая фраза
3352,спросить,soʻramoq,A2,A1,частый глагол
3353,ответить,javob bermoq,A2,A1,частый глагол
3355,хорошо,yaxshi,A2,A1,базовое слово
3356,плохо,yomon,A2,A1,базовое слово
3357,помехи,xalal beruvchi shovqin,A2,B1,менее частое понятие
3358,трубка (телефонная),trubka,A2,B1,устаревшее понятие
3359,снять трубку,trubkani olmoq,A2,B1,устаревшее выражение
3360,положить трубку,trubkani qoʻymoq,A2,B1,устаревшее выражение
3363,телефонная книга,telefon kitobi,A2,B1,устаревшее понятие
3365,местный звонок,mahalliy qoʻngʻiroq,A2,B1,менее частое сочетание
3366,междугородний,shaharlararo,A2,B1,менее частое прилагательное
3367,междугородний звонок,shaharlararo qoʻngʻiroq,A2,B1,менее частое сочетание
3386,абонент,abonent,A2,B1,официальный термин
3387,шариковая ручка,avtoruchka,B1,A2,частая канцелярская лексика
3392,блокнот,yon daftarcha,B1,A2,частая канцелярская лексика
3394,линейка,chizgʻich,B1,A2,частая канцелярская лексика
3399,клей,elim,B1,A2,частая канцелярская лексика
3404,билет (входной),chipta,B1,A2,частое бытовое слово
3412,документ,hujjat,B1,A2,частое бытовое слово
3413,завещание (документ),vasiyatnoma,B1,B2,формальная/юридическая лексика
3422,копия,nusxa,B1,A2,частое бытовое слово
3423,накладная,yuk xati,B1,B2,формальная/юридическая лексика
3436,рапорт,raport,B1,B2,формальная/юридическая лексика
3437,расписка,tilxat,B1,B2,формальная/юридическая лексика
3439,рукопись,qoʻlyozma,B1,B2,формальная/юридическая лексика
3442,список,roʻyxat,B1,A2,частое бытовое слово
3444,счёт (в ресторане),hisob,B1,A2,частое бытовое слово
3448,чек (кассовый),chek,B1,A2,частое бытовое слово
3453,ателье,atele,B2,B1,"общеупотребительное, не специальное"
3458,бизнес-центр,biznes-markaz,B2,B1,"общеупотребительное, не специальное"
3459,бизнес-школа,biznes-maktab,B2,B1,"общеупотребительное, не специальное"
3463,вывоз мусора,axlatni chiqarish,B2,B1,"общеупотребительное, не специальное"
3467,дизайн,dizayn,B2,B1,"общеупотребительное, не специальное"
3477,кондиционеры,konditsionerlar,B2,A2,частое бытовое слово
3479,курьерская служба,kurerlik xizmati,B2,B1,"общеупотребительное, не специальное"
3483,медицина,meditsina,B2,B1,"общеупотребительное, не специальное"
3486,недвижимость,koʻchmas mulk,B2,B1,частое в новостях и жизни
3490,перевозки,tashishlar,B2,B1,"общеупотребительное, не специальное"
3494,прачечная,kir yuvish ishxonasi,B2,B1,"общеупотребительное, не специальное"
3495,продукты питания,oziq-ovqat mahsulotlari,B2,A2,частое бытовое слово
3501,салон красоты,goʻzallik saloni,B2,A2,частое бытовое слово
3502,склад,ombor,B2,B1,"общеупотребительное, не специальное"
3503,спиртные напитки,spirtli ichimliklar,B2,B1,"общеупотребительное, не специальное"
3504,спорт,sport,B2,A1,базовое слово выживания
3505,стоматология,stomatologiya,B2,B1,"общеупотребительное, не специальное"
3506,страхование,sugʻurta,B2,B1,"общеупотребительное, не специальное"
3507,строительство,qurilish,B2,B1,"общеупотребительное, не специальное"
3511,торговля,savdo,B2,B1,"общеупотребительное, не специальное"
3517,ювелир,zargar,B2,B1,"общеупотребительное, не специальное"
3518,ювелирные изделия,zargarlik buyumlari,B2,B1,"общеупотребительное, не специальное"
3520,выставка,koʻrgazma,B2,A2,частое бытовое слово
3521,торговая выставка,savdo koʻrgazmasi,B2,B1,"общеупотребительное, не специальное"
3522,участие,ishtirok etish,B2,B1,частое абстрактное понятие
3524,участник,ishtirokchi,B2,B1,"общеупотребительное, не специальное"
3527,организатор,tashkilotchi,B2,B1,"общеупотребительное, не специальное"
3528,организовывать,tashkil qilmoq,B2,B1,"общеупотребительное, не специальное"
3529,заявка на участие,ishtirok talabnomasi,B2,B1,"общеупотребительное, не специальное"
3530,заполнить (документ),toʻldirmoq,B2,A2,частый бытовой глагол
3531,детали (подробности),tafsilotlar,B2,B1,"общеупотребительное, не специальное"
3534,включая,qoʻshib,B2,B1,"общеупотребительное, не специальное"
3535,включать (о цене),qoʻshmoq,B2,B1,"общеупотребительное, не специальное"
3540,регистрировать,roʻyxatga olmoq,B2,B1,"общеупотребительное, не специальное"
3545,светильник,chiroq,B2,B1,"общеупотребительное, не специальное"
3548,располагаться,jolashmoq,B2,B1,"общеупотребительное, не специальное"
3550,поставщик,etkazib beruvchi,B2,B1,"общеупотребительное, не специальное"
3551,поставлять,etkazib bermoq,B2,B1,"общеупотребительное, не специальное"
3556,конференц-зал,konferents-zal,B2,B1,"общеупотребительное, не специальное"
3558,конкурс,konkurs,B2,A2,частое бытовое слово
3560,посещать,kelib koʻrmoq,B2,A2,частый бытовой глагол
3561,заказчик,buyurtmachi,B2,B1,"общеупотребительное, не специальное"
3562,газета,gazeta,B1,A1,базовое слово
3563,журнал,jurnal,B1,A2,частое бытовое слово
3567,телевидение,televidenie,B1,A2,частое бытовое слово
3571,журналист,jurnalist,B1,A2,частое бытовое слово
3573,фотокорреспондент,fotomuxbir,B1,B2,узкий профессиональный термин
3582,"тираж (газеты, журнала)",tiraj,B1,B2,издательский термин
3586,свежий (напр. журнал),yangi,B1,A2,базовое слово yangi
3589,рубрика,rubrika,B1,B2,редакционный термин
3597,громкий (скандал),ovozali,B1,B2,книжное сочетание
3602,сельское хозяйство,qishloq xoʻjaligi,B2,B1,важно для узбекского быта
3603,крестьянин,dehqon,B2,B1,важно для узбекского быта
3604,крестьянка,dehqon ayol,B2,B1,важно для узбекского быта
3606,трактор,traktor,B2,A2,частое бытовое слово
3607,комбайн,kombayn,B2,B1,важно для узбекского быта
3617,лопата,belkurak,B2,A2,частое бытовое слово
3618,копать (вскапывать),qazimoq,B2,A2,частый бытовой глагол
3621,сорняк,begona oʻt,B2,B1,"общеупотребительное, не специальное"
3622,лейка,gulchelak,B2,B1,"общеупотребительное, не специальное"
3623,поливать,sugʻormoq,B2,A2,частый бытовой глагол
3624,полив,sugʻorish,B2,B1,"общеупотребительное, не специальное"
3626,грабли,xaskash,B2,B1,"общеупотребительное, не специальное"
3627,удобрение (вещество),oʻgʻit,B2,B1,"общеупотребительное, не специальное"
3630,поле,dala,B2,A2,частое бытовое слово
3631,луг,oʻtloq,B2,B1,"общеупотребительное, не специальное"
3640,грядка,joʻyak,B2,B1,важно для узбекского быта
3641,парник,issiqxona,B2,B1,важно для узбекского быта
3642,засуха,qurgʻoqchilik,B2,B1,частое в новостях и жизни
3645,убирать (урожай),oʻrib olmoq,B2,B1,важно для узбекского быта
3647,мельница,tegirmon,B2,B1,"общеупотребительное, не специальное"
3650,солома,somon,B2,B1,"общеупотребительное, не специальное"
3652,строить,qurmoq,B1,A2,частый базовый глагол
3653,строитель,quruvchi,B1,A2,распространённая профессия
3656,рабочий,ishchi,B1,A2,частое слово
3659,свая,qoziqoyoq,B1,B2,строительный термин
3661,арматура,armatura,B1,B2,строительный термин
3662,строительные леса,qurilish havozalari,B1,B2,строительный термин
3664,гранит,granit,B1,B2,редкий технический термин
3669,штукатурка,suvoq,B1,B2,строительный термин
3670,штукатурить,suvamoq,B1,B2,строительный термин
3675,поднимать,koʻtarmoq,B1,A2,частый бытовой глагол
3676,опускать,tushirmoq,B1,A2,частый бытовой глагол
3677,бульдозер,buldozer,B1,B2,"техника, редкое слово"
3678,экскаватор,ekskavator,B1,B2,"техника, редкое слово"
3679,ковш,kovsh,B1,B2,технический термин
3682,наука,ilm-fan,B2,B1,"общеупотребительное, не специальное"
3683,научный,ilmiy,B2,B1,"общеупотребительное, не специальное"
3689,аргумент,dalil,B2,B1,частое абстрактное понятие
3690,вещество,modda,B2,B1,"общеупотребительное, не специальное"
3697,исследовать,tadqiq qilmoq,B2,B1,"общеупотребительное, не специальное"
3700,метод,metod,B2,B1,частое абстрактное понятие
3703,открытие (в науке),kashfiyot,B2,B1,"общеупотребительное, не специальное"
3706,прогноз,oldindan aytish,B2,B1,"общеупотребительное, не специальное"
3713,экспедиция,ekspeditsiya,B2,B1,"общеупотребительное, не специальное"
3714,эксперимент,eksperiment,B2,B1,"общеупотребительное, не специальное"
3716,бакалавр,bakalavr,B2,B1,"общеупотребительное, не специальное"
3717,доктор,doktor,B2,B1,"общеупотребительное, не специальное"
3719,магистр,magistr,B2,B1,"общеупотребительное, не специальное"
3721,работа,ish,B1,A1,базовое слово
3722,"кадры, штат",shtat,B1,B2,формальный кадровый термин
3731,зарплата,ish haqi,B1,A2,частое бытовое слово
3737,занятой (о человеке),band,B1,A2,частое бытовое слово
3749,президент,prezident,B1,A2,частое слово
3752,помощник,yordamchi,B1,A2,частое слово
3755,бизнесмен,biznesmen,B1,A2,частое слово
3759,учредитель,taʼsischi,B1,B2,юридический термин
3761,акционер,aktsiyador,B1,B2,финансовый термин
3765,землевладелец,er egasi,B1,B2,книжное слово
3768,покупатель,xaridor,B1,A2,частое слово
3774,брокер,broker,B1,B2,финансовый термин
3780,кредитор,kreditor,B1,B2,финансовый термин
3781,заёмщик,qarz oluvchi,B1,B2,финансовый термин
3782,импортёр,importchi,B1,B2,экономический термин
3783,экспортёр,eksportchi,B1,B2,экономический термин
3785,дистрибьютор,distribyutor,B1,B2,экономический термин
3797,адвокат,advokat,A2,B1,юридическая профессия
3798,юрист,huquqshunos,A2,B1,юридическая профессия
3799,нотариус,notarius,A2,B1,юридическая профессия
3802,плотник,duradgor,A2,B1,менее частая профессия
3803,массажист,massajchi,A2,B1,менее частая профессия
3804,массажистка,massajchi ayol,A2,B1,менее частая профессия
3809,горничная,xodima,A2,B1,менее частая профессия
3812,учитель,oʻqituvchi,A2,A1,базовая профессия
3821,слуга,xizmatkor,A2,B1,устаревшее понятие
3822,служанка,xizmatkor ayol,A2,B1,устаревшее понятие
3833,военный,harbiy,B2,B1,"общеупотребительное, не специальное"
3836,командир,komandir,B2,B1,"общеупотребительное, не специальное"
3837,пограничник,chegarachi,B2,B1,"общеупотребительное, не специальное"
3844,королева,qirolicha,B2,A2,общеизвестное слово
3845,принц,shahzoda,B2,A2,общеизвестное слово
3846,принцесса,malika,B2,A2,общеизвестное слово
3847,царь,podsho,B2,B1,общеизвестное слово
3848,царица,malika,B2,B1,общеизвестное слово
3850,министр,ministr,B2,B1,частое в новостях и жизни
3851,премьер-министр,bosh vazir,B2,B1,частое в новостях и жизни
3853,дипломат,diplomat,B2,B1,частое в новостях и жизни
3855,посол,elchi,B2,B1,частое в новостях и жизни
3856,советник,maslahatchi,B2,B1,"общеупотребительное, не специальное"
3857,чиновник,amaldor,B2,B1,"общеупотребительное, не специальное"
3859,мэр,mer,B2,B1,частое в новостях и жизни
3860,судья,sudya,B2,B1,"общеупотребительное, не специальное"
3861,прокурор,prokuror,B2,B1,"общеупотребительное, не специальное"
3869,пчеловод,asalarichi,B1,B2,редкая профессия
3874,фермер,fermer,B1,A2,распространённая профессия
3875,винодел,vinopaz,B1,B2,редкая профессия
3880,певец,xonanda,B1,A2,распространённая профессия
3881,певица,xonanda,B1,A2,распространённая профессия
3891,импресарио,impresario,B1,B2,редкое специальное слово
3899,художник,rassom,B1,A2,распространённая профессия
3900,жонглёр,jonglyor,B1,B2,редкое слово
3911,"лётчик, пилот",uchuvchi,B1,A2,распространённая профессия
3912,водитель,haydovchi,B1,A2,распространённая профессия
3919,токарь,tokar,B1,B2,производственная профессия
3921,сварщик,payvandchi,B1,B2,производственная профессия
3936,машинистка,mashinistka,B1,B2,устаревшая профессия
3940,инженер,muhandis,B1,A2,распространённая профессия
3961,студент,talaba,B1,A1,базовое слово
3969,забастовщик,ish tashlovchi,B1,B2,редкое общественное слово
3970,бюрократ,byurokrat,B1,B2,книжное слово
3976,наёмный убийца,yollanma qotil,B1,B2,редкое сочетание
3978,торговец наркотиками,narkotik moddalarni,B1,B2,редкое сочетание
3980,сутенёр,dayus,B1,B2,редкое слово
3995,вратарь,darvozabon,A2,B1,спортивная специализация
4012,фехтование,qilichbozlik,A2,B1,редкий вид спорта
4013,фехтовальщик,qilichboz,A2,B1,редкий вид спорта
4016,альпинизм,alpinizm,A2,B1,редкий вид спорта
4017,альпинист,alpinist,A2,B1,редкий вид спорта
4020,лёгкая атлетика,engil atletika,A2,B1,спортивный термин
4021,атлет,atlet,A2,B1,спортивный термин
4022,конный спорт,ot sporti,A2,B1,редкий вид спорта
4023,наездник,chavandoz,A2,B1,менее частое слово
4024,фигурное катание,figurali uchish,A2,B1,редкий вид спорта
4025,фигурист,figurist,A2,B1,редкий вид спорта
4026,фигуристка,figuristka,A2,B1,редкий вид спорта
4027,тяжёлая атлетика,ogʻir atletika,A2,B1,спортивный термин
4028,автогонки,avtomobil poygasi,A2,B1,редкий вид спорта
4029,гонщик,poygachi,A2,B1,менее частое слово
4030,велоспорт,velosiped sporti,A2,B1,спортивный термин
4032,прыжки в длину,uzunlikka sakrash,A2,B1,спортивная дисциплина
4033,прыжки с шестом,langarchoʻp bilan sakrash,A2,B2,узкая спортивная дисциплина
4034,прыгун,sakrovchi,A2,B1,спортивный термин
4037,биатлон,biatlon,B1,B2,редкий вид спорта
4039,бобслей,bobsley,B1,B2,редкий вид спорта
4048,парусный спорт,elkanli qayiq sporti,B1,B2,редкий вид спорта
4053,штанга,shtanga,A2,B1,спортивный снаряд
4054,гантели,gantellar,A2,B1,спортивный снаряд
4056,велотренажёр,velotrenajyor,A2,B1,спортивный снаряд
4058,перекладина,toʻsin,A2,B1,спортивный снаряд
4059,брусья,parallel bruslar,A2,B2,гимнастический снаряд
4060,конь,ot,A2,B2,гимнастический снаряд
4061,мат,mat,A2,B1,спортивный снаряд
4072,борт,bort,B1,B2,узкий спортивный термин
4083,высшая лига,oliy liga,A2,B1,спортивный термин
4086,владелец,ega,A2,B1,абстрактное понятие
4088,капитан команды,jamoa sardori,A2,B1,спортивный термин
4090,запасной игрок,zahira oʻyinchi,A2,B1,спортивный термин
4091,нападающий,hujumchi,A2,B1,спортивный термин
4092,центральный нападающий,markaziy hujumchi,A2,B2,узкий спортивный термин
4093,бомбардир,toʻpurar,A2,B2,узкий спортивный термин
4094,защитник,himoyachi,A2,B1,спортивный термин
4095,полузащитник,yarim himoyachi,A2,B2,узкий спортивный термин
4099,полуфинал,yarim final,A2,B1,спортивный термин
4101,тайм,taym,A2,B1,спортивный термин
4102,й тайм,birinchi taym,A2,B1,спортивный термин
4106,штанга,ustun,A2,B2,узкий спортивный термин
4107,перекладина (ворот),toʻsin,A2,B2,узкий спортивный термин
4108,сетка (ворот),toʻr,A2,B1,спортивный термин
4109,пропустить гол,oʻtkazib yubormoq,A2,B1,спортивный термин
4111,"пас, передача",toʻp uzatish,A2,B1,спортивный термин
4113,нанести удар,zarba bermoq,A2,B1,спортивный термин
4114,штрафной удар,jarima toʻpi,A2,B1,спортивный термин
4115,угловой удар,burchak toʻpi,A2,B1,спортивный термин
4116,атака,hujum,A2,B1,спортивный термин
4117,контратака,qarshi hujum,A2,B2,узкий спортивный термин
4118,комбинация,kombinatsiya,A2,B2,узкий спортивный термин
4119,арбитр,hakam,A2,B1,спортивный термин
4120,свистеть,hushtak chalmoq,A2,B1,менее частый глагол
4121,свисток,hushtak,A2,B1,менее частое слово
4122,нарушение,qoidani buzish,A2,B1,абстрактное существительное
4123,нарушить,qoidani buzmoq,A2,B1,менее частый глагол
4124,удалить с поля,maydondan chetlatish,A2,B1,спортивный термин
4125,жёлтая карточка,sariq kartochka,A2,B1,спортивный термин
4126,красная карточка,qizil kartochka,A2,B1,спортивный термин
4127,дисквалификация,diskvalifikatsiya,A2,B2,формальный термин
4128,дисквалифицировать,diskvalifikatsiya qilmoq,A2,B2,формальный термин
4129,пенальти,penalti,A2,B1,спортивный термин
4130,стенка (футб.),devor,A2,B2,узкий спортивный термин
4134,замена,almashtirish,A2,B1,спортивный термин
4135,заменить (игрока),almashtirmoq,A2,B1,спортивный термин
4137,тактика,taktika,A2,B1,абстрактное понятие
4139,трибуна (стадиона),tribuna,A2,B1,спортивный термин
4142,табло,tablo,A2,B1,спортивный термин
4144,поражение,magʻlubiyat,A2,B1,абстрактное существительное
4147,сыграть вничью,durang oʻynamoq,A2,B1,спортивный термин
4153,комментатор,sharhlovchi,A2,B1,менее частая профессия
4154,комментировать,sharhlamoq,A2,B1,менее частый глагол
4155,трансляция,translyatsiya,A2,B1,медийный термин
4162,слалом,slalom,B1,B2,узкий спортивный термин
4168,тележка для клюшек,klyushkalar uchun aravacha,B1,B2,узкий спортивный термин
4176,шахматы (игра),shaxmat,B1,A2,частое слово
4191,пожертвовать (фигуру),qurbon qilmoq,B1,B2,шахматный термин
4192,рокировка (шахм.),rokirovka,B1,B2,шахматный термин
4196,гроссмейстер,grossmeyster,B1,B2,узкий термин
4207,нокдаун,nokdaun,B1,B2,узкий спортивный термин
4217,побеждать,gʻalaba qozonmoq,B1,A2,частый глагол
4218,выиграть,yutmoq,B1,A2,частый глагол
4221,первое место,birinchi oʻrin,B1,A2,частая фраза
4222,второе место,ikkinchi oʻrin,B1,A2,частая фраза
4223,третье место,uchinchi oʻrin,B1,A2,частая фраза
4224,медаль,medal,B1,A2,частое слово
4254,снаряд (спорт.),snaryad,B1,B2,узкий спортивный термин
4256,ядро,yadro,B1,B2,узкий спортивный термин
4264,тренироваться,mashq qilmoq,B1,A2,частый глагол
4265,тренировка,mashq qilish,B1,A2,частое слово
4266,спортзал,sport zali,B1,A2,частое слово
4280,идти в школу,maktabga bormoq,A2,A1,базовая фраза
4296,шпаргалка,shpargalka,A2,B1,менее частое слово
4299,присутствовать,qatnashmoq,A2,B1,формальный глагол
4300,отсутствовать,qatnashmaslik,A2,B1,формальный глагол
4304,поведение,xulq,A2,B1,абстрактное существительное
4314,циркуль,sirkul,A2,B1,специальный инструмент
4315,чертить,chizmoq,A2,B1,менее частый глагол
4316,чертёж,chizma,A2,B1,специальное понятие
4332,студентка,talaba,B1,A1,базовое слово
4337,диссертация,dissertatsiya,B1,B2,академический термин
4343,учёная степень,ilmiy daraja,B1,B2,академический термин
4344,математика,matematika,B2,A2,школьный предмет
4345,алгебра,algebra,B2,B1,школьный предмет
4346,геометрия,geometriya,B2,B1,школьный предмет
4347,астрономия,astronomiya,B2,B1,школьный предмет
4348,биология,biologiya,B2,A2,школьный предмет
4349,география,geografiya,B2,A2,школьный предмет
4350,геология,geologiya,B2,B1,школьный предмет
4351,история,tarix,B2,A2,школьный предмет
4354,право,huquq,B2,B1,"общеупотребительное, не специальное"
4355,физика,fizika,B2,A2,школьный предмет
4356,химия,kimyo,B2,A2,школьный предмет
4357,философия,falsafa,B2,B1,школьный предмет
4358,психология,psixologiya,B2,B1,школьный предмет
4367,междометие,undov soʻz,B1,B2,лингвистический термин
4376,точка,nuqta,B1,A2,частое слово
4377,запятая,vergul,B1,A2,частое слово
4390,буква,harf,B1,A1,базовое слово
4391,большая буква,bosh harf,B1,A2,частое сочетание
4394,предложение,gap,B1,A2,частое слово
4395,подлежащее (лингв.),ega,B1,B2,лингвистический термин
4396,сказуемое,kesim,B1,B2,лингвистический термин
4405,правило,qoida,B1,A2,частое слово
4407,верный (правильный),toʻgʻri,B1,A1,базовое прилагательное
4411,вопрос,savol,B1,A1,базовое слово
4413,пунктир,punktir,B1,B2,редкое слово
4414,язык (напр. русский),til,A2,A1,базовое слово
4419,говорить,gapirmoq,A2,A1,частый глагол
4427,лексика,leksika,A2,B1,лингвистический термин
4428,фонетика,fonetika,A2,B1,лингвистический термин
4431,самоучитель,mustaqil oʻrganish,A2,B1,менее частое понятие
4432,разговорник,soʻzlashuv kitobi,A2,B1,менее частое понятие
4434,видеокассета,videokasseta,A2,B1,устаревший носитель
4438,говорить по буквам,harflab gapirmoq,A2,B1,менее частое выражение
4443,слово (единица речи),soʻz,A2,A1,базовое слово
4444,смысл (напр. слова),maʼno,A2,B1,абстрактное существительное
4452,полиглот,poliglot,A2,B2,редкое книжное слово
4455,Золушка,Zolushka,A2,B1,"имя собственное, сказочное"
4456,русалка,suv parisi,A2,B1,сказочный персонаж
4457,Нептун,Neptun,A2,B2,мифологическое имя
4461,волшебная палочка,sehrli tayoqcha,A2,B1,менее частое сочетание
4464,гном,gnom,A2,B1,сказочный персонаж
4465,привидение,arvoh,A2,B1,менее частое слово
4466,призрак,koʻlanka,A2,B1,менее частое слово
4467,чудовище,maxluq,A2,B1,менее частое слово
4468,дракон,ajdaho,A2,B1,сказочный персонаж
4469,великан,devqomat odam,A2,B1,сказочный персонаж
4490,оперетта,operetta,B1,B2,редкий жанр
4493,труппа,truppa,B1,B2,театральный термин
4498,репертуар,repertuar,B1,B2,театральный термин
4509,партер,parter,B1,B2,театральный термин
4511,бельэтаж,beletaj,B1,B2,театральный термин
4512,ложа,loja,B1,B2,театральный термин
4513,ряд,qator,B1,A2,частое слово
4514,место,oʻrin,B1,A2,частое слово
4519,овации,gulduros qarsaklar,B1,B2,книжное слово
4523,кулисы,sahnadagi yon dekoratsiya,B1,B2,театральный термин
4538,мелодрама,melodrama,A2,B1,менее частый жанр
4540,художественный фильм,badiiy film,A2,B1,формальный термин
4543,немое кино,ovozsiz kino,A2,B2,редкое понятие
4551,сценарий,stsenariy,A2,B1,профессиональная лексика кино
4552,сценарист,stsenariychi,A2,B1,профессиональная лексика кино
4553,режиссёр,rejissyor,A2,B1,профессиональная лексика кино
4554,продюсер,prodyuser,A2,B1,профессиональная лексика кино
4555,ассистент,assistent,A2,B1,менее частая профессия
4556,оператор,operator,A2,B1,профессиональная лексика кино
4557,каскадёр,kaskadyor,A2,B2,узкая профессия
4558,снимать фильм,filmni suratga olmoq,A2,B1,профессиональная лексика кино
4559,пробы,sinovlar,A2,B2,узкий термин кино
4560,съёмки,suratga olish,A2,B1,профессиональная лексика кино
4561,съёмочная группа,suratga olish guruhi,A2,B2,узкий термин кино
4562,съёмочная площадка,suratga olish maydonchasi,A2,B2,узкий термин кино
4563,кинокамера,kinokamera,A2,B1,специальная техника
4567,звуковая дорожка,tovush yoʻlkachasi,A2,B2,технический термин
4568,специальные эффекты,maxsus effektlar,A2,B1,специальное понятие
4569,субтитры,subtitrlar,A2,B1,специальное понятие
4570,титры (имена актеров),titrlar,A2,B1,специальное понятие
4573,изящные искусства,nafis sanʼat,B1,B2,книжное сочетание
4578,абстракционизм,abstraktsionizm,B1,B2,искусствоведческий термин
4579,импрессионизм,impressionizm,B1,B2,искусствоведческий термин
4580,картина,rasm,B1,A2,частое слово
4581,рисунок,rasm,B1,A2,частое слово
4586,репродукция,reproduktsiya,B1,B2,специальный термин
4588,витраж,vitraj,B1,B2,специальный термин
4589,фреска,freska,B1,B2,специальный термин
4590,гравюра,gravyura,B1,B2,специальный термин
4591,бюст,byust,B1,B2,специальный термин
4599,натюрморт,natyurmort,B1,B2,искусствоведческий термин
4608,рисовать (карандашом),rasm chizmoq,B1,A2,частый глагол
4609,рисовать (красками),rasm chizmoq,B1,A2,частый глагол
4610,позировать,biror qiyofada turmoq,B1,B2,редкое слово
4611,натурщик,naturachi,B1,B2,редкое слово
4612,натурщица,naturachi,B1,B2,редкое слово
4617,холст,xolst,B1,B2,специальный термин
4618,мольберт,molbert,B1,B2,специальный термин
4621,реставрация,restavratsiya,B1,B2,специальный термин
4622,реставрировать,restavratsiya qilmoq,B1,B2,специальный термин
4642,беллетристика,belletristika,B1,B2,книжный термин
4648,цирк-шапито,sirk-shapito,B1,B2,редкое слово
4653,пантомима,pantomima,B1,B2,редкое слово
4661,укротитель,boʻysindiruvchi,B1,B2,редкое слово
4668,жонглировать,jonglyorlik qilmoq,B1,B2,редкое слово
4677,виолончель,violonchel,A2,B1,редкий инструмент
4678,контрабас,kontrabas,A2,B2,редкий инструмент
4679,арфа,arfa,A2,B1,редкий инструмент
4681,рояль,royal,A2,B1,менее частый инструмент
4682,духовые инструменты,puflab chalinadigan,A2,B1,музыкальный термин
4683,гобой,goboy,A2,B2,редкий инструмент
4684,саксофон,saksofon,A2,B1,менее частый инструмент
4685,кларнет,klarnet,A2,B1,менее частый инструмент
4686,флейта,nay,A2,B1,менее частый инструмент
4687,труба,truba,A2,B1,менее частый инструмент
4688,аккордеон,akkordeon,A2,B1,менее частый инструмент
4690,дуэт,duet,A2,B1,музыкальный термин
4691,трио,trio,A2,B1,музыкальный термин
4692,квартет,kvartet,A2,B2,музыкальный термин
4693,хор,xor,A2,B1,музыкальный термин
4699,кумир,sanam,A2,B1,книжное слово
4702,симфония,simfoniya,A2,B1,музыкальный термин
4703,сочинение (муз.),musiqiy asar,A2,B1,музыкальный термин
4704,"сочинить (стихи, песню)",yozmoq,A2,B1,менее частый глагол
4709,блюз,blyuz,A2,B1,узкий жанр
4711,палочка (дирижёрская),tayoqcha,A2,B2,узкий музыкальный термин
4712,смычок,kamoncha,A2,B2,узкий музыкальный термин
4713,струна,tor,A2,B1,музыкальный термин
4714,футляр,gʻilof,A2,B1,менее частое слово
4730,тележка для багажа,chamadon uchun aravacha,A2,B1,менее частое понятие
4735,путеводитель,yoʻlkoʻrsatkich,A2,B1,менее частое понятие
4737,местность,joy,A2,B1,абстрактное существительное
4738,место,joy,A2,A1,базовое слово
4739,экзотика,ekzotika,A2,B1,абстрактное существительное
4740,экзотический,ekzotik,A2,B1,менее частое прилагательное
4746,мотель,motel,A2,B1,менее частое понятие
4754,полупансион,yarim pansion,A2,B1,специальный термин
4755,полный пансион,toʻliq pansion,A2,B1,специальный термин
4758,спутниковое телевидение,sputnik televideniyasi,A2,B1,технический термин
4764,носильщик,hammol,A2,B1,менее частая профессия
4765,портье,porte,A2,B1,менее частая профессия
4771,вестибюль,vestibyul,A2,B1,менее частое понятие
4775,книга,kitob,A2,A1,базовое слово
4782,про себя (читать),ichida,A2,B1,менее частое выражение
4784,издавать (книгу),nashr qilmoq,A2,B1,издательская лексика
4785,издание,nashr,A2,B1,издательская лексика
4786,издатель,noshir,A2,B2,издательская лексика
4787,издательство,nashriyot,A2,B1,издательская лексика
4788,выйти (о книге),chiqmoq,A2,B1,издательская лексика
4789,выход (книги),chiqdi,A2,B1,издательская лексика
4790,тираж (книги),tiraj,A2,B2,издательская лексика
4793,повесть,qissa,A2,B1,литературный термин
4797,мемуары,memuarlar,A2,B2,книжное слово
4799,миф,afsona,A2,B1,абстрактное понятие
4801,автобиография,tarjimai hol,A2,B1,литературный термин
4802,избранное,saylanma,A2,B2,литературный термин
4805,введение,kirish,A2,B1,литературный термин
4806,титульный лист,titul varagʻi,A2,B2,издательская лексика
4807,глава (книги),bob,A2,B1,литературный термин
4808,отрывок,parcha,A2,B1,литературный термин
4809,эпизод,epizod,A2,B1,литературный термин
4810,сюжет,syujet,A2,B1,литературный термин
4811,содержание (список),mundarija,A2,B1,литературный термин
4812,оглавление,mundarija,A2,B1,литературный термин
4814,том,jild,A2,B1,издательская лексика
4815,обложка (книги),muqova,A2,B1,менее частое слово
4816,переплёт,muqovalash,A2,B2,издательская лексика
4817,закладка,xatchoʻp,A2,B1,менее частое слово
4819,листать,varaqlash,A2,B1,менее частый глагол
4820,поля (на странице),hoshiya,A2,B2,издательская лексика
4821,пометка,belgi,A2,B1,менее частое слово
4822,примечание,izoh,A2,B1,менее частое слово
4824,шрифт,shrift,A2,B1,технический термин
4825,опечатка,terishda yoʻl qoʻyilgan xato,A2,B1,менее частое слово
4828,подлинник,asl,A2,B2,книжное слово
4831,интересный,qiziqarli,A2,A1,базовое прилагательное
4832,бестселлер,bestseller,A2,B1,менее частое слово
4835,энциклопедия,entsiklopediya,A2,B1,менее частое слово
4842,дробь,pitra,B1,B2,охотничий термин
4851,чучело,tulum,B1,B2,редкое слово
4853,рыбалка,baliq ovi,B1,A2,частое хобби
4854,ловить рыбу,baliq ovlamoq,B1,A2,частое сочетание
4858,поплавок,poʻkak,B1,B2,узкий термин
4863,прорубь,muzdagi oʻyiq,B1,B2,редкое слово
4870,китобой,kit ovlovchi,B1,B2,редкое слово
4871,китобойное судно,kit ovlovchi kema,B1,B2,редкое слово
4872,гарпун,garpun,B1,B2,редкое слово
4877,кий,kiy,B1,B2,узкий термин
4878,луза,luza,B1,B2,узкий термин
4895,шулер,gʻirrom,B1,B2,редкое слово
4900,красное,qizil,B2,A1,базовое слово выживания
4901,чёрное,qora,B2,A1,базовое слово выживания
4906,правила игры,oʻyin qoidalari,B2,A2,частое бытовое слово
4908,выиграть,yutib olmoq,B2,A2,частый бытовой глагол
4909,выигрыш,yutuq,B2,B1,"общеупотребительное, не специальное"
4911,проигрыш,yutqiziq,B2,B1,"общеупотребительное, не специальное"
4924,партия (в игре),partiya,A2,B1,узкое значение
4925,коллекционер,kollektsioner,A2,B1,"редкое, нечастое понятие"
4926,коллекционировать,kollektsiya yigʻmoq,A2,B1,"редкое, нечастое понятие"
4929,ипподром,ippodrom,A2,B2,специальная лексика
4932,лотерея,lotereya,A2,B1,"редкое, нечастое понятие"
4936,компас,kompas,A2,B1,специальная лексика
4938,смотреть (телевизор),koʻrmoq,A2,A1,базовое частое слово
4939,телезритель,teletomoshabin,A2,B1,"редкое, нечастое понятие"
4942,"фото, фотография",foto,A2,A1,базовое частое слово
4944,фотостудия,fotostudiya,A2,B1,специальная лексика
4946,объектив,obʼektiv,A2,B1,техническая лексика
4947,телеобъектив,teleobʼektiv,A2,B2,техническая лексика
4949,линза,linza,A2,B1,техническая лексика
4951,диафрагма,diafragma,A2,B2,техническая лексика
4952,выдержка,viderjka,A2,B2,техническая лексика
4953,видоискатель,vidoiskatel,A2,B2,техническая лексика
4954,цифровая камера,raqamli kamera,A2,B1,техническая лексика
4955,штатив,shtativ,A2,B1,техническая лексика
4956,вспышка,vspishka,A2,B1,техническая лексика
4960,фокус,ravshanlik,A2,B1,техническая лексика
4961,наводить на резкость,ravshanlikni sozlash,A2,B2,техническая лексика
4962,резкий (фото),ravshan,A2,B1,техническая лексика
4963,резкость,ravshanlik,A2,B1,техническая лексика
4964,контраст,kontrast,A2,B1,"редкое, нечастое понятие"
4965,контрастный,kontrastli,A2,B1,"редкое, нечастое понятие"
4967,негатив,negativ,A2,B2,техническая лексика
4968,фотоплёнка,fotoplyonka,A2,B2,техническая лексика
4969,кадр,kadr,A2,B1,техническая лексика
4973,пустынный (пляж),choʻlga oʻxshagan,A2,B1,"редкое, нечастое понятие"
4976,загорелый,oftobda qoraygan,A2,B1,"редкое, нечастое понятие"
4977,крем для загара,qorayish uchun krem,A2,B1,многословное/редкое выражение
4980,плавки,plavka,A2,B1,"редкое, нечастое понятие"
4987,катер,kater,A2,B1,"редкое, нечастое понятие"
4988,водные лыжи,suv changʻisi,A2,B1,специальная лексика
4989,водный велосипед,suv velosipedi,A2,B1,специальная лексика
4991,серфингист,serfingchi,A2,B1,специальная лексика
4992,акваланг,akvalang,A2,B2,специальная лексика
4993,ласты,lasta,A2,B1,специальная лексика
4995,ныряльщик,shoʻngʻuvchi,A2,B1,"редкое, нечастое понятие"
4999,шезлонг,shezlong,A2,B1,"редкое, нечастое понятие"
5001,плавательный матрац,suzish uchun matrats,A2,B1,многословное/редкое выражение
5005,надувать,shishirmoq,A2,B1,"редкое, нечастое понятие"
5006,матрас),shishiriladigan,A2,B1,"редкое, нечастое понятие"
5008,буй,buy,A2,B2,специальная лексика
5009,тонуть,choʻkmoq,A2,B1,"редкое, нечастое понятие"
5011,спасатель,qutqaruvchi,A2,B1,"редкое, нечастое понятие"
5012,спасательный жилет,qutqaruv jileti,A2,B1,многословное/редкое выражение
5014,компьютер,kompyuter,A2,A1,базовое частое слово
5019,клавиша,klavisha,A2,B1,техническая лексика
5021,коврик для мыши,gilamcha,A2,B1,многословное/редкое выражение
5023,курсор,kursor,A2,B1,техническая лексика
5026,жёсткий диск,qattiq disk,A2,B1,техническая лексика
5027,объём жесткого диска,qattiq disk,A2,B2,техническая лексика
5029,оперативная память,operativ xotira,A2,B1,техническая лексика
5032,открыть,ochmoq,A2,A1,базовое частое слово
5033,закрыть,yopmoq,A2,A1,базовое частое слово
5037,сортировать,saralamoq,A2,B1,"редкое, нечастое понятие"
5038,переписать (файл),qayta yozmoq,A2,B1,техническая лексика
5040,программное обеспечение,dasturiy taʼminot,A2,B1,техническая лексика
5042,программировать,dasturlashtirmoq,A2,B1,техническая лексика
5043,хакер,xaker,A2,B1,"редкое, нечастое понятие"
5046,обнаружить,aniqlamoq,A2,B1,"редкое, нечастое понятие"
5047,байт,bayt,A2,B1,техническая лексика
5048,мегабайт,megabayt,A2,B1,техническая лексика
5049,данные,maʼlumotlar,A2,B1,"редкое, нечастое понятие"
5050,база данных,maʼlumotlar bazasi,A2,B1,техническая лексика
5051,кабель,kabel,A2,B1,техническая лексика
5052,отсоединить,ajratmoq,A2,B1,техническая лексика
5053,подсоединить,ulamoq,A2,B1,техническая лексика
5055,браузер,brauzer,A2,B1,техническая лексика
5056,поисковый ресурс,qidiruv resursi,A2,B2,техническая лексика
5057,провайдер,provayder,A2,B1,техническая лексика
5058,веб-мастер,veb-master,A2,B2,техническая лексика
5060,веб-страница,veb-sahifa,A2,B1,техническая лексика
5061,адрес,manzil,A2,A1,базовое частое слово
5062,адресная книга,manzil kitobi,A2,B1,многословное/редкое выражение
5065,переполненный (ящик),toʻlib ketgan,A2,B1,"редкое, нечастое понятие"
5067,входящие сообщения,kiruvchi xabarlar,A2,B1,техническая лексика
5068,исходящие сообщения,chiquvchi xabarlar,A2,B1,техническая лексика
5069,отправитель,yuboruvchi,A2,B1,"редкое, нечастое понятие"
5071,отправка (письма),joʻnatish,A2,B1,"редкое, нечастое понятие"
5072,получатель,oluvchi,A2,B1,"редкое, нечастое понятие"
5074,переписка,yozishma,A2,B1,"редкое, нечастое понятие"
5075,переписываться,yozishmoq,A2,B1,"редкое, нечастое понятие"
5080,удалённый (о файле),yoʻq qilingan,A2,B1,техническая лексика
5081,связь,aloqa,A2,B1,"редкое, нечастое понятие"
5083,модем,modem,A2,B2,техническая лексика
5084,доступ,kirish imkoniyati,A2,B1,"редкое, нечастое понятие"
5085,порт (комп.),port,A2,B2,техническая лексика
5086,подключение,ulanish,A2,B1,техническая лексика
5087,подключиться,ulanmoq,A2,B1,техническая лексика
5089,искать,izlamoq,A2,A1,базовое частое слово
5098,свет (электричество),yorugʻlik,B1,A2,частое бытовое слово
5099,включать,yoqmoq,B1,A2,частый бытовой глагол
5100,выключать,oʻchirmoq,B1,A2,частый бытовой глагол
5101,погасить свет,chiroqni yoqmoq,B1,A2,частая бытовая фраза
5103,короткое замыкание,qisqa tutashuv,B1,B2,технический термин
5104,обрыв (провода),uzilish,B1,B2,технический термин
5110,предохранитель,saqlagich,B1,B2,технический термин
5114,сила тока,tok kuchi,B1,B2,технический термин
5116,напряжение,kuchlanish,B1,B2,технический термин
5120,паять,kavsharlamoq,B1,B2,технический термин
5121,паяльник,kavsharlagich,B1,B2,технический термин
5131,рубанок,randa,B1,B2,специальный инструмент
5132,строгать,randalamoq,B1,B2,специальный глагол
5135,напильник,egov,B1,B2,специальный инструмент
5138,стамеска,iskana,B1,B2,специальный инструмент
5146,острый (нож и т.п.),oʻtkir,B1,A2,частое прилагательное
5152,резьба (на винте),rezba,B1,B2,технический термин
5158,уровень (инструмент),vaterpas,B1,B2,специальный инструмент
5164,компрессор,kompressor,B1,B2,технический термин
5172,наждачная бумага,qumqogʻoz,B1,B2,специальное слово
5180,кувалда,bosqon,B1,B2,специальный инструмент
5181,лом,lom,B1,B2,специальный инструмент
5183,стремянка,ikki yoqqa ochiladigan,B1,B2,специальное слово
5188,резать,kesmoq,B1,A2,частый бытовой глагол
5193,проверять,tekshirmoq,B1,A2,частый глагол
5197,сложный,murakkab,B1,A2,частое прилагательное
5205,сверхзвуковой,tovushdan tez,B1,B2,технический термин
5208,пилот,uchuvchi,B1,A2,распространённая профессия
5210,штурман,shturman,B1,B2,узкая профессия
5215,шасси,shassi,B1,B2,технический термин
5216,турбина,turbina,B1,B2,технический термин
5219,штурвал,shturval,B1,B2,технический термин
5232,воздушная яма,havo oʻpqoni,B1,B2,узкий термин
5241,тепловоз,teplovoz,A2,B2,техническая лексика
5242,паровоз,parovoz,A2,B1,"редкое, нечастое понятие"
5244,вагон-ресторан,vagon-restoran,A2,B1,"редкое, нечастое понятие"
5245,рельсы,relslar,A2,B1,"редкое, нечастое понятие"
5247,шпала,shpala,A2,B2,техническая лексика
5250,семафор,semafor,A2,B2,техническая лексика
5252,машинист,mashinist,A2,B1,специальная лексика
5254,проводник,provodnik,A2,B1,"редкое, нечастое понятие"
5257,коридор (в поезде),yoʻlka,A2,B1,"редкое, нечастое понятие"
5258,стоп-кран,stop-kran,A2,B2,техническая лексика
5261,полка верхняя,yuqori polka,A2,B1,многословное/редкое выражение
5262,полка нижняя,pastki polka,A2,B1,многословное/редкое выражение
5266,табло (расписание),tablo,A2,B1,"редкое, нечастое понятие"
5267,отходить,joʻnamoq,A2,B1,"редкое, нечастое понятие"
5268,отправление (поезда),joʻnash,A2,B1,"редкое, нечастое понятие"
5274,крушение,halokat,A2,B2,книжное/абстрактное слово
5275,сойти с рельс,relslardan chiqib ketmoq,A2,B2,многословное/редкое выражение
5277,кочегар,oʻtyoqar,A2,B2,специальная лексика
5278,топка,oʻtxona,A2,B2,техническая лексика
5279,уголь,koʻmir,A2,B1,"редкое, нечастое понятие"
5280,корабль,kema,B1,A2,частое слово
5283,теплоход,teploxod,B1,B2,редкий тип судна
5285,крейсер,kreyser,B1,B2,военно-морской термин
5287,буксир,shatakchi kema,B1,B2,редкий тип судна
5288,баржа,barja,B1,B2,редкий тип судна
5291,бригантина,brigantina,B1,B2,редкий тип судна
5292,ледокол,muzyorar,B1,B2,редкий тип судна
5295,шлюпка,shlyupka,B1,B2,морской термин
5296,шлюпка спасательная,qutqaruv shlyupkasi,B1,B2,морской термин
5302,боцман,botsman,B1,B2,морской термин
5303,юнга,yunga,B1,B2,морской термин
5304,кок,kok,B1,B2,морской термин
5309,трюм,tryum,B1,B2,морской термин
5311,корма,quyruq,B1,B2,морской термин
5315,кают-компания,kayut-kompaniya,B1,B2,морской термин
5316,машинное отделение,mashina boʻlinmasi,B1,B2,морской термин
5317,капитанский мостик,kapitan koʻprikchasi,B1,B2,морской термин
5318,радиорубка,radiorubka,B1,B2,морской термин
5320,судовой журнал,kema jurnali,B1,B2,морской термин
5321,подзорная труба,uzun durbin,B1,B2,редкое слово
5323,флаг,bayroq,B1,A2,частое слово
5326,трап,trap,B1,B2,морской термин
5330,якорная цепь,langar zanjiri,B1,B2,морской термин
5339,фарватер,farvater,B1,B2,морской термин
5340,мель,sayozlik,B1,B2,морской термин
5341,сесть на мель,sayozlikka oʻtirmoq,B1,B2,морской термин
5346,аэропорт,aeroport,A2,A1,базовое частое слово
5348,авиакомпания,aviakompaniya,A2,B1,"редкое, нечастое понятие"
5349,диспетчер,dispetcher,A2,B2,специальная лексика
5356,задержка вылета,uchib ketishning kechikishi,A2,B1,многословное/редкое выражение
5357,информационное табло,maʼlumotlar tablosi,A2,B1,многословное/редкое выражение
5359,объявлять,eʼlon qilmoq,A2,B1,"редкое, нечастое понятие"
5362,таможенник,bojxona xodimi,A2,B1,специальная лексика
5363,таможенная декларация,deklaratsiya,A2,B1,специальная лексика
5364,заполнить декларацию,deklaratsiya toʻldirmoq,A2,B1,многословное/редкое выражение
5367,ручная кладь,qoʻl yuki,A2,B1,многословное/редкое выражение
5368,розыск багажа,yukni qidirish,A2,B2,многословное/редкое выражение
5369,тележка (для багажа),aravacha,A2,B1,"редкое, нечастое понятие"
5371,посадочная полоса,qoʻnish maydoni,A2,B2,техническая лексика
5372,садиться (о самолёте),qoʻnmoq,A2,B1,"редкое, нечастое понятие"
5373,трап (к самолету),trap,A2,B2,техническая лексика
5375,стойка регистрации,roʻyxatdan oʻtish joyi,A2,B1,многословное/редкое выражение
5379,транзит,tranzit,A2,B1,специальная лексика
5385,мотороллер,motoroller,A2,B1,"редкое, нечастое понятие"
5388,руль (велосипеда),rul,A2,B1,техническая лексика
5389,педаль,pedal,A2,B1,техническая лексика
5390,тормоза,tormozlar,A2,B1,техническая лексика
5391,седло,egar,A2,B1,техническая лексика
5392,насос,nasos,A2,B1,"редкое, нечастое понятие"
5393,багажник,yukxona,A2,B1,техническая лексика
5397,крыло,qanot,A2,B1,техническая лексика
5398,обод,gardish,A2,B2,техническая лексика
5399,спица,kegay,A2,B2,техническая лексика
5401,спортивный автомобиль,sport avtomobili,A2,B1,многословное/редкое выражение
5402,лимузин,limuzin,A2,B1,"редкое, нечастое понятие"
5403,"внедорожник, джип",vnedorojnik,A2,B1,"редкое, нечастое понятие"
5404,кабриолет,kabriolet,A2,B2,"редкое, нечастое понятие"
5405,микроавтобус,mikroavtobus,A2,B1,"редкое, нечастое понятие"
5407,снегоуборочная машина,qor kurovchi mashina,A2,B2,техническая лексика
5409,бензовоз,benzin tashiydigan mashina,A2,B2,техническая лексика
5410,фургон,furgon,A2,B1,"редкое, нечастое понятие"
5411,тягач,shatakchi mashina,A2,B2,техническая лексика
5412,прицеп,tirkama,A2,B1,техническая лексика
5413,комфортабельный,qulay,A2,B1,"редкое, нечастое понятие"
5414,подержанный,tutilgan,A2,B1,"редкое, нечастое понятие"
5415,капот,kapot,A2,B1,техническая лексика
5418,ветровое стекло,shamol toʻsadigan oyna,A2,B1,техническая лексика
5419,зеркало заднего вида,orqa koʻrinish koʻzgusi,A2,B1,техническая лексика
5420,омыватель,oyna yuvgich,A2,B2,техническая лексика
5421,щетки стеклоочистителя,oyna tozalagichlar,A2,B1,техническая лексика
5422,боковое стекло,yon oyna,A2,B1,техническая лексика
5423,стеклоподъёмник,oyna koʻtargich,A2,B2,техническая лексика
5424,антенна,antenna,A2,B1,техническая лексика
5425,люк,lyuk,A2,B1,техническая лексика
5426,бампер,bamper,A2,B1,техническая лексика
5432,глушитель,glushitel,A2,B2,техническая лексика
5433,бензобак,benzobak,A2,B1,техническая лексика
5434,выхлопная труба,ishlangan gazlar trubasi,A2,B2,техническая лексика
5437,педаль газа,gaz pedali,A2,B1,техническая лексика
5438,тормоз,tormoz,A2,B1,техническая лексика
5439,педаль тормоза,tormoz pedali,A2,B1,техническая лексика
5440,тормозить,tormoz bermoq,A2,B1,техническая лексика
5441,стояночный тормоз,toʻxtab turish tormozi,A2,B2,техническая лексика
5442,сцепление,stseplenie,A2,B2,техническая лексика
5443,педаль сцепления,stseplenie pedali,A2,B2,техническая лексика
5444,диск сцепления,stseplenie diski,A2,B2,техническая лексика
5445,амортизатор,amortizator,A2,B2,техническая лексика
5447,запасное колесо,zahira gʻildirak,A2,B1,техническая лексика
5448,колпак (на колесе),qopqoq,A2,B2,техническая лексика
5449,ведущие колёса,etaklovchi gʻildirak,A2,B2,техническая лексика
5450,переднеприводный,oldingi uzatmali,A2,B2,техническая лексика
5451,заднеприводный,orqa uzatmali,A2,B2,техническая лексика
5452,полноприводный,toʻliq uzatmali,A2,B2,техническая лексика
5453,коробка передач,uzatish qutisi,A2,B1,техническая лексика
5456,рычаг коробки передач,uzatish qutisi richagi,A2,B2,техническая лексика
5457,фара,fara,A2,B1,техническая лексика
5458,фары (свет),faralar,A2,B1,техническая лексика
5459,ближний свет,yaqin chiroq,A2,B1,техническая лексика
5460,дальний свет,uzoq chiroq,A2,B1,техническая лексика
5461,стоп-сигнал,toʻxtash signali,A2,B1,техническая лексика
5462,габаритные огни,gabarit chiroqlari,A2,B2,техническая лексика
5463,аварийные огни,avariya chiroqlari,A2,B1,техническая лексика
5464,противотуманные фары,tumanga qarshi faralar,A2,B1,техническая лексика
5465,указатель поворота,burilish chirogʻi,A2,B1,техническая лексика
5466,фонарь заднего хода,orqaga yurish chirogʻi,A2,B2,техническая лексика
5467,салон (автомобиля),salon,A2,B1,техническая лексика
5469,велюровый,velyur,A2,B2,"редкое, нечастое понятие"
5470,обивка,qoplama,A2,B2,техническая лексика
5471,прибор,asbob,A2,B1,техническая лексика
5472,приборный щиток,asboblar shchiti,A2,B2,техническая лексика
5473,спидометр,spidometr,A2,B1,техническая лексика
5474,стрелка,strelka,A2,B1,"редкое, нечастое понятие"
5475,счётчик километража,schyotchik,A2,B2,техническая лексика
5476,датчик,datchik,A2,B1,техническая лексика
5477,уровень (напр. масла),sath,A2,B1,техническая лексика
5478,лампочка (индикатор),lampochka,A2,B1,техническая лексика
5482,переключатель,pereklyuchatel,A2,B1,техническая лексика
5484,спинка (сиденья),suyanchiq,A2,B1,техническая лексика
5485,подголовник,boshtiragich,A2,B1,техническая лексика
5488,регулировка,sozlash,A2,B1,техническая лексика
5489,воздушная подушка,havo yostiqchasi,A2,B1,техническая лексика
5491,радио,radio,A2,A1,базовое частое слово
5492,проигрыватель,CD-proigrivatel,A2,B1,техническая лексика
5495,отделение для перчаток,bardachok,A2,B1,техническая лексика
5504,поршень,porshen,B1,B2,технический термин
5506,клапан,klapan,B1,B2,технический термин
5507,инжектор,injektor,B1,B2,технический термин
5509,карбюратор,karbyurator,B1,B2,технический термин
5512,охлаждающая жидкость,sovituvchi suyuqlik,B1,B2,технический термин
5515,стартер,starter,B1,B2,технический термин
5516,зажигание,oʻt oldirish tizimi,B1,B2,технический термин
5517,свеча зажигания,oʻt oldirish svechasi,B1,B2,технический термин
5518,клемма,klemma,B1,B2,технический термин
5526,дорожное происшествие,yoʻl xodisasi,A2,B1,книжное/абстрактное слово
5527,врезаться (о машине),urilmoq,A2,B1,"редкое, нечастое понятие"
5529,повреждение,shikastlanish,A2,B1,"редкое, нечастое понятие"
5530,целый (невредимый),butun,A2,B1,"редкое, нечастое понятие"
5532,буксировочный трос,shatak burama arqoni,A2,B2,техническая лексика
5533,прокол,teshilish,A2,B1,техническая лексика
5534,спустить (о колесе),boʻshab qolmoq,A2,B1,техническая лексика
5535,накачивать (шину),dam bermoq,A2,B1,техническая лексика
5536,давление,bosim,A2,B1,"редкое, нечастое понятие"
5539,автосервис,taʼmirlash ustaxonasi,A2,B1,техническая лексика
5540,запчасть,ehtiyot qism,A2,B1,техническая лексика
5541,деталь,qism,A2,B1,техническая лексика
5542,болт,bolt,A2,B1,техническая лексика
5543,винт,vint,A2,B1,техническая лексика
5544,гайка,gayka,A2,B1,техническая лексика
5545,шайба,shayba,A2,B2,техническая лексика
5546,подшипник,podshipnik,A2,B2,техническая лексика
5547,трубка,trubka,A2,B1,техническая лексика
5548,прокладка,prokladka,A2,B2,техническая лексика
5549,провод,sim,A2,B1,техническая лексика
5550,домкрат,domkrat,A2,B2,техническая лексика
5551,гаечный ключ,gayka kaliti,A2,B1,техническая лексика
5554,отвёртка,otvyortka,A2,B1,техническая лексика
5555,огнетушитель,oʻtoʻchirgich,A2,B1,техническая лексика
5556,аварийный треугольник,avariya uchburchagi,A2,B2,техническая лексика
5557,глохнуть (о моторе),oʻchib qolmoq,A2,B1,техническая лексика
5558,остановка (мотора),toʻxtab qolish,A2,B1,техническая лексика
5560,перегреться,qizib ketmoq,A2,B1,техническая лексика
5561,засориться,ifloslanmoq,A2,B1,"редкое, нечастое понятие"
5563,лопнуть,yorilmoq,A2,B1,"редкое, нечастое понятие"
5566,слабый (о ремне и т.п.),zaif,A2,B1,"редкое, нечастое понятие"
5567,вмятина,ezilgan joy,A2,B1,"редкое, нечастое понятие"
5568,стук (шум),taqillash,A2,B1,"редкое, нечастое понятие"
5569,трещина,darz,A2,B1,"редкое, нечастое понятие"
5571,дорога,yoʻl,B1,A1,базовое слово
5577,"паркинг, парковка",parking,B1,A2,частое бытовое слово
5579,развязка,ostin-ustun chorraha,B1,B2,технический термин
5581,автозаправка,yoqilgʻi quyish shoxobchasi,B1,A2,частое бытовое слово
5589,разметка,belgi,B1,B2,технический термин
5590,бордюр,bordyur,B1,B2,технический термин
5592,кювет,yoʻl chetidagi ariq,B1,B2,редкое слово
5602,буксовать,shataksiramoq,B1,B2,редкий глагол
5611,пешеходный переход,yoʻlovchilar oʻtish joyi,B1,A2,частое городское слово
5631,праздник (торжество),bayram,A1,A2,праздники и гости — A2
5632,национальный праздник,milliy bayram,A1,A2,праздники и гости — A2
5634,праздновать,bayram qilmoq,A1,A2,праздники и гости — A2
5635,событие,voqea,A1,B1,нечастое понятие события
5636,мероприятие (событие),tadbir,A1,B1,нечастое понятие события
5637,банкет,banket,A1,B1,нечастое понятие события
5638,приём (мероприятие),qabul,A1,B1,нечастое понятие события
5639,пир,bazm,A1,B1,нечастое понятие события
5640,годовщина,yillik,A1,B1,нечастое понятие события
5641,юбилей,yubiley,A1,B1,нечастое понятие события
5642,отметить (юбилей и т.п.),nishonlamoq,A1,B1,нечастое понятие события
5643,Новый год,Yangi Yil,A1,A2,праздники и гости — A2
5644,С Новым Годом!,Yangi Yil bilan!,A1,A2,праздники и гости — A2
5645,Новогодняя ёлка,Rojdestvo archasi,A1,B1,нечастое понятие
5646,Рождество,Rojdestvo,A1,B1,нечастое понятие события
5647,Весёлого Рождества!,Quvnoq Rojdestvo tilayman!,A1,B1,нечастое понятие события
5648,салют (фейерверк),mushak,A1,B1,нечастое понятие события
5649,свадьба,nikoh toʻyi,A1,A2,праздники и гости — A2
5650,жених,kuyov,A1,A2,праздники и гости — A2
5651,невеста,kelin,A1,A2,праздники и гости — A2
5652,приглашать,taklif qilmoq,A1,A2,праздники и гости — A2
5653,приглашение (документ),taklifnoma,A1,B1,нечастое понятие события
5655,идти в гости,mehmonga bormoq,A1,A2,праздники и гости — A2
5656,встречать гостей,mehmonlarni kutmoq,A1,A2,праздники и гости — A2
5657,подарок,sovgʻa,A1,A2,праздники и гости — A2
5658,дарить (подарок),sovgʻa qilmoq,A1,A2,праздники и гости — A2
5659,получать подарки,sovgʻa olmoq,A1,A2,праздники и гости — A2
5660,букет,dasta,A1,B1,нечастое понятие события
5661,поздравление,tabrik,A1,A2,праздники и гости — A2
5662,поздравлять,tabriklamoq,A1,A2,праздники и гости — A2
5663,поздравительная открытка,tabrik otkritkasi,A1,B1,нечастое понятие события
5664,отправить открытку,otkritka joʻnatmoq,A1,B1,нечастое понятие события
5665,получить открытку,otkritka olmoq,A1,B1,нечастое понятие события
5666,тост,qadah soʻzi,A1,B1,нечастое понятие события
5667,угощать,mehmon qilmoq,A1,A2,праздники и гости — A2
5669,веселиться,quvnamoq,A1,A2,праздники и гости — A2
5670,веселье,quvnoqlik,A1,B1,нечастое понятие события
5671,радость,quvonch,A1,A2,праздники и гости — A2
5672,танец,raqs,A1,A2,праздники и гости — A2
5673,танцевать,raqsga tushmoq,A1,A2,праздники и гости — A2
5674,вальс,vals,A1,B2,"название танца, редкое"
5675,танго,tango,A1,B2,"название танца, редкое"
5676,кладбище,mozor,A2,B1,"редкое, нечастое понятие"
5677,могила,goʻr,A2,B1,"редкое, нечастое понятие"
5679,надгробие,qabr toshi,A2,B1,"редкое, нечастое понятие"
5680,ограда,panjara,A2,B1,"редкое, нечастое понятие"
5681,часовня,butxona,A2,B2,"редкое, нечастое понятие"
5684,покойник,mayit,A2,B1,книжное/абстрактное слово
5685,траур,motam,A2,B1,"редкое, нечастое понятие"
5686,хоронить,dafn qilmoq,A2,B1,"редкое, нечастое понятие"
5687,похоронное бюро,dafn byurosi,A2,B2,многословное/редкое выражение
5689,венок,gulchambar,A2,B1,"редкое, нечастое понятие"
5690,гроб,tobut,A2,B1,"редкое, нечастое понятие"
5691,катафалк,tobut qoʻyiladigan arava,A2,B2,"редкое, нечастое понятие"
5692,саван,kafan,A2,B2,"редкое, нечастое понятие"
5693,траурная процессия,koʻmish marosimi,A2,B2,многословное/редкое выражение
5694,погребальная урна,urna,A2,B2,"редкое, нечастое понятие"
5695,крематорий,krematoriy,A2,B2,"редкое, нечастое понятие"
5696,некролог,taʼziyanoma,A2,B2,книжное/абстрактное слово
5698,рыдать,xoʻngrab yigʻlamoq,A2,B1,"редкое, нечастое понятие"
5699,взвод,vzvod,B1,B2,военный термин
5700,рота,rota,B1,B2,военный термин
5701,полк,polk,B1,B2,военный термин
5702,армия,armiya,B1,A2,частое слово
5703,дивизия,diviziya,B1,B2,военный термин
5706,солдат,askar,B1,A2,частое слово
5718,артиллерист,artilleriyachi,B1,B2,военный термин
5719,десантник,desantchi,B1,B2,военный термин
5723,сапёр,sapyor,B1,B2,военный термин
5729,часовой (воен.),soqchi,B1,B2,военный термин
5731,герой,qahramon,B1,A2,частое слово
5732,героиня,qahramon,B1,A2,частое слово
5735,дезертир,dezertir,B1,B2,военный термин
5736,дезертировать,dezertirlik qilmoq,B1,B2,военный термин
5738,новобранец,yangi olingan askar,B1,B2,военный термин
5743,война,urush,B2,A2,общеизвестное слово
5744,воевать (вести войну),urushmoq,B2,B1,"общеупотребительное, не специальное"
5745,гражданская война,fuqarolar urushi,B2,B1,частое в новостях и жизни
5748,объявить (войну),eʼlon qilmoq,B2,B1,"общеупотребительное, не специальное"
5749,агрессия,agressiya,B2,B1,частое в новостях и жизни
5750,нападать,hujum qilmoq,B2,B1,"общеупотребительное, не специальное"
5751,захватывать,bosib olmoq,B2,B1,"общеупотребительное, не специальное"
5757,"враг, противник",dushman,B2,B1,общеизвестное слово
5759,стратегия,strategiya,B2,B1,"общеупотребительное, не специальное"
5761,приказ,buyruq,B2,B1,"общеупотребительное, не специальное"
5762,команда (приказ),komanda,B2,B1,"общеупотребительное, не специальное"
5764,задание (воен.),topshiriq,B2,B1,"общеупотребительное, не специальное"
5765,секретный,mahfiy,B2,B1,"общеупотребительное, не специальное"
5766,"битва, сражение",jang,B2,B1,"общеупотребительное, не специальное"
5781,выстрел,oʻq uzish,B2,B1,"общеупотребительное, не специальное"
5782,выстрелить,oʻq uzmoq,B2,B1,"общеупотребительное, не специальное"
5783,стрельба,oʻq otish,B2,B1,"общеупотребительное, не специальное"
5785,попасть (в цель),tegmoq,B2,B1,"общеупотребительное, не специальное"
5796,госпиталь,gospital,B2,B1,"общеупотребительное, не специальное"
5797,ранить,yaralamoq,B2,B1,"общеупотребительное, не специальное"
5800,получить ранение,yaralanmoq,B2,B1,"общеупотребительное, не специальное"
5809,предать,sotmoq,B2,B1,"общеупотребительное, не специальное"
5811,предательство,xoinlik,B2,B1,частое абстрактное понятие
5830,обстановка,vaziyat,B2,B1,"общеупотребительное, не специальное"
5837,паника,sarosimalik,B2,B1,"общеупотребительное, не специальное"
5840,разрушать,vayron qilmoq,B2,B1,"общеупотребительное, не специальное"
5841,выжить,tirik qolmoq,B2,B1,"общеупотребительное, не специальное"
5846,подвиг,jasorat,B2,B1,частое абстрактное понятие
5849,награда (медаль и т.п.),mukofot,B2,B1,"общеупотребительное, не специальное"
5850,награждать,mukofotlamoq,B2,B1,"общеупотребительное, не специальное"
5857,слава (почёт),shuhrat,B2,B1,частое абстрактное понятие
5858,парад,parad,B2,B1,"общеупотребительное, не специальное"
5860,оружие,qurol,B2,B1,общеизвестное слово
5866,бомба,bomba,B2,B1,общеизвестное слово
5867,атомная бомба,atom bombasi,B2,B1,частое в новостях и жизни
5868,пистолет,toʻpponcha,B2,B1,общеизвестное слово
5870,автомат,avtomat,B2,B1,общеизвестное слово
5881,пуля,oʻq,B2,B1,"общеупотребительное, не специальное"
5887,вертолёт,vertolyot,B2,A2,частое бытовое слово
5889,танк,tank,B2,B1,общеизвестное слово
5890,пушка (на танке),zambarak,B2,B1,общеизвестное слово
5897,подводная лодка,suv osti kemasi,B2,B1,общеизвестное слово
5899,ракета,raketa,B2,B1,общеизвестное слово
5906,лук,kamon,B2,B1,общеизвестное слово
5907,стрела,kamon oʻqi,B2,B1,общеизвестное слово
5920,мамонт,mamont,B2,B1,общеизвестное слово
5921,пещера,gʻor,B2,B1,"общеупотребительное, не специальное"
5933,"обряд, ритуал",marosim,B2,B1,важно для узбекского быта
5937,приспосабливаться,moslashmoq,B2,B1,"общеупотребительное, не специальное"
5943,находка,topilma,B2,B1,"общеупотребительное, не специальное"
5946,народы,xalqlar,B2,B1,"общеупотребительное, не специальное"
5959,император,imperator,B2,B1,общеизвестное слово
5964,рыцарь,ritsar,B2,B1,общеизвестное слово
5974,меч,qilich,B2,B1,общеизвестное слово
5979,территория,hudud,B2,B1,"общеупотребительное, не специальное"
5989,жестокий,berahm,B2,B1,"общеупотребительное, не специальное"
6008,королевство,qirollik,B2,B1,общеизвестное слово
6012,вице-президент,vitse-prezident,B2,B1,частое в новостях и жизни
6016,диктатор,diktator,B2,B1,частое в новостях и жизни
6022,босс,boss,B2,B1,"общеупотребительное, не специальное"
6023,хозяин (владелец),xoʻjayin,B2,A2,частое бытовое слово
6035,хан,xon,B2,B1,важно для узбекского быта
6052,прямо,toʻgʻriga,B1,A1,базовое наречие направления
6053,назад,orqaga,B1,A1,базовое наречие направления
6055,поворачивать,burilmoq,B1,A2,частый глагол
6060,отдохнуть,dam olmoq,B1,A1,базовый глагол
6071,шаг,qadam,B1,A2,частое слово
6072,пешком,piyoda,B1,A1,базовое наречие
6074,шлагбаум,shlagbaum,B1,B2,редкое слово
6078,преступник,jinoyatchi,B2,B1,"общеупотребительное, не специальное"
6079,вор,oʻgʻri,B2,A2,частое бытовое слово
6080,"воровать, красть",oʻgʻirlamoq,B2,A2,частый бытовой глагол
6081,"воровство, кража",oʻgʻrilik,B2,B1,"общеупотребительное, не специальное"
6088,грабитель,talonchi,B2,B1,"общеупотребительное, не специальное"
6092,убить,oʻldirmoq,B2,B1,"общеупотребительное, не специальное"
6093,убийство,qotillik,B2,B1,частое в новостях и жизни
6094,убийца,qotil,B2,B1,"общеупотребительное, не специальное"
6100,происшествие,xodisa,B2,B1,"общеупотребительное, не специальное"
6101,драка,mushtlashish,B2,B1,"общеупотребительное, не специальное"
6102,жертва,qurbon,B2,B1,"общеупотребительное, не специальное"
6103,повредить (испортить),shikastlamoq,B2,B1,"общеупотребительное, не специальное"
6104,ущерб,zarar,B2,B1,"общеупотребительное, не специальное"
6108,бить (ударять),urmoq,B2,A2,частый бытовой глагол
6109,избить,kaltaklamoq,B2,B1,"общеупотребительное, не специальное"
6110,отнять (деньги и т.п.),olib qoʻymoq,B2,B1,"общеупотребительное, не специальное"
6120,мафия,mafiya,B2,B1,частое в новостях и жизни
6121,карманный воришка,choʻntak oʻgʻrisi,B2,B1,"общеупотребительное, не специальное"
6127,фальшивый,soxta,B2,B1,"общеупотребительное, не специальное"
6137,взорвать,portlatmoq,B2,B1,частое в новостях и жизни
6141,терроризм,terrorizm,B2,B1,частое в новостях и жизни
6142,террорист,terrorchi,B2,B1,частое в новостях и жизни
6144,обмануть,aldamoq,B2,A2,частый бытовой глагол
6145,обман,aldash,B2,B1,"общеупотребительное, не специальное"
6146,мошенник,muttaham,B2,B1,"общеупотребительное, не специальное"
6149,взятка,pora,B2,B1,частое в новостях и жизни
6150,яд,zahar,B2,B1,"общеупотребительное, не специальное"
6151,отравить,zaharlamoq,B2,B1,"общеупотребительное, не специальное"
6156,угроза,poʻpisa,B2,B1,частое абстрактное понятие
6167,хулиган,bezori,B2,B1,"общеупотребительное, не специальное"
6173,суд (место),sud,B2,B1,"общеупотребительное, не специальное"
6185,виновник,aybdor,B2,B1,"общеупотребительное, не специальное"
6186,наказать,jazolamoq,B2,B1,"общеупотребительное, не специальное"
6195,тюрьма,qamoq,B2,B1,"общеупотребительное, не специальное"
6204,исчезнуть,gʻoyib boʻlmoq,B2,B1,"общеупотребительное, не специальное"
6205,освободить (из тюрьмы),ozod qilmoq,B2,B1,"общеупотребительное, не специальное"
6209,полицейский участок,politsiya mahkamasi,B2,B1,"общеупотребительное, не специальное"
6212,патрульная машина,patrul mashinasi,B2,B1,"общеупотребительное, не специальное"
6216,место преступления,xodisa roʻy bergan joy,B2,B1,"общеупотребительное, не специальное"
6217,свидетель,guvoh,B2,B1,"общеупотребительное, не специальное"
6218,свобода,erkinlik,B2,B1,частое абстрактное понятие
6220,скрыться,gʻoyib boʻlmoq,B2,B1,"общеупотребительное, не специальное"
6221,след,iz,B2,B1,"общеупотребительное, не специальное"
6223,"искать, разыскивать",qidirmoq,B2,A1,частый бытовой глагол
6224,подозрение,shubha,B2,B1,частое абстрактное понятие
6225,подозрительный,shubhali,B2,B1,"общеупотребительное, не специальное"
6226,остановить (для проверки),toʻxtatmoq,B2,A2,частый бытовой глагол
6227,задержать,toʻxtatmoq,B2,B1,"общеупотребительное, не специальное"
6229,расследование,tergov,B2,B1,"общеупотребительное, не специальное"
6230,"детектив, сыщик",detektiv,B2,B1,"общеупотребительное, не специальное"
6240,погоня,quvish,B2,B1,"общеупотребительное, не специальное"
6243,арест,qamoqqa olish,B2,B1,"общеупотребительное, не специальное"
6244,арестовать,qamoqqa olmoq,B2,B1,"общеупотребительное, не специальное"
6245,поймать (преступника),tutmoq,B2,A2,частый бытовой глагол
6248,доказательство,isbot,B2,B1,"общеупотребительное, не специальное"
6249,доказывать,isbotlamoq,B2,B1,"общеупотребительное, не специальное"
6250,след (отпечаток ноги),iz,B2,B1,"общеупотребительное, не специальное"
6251,отпечатки пальцев,barmoq izlari,B2,B1,"общеупотребительное, не специальное"
6254,невиновный,begunoh,B2,B1,"общеупотребительное, не специальное"
6255,несправедливость,adolatsizlik,B2,B1,частое абстрактное понятие
6256,несправедливый,adolatsiz,B2,B1,"общеупотребительное, не специальное"
6259,наркотик,narkotik,B2,B1,частое в новостях и жизни
6266,незаконный,noqonuniy,B2,B1,"общеупотребительное, не специальное"
6268,ответственный,maʼsuliyatli,B2,B1,"общеупотребительное, не специальное"
6269,космос,kosmos,B2,A2,общеизвестное слово
6270,космический,kosmik,B2,B1,"общеупотребительное, не специальное"
6272,мир,olam,B2,B1,"общеупотребительное, не специальное"
6273,галактика,galaktika,B2,B1,общеизвестное слово
6274,звезда,yulduz,B2,A1,базовое слово выживания
6276,планета,planeta,B2,A2,общеизвестное слово
6277,спутник,yoʻldosh,B2,B1,"общеупотребительное, не специальное"
6282,вращаться,aylanmoq,B2,B1,"общеупотребительное, не специальное"
6283,атмосфера,atmosfera,B2,B1,"общеупотребительное, не специальное"
6285,солнечная система,Quyosh sistemasi,B2,B1,общеизвестное слово
6286,солнечное затмение,Quyosh tutilishi,B2,B1,общеизвестное слово
6287,Луна,Oy,B2,A1,базовое слово выживания
6288,Марс,Mars,B2,A2,общеизвестное слово
6289,Венера,Venera,B2,B1,общеизвестное слово
6290,Юпитер,Yupiter,B2,B1,общеизвестное слово
6291,Сатурн,Saturn,B2,B1,общеизвестное слово
6292,Меркурий,Merkuriy,B2,B1,общеизвестное слово
6296,Млечный Путь,Somon Yoʻli,B2,B1,общеизвестное слово
6300,инопланетянин,oʻzga sayyoralik,B2,B1,общеизвестное слово
6302,летающая тарелка,uchar likopcha,B2,B1,общеизвестное слово
6303,космический корабль,kosmik kema,B2,B1,общеизвестное слово
6308,топливо,yoqilgʻi,B2,B1,"общеупотребительное, не специальное"
6312,солнечная батарея,quyosh batareyasi,B2,B1,"общеупотребительное, не специальное"
6315,кислород,kislorod,B2,B1,"общеупотребительное, не специальное"
6319,телескоп,teleskop,B2,B1,общеизвестное слово
6322,земной шар,er shari,B2,B1,"общеупотребительное, не специальное"
6326,глобус,globus,B2,A2,частое бытовое слово
6327,карта,xarita,B2,A2,частое бытовое слово
6328,атлас,atlas,B2,B1,"общеупотребительное, не специальное"
6331,Африка,Afrika,B2,A2,общеизвестное слово
6333,Америка,Amerika,B2,A2,общеизвестное слово
6334,Северная Америка,Shimoliy Amerika,B2,A2,общеизвестное слово
6335,Южная Америка,Janubiy Amerika,B2,A2,общеизвестное слово
6336,Антарктида,Antarktida,B2,B1,общеизвестное слово
6337,Арктика,Arktika,B2,B1,общеизвестное слово
6338,север,shimol,A1,A2,стороны света — A2
6339,на север,shimolga,A1,A2,стороны света — A2
6340,на севере,shimolda,A1,A2,стороны света — A2
6341,северный,shimoliy,A1,A2,стороны света — A2
6342,юг,janub,A1,A2,стороны света — A2
6343,на юг,janubga,A1,A2,стороны света — A2
6344,на юге,janubda,A1,A2,стороны света — A2
6345,южный,janubiy,A1,A2,стороны света — A2
6346,запад,gʻarb,A1,A2,стороны света — A2
6347,на запад,gʻarbga,A1,A2,стороны света — A2
6348,на западе,gʻarbda,A1,A2,стороны света — A2
6349,западный,gʻarbiy,A1,A2,стороны света — A2
6350,восток,sharq,A1,A2,стороны света — A2
6351,на восток,sharqga,A1,A2,стороны света — A2
6352,на востоке,sharqda,A1,A2,стороны света — A2
6353,восточный,sharqiy,A1,A2,стороны света — A2
6354,море,dengiz,A2,A1,базовое частое слово
6356,залив,koʻrfaz,A2,B1,"редкое, нечастое понятие"
6357,пролив,boʻgʻoz,A2,B1,"редкое, нечастое понятие"
6358,материк,materik,A2,B1,"редкое, нечастое понятие"
6360,полуостров,yarim orol,A2,B1,"редкое, нечастое понятие"
6361,архипелаг,arxipelag,A2,B2,книжное/абстрактное слово
6362,бухта,koʻrfaz,A2,B1,"редкое, нечастое понятие"
6363,гавань,bandargoh,A2,B1,"редкое, нечастое понятие"
6364,лагуна,laguna,A2,B2,"редкое, нечастое понятие"
6365,мыс,burun,A2,B1,"редкое, нечастое понятие"
6366,атолл,atoll,A2,B2,специальная лексика
6367,риф,suv ichidagi qoya,A2,B1,"редкое, нечастое понятие"
6368,коралл,marjon,A2,B1,"редкое, нечастое понятие"
6369,коралловый риф,marjon qoyalari,A2,B1,многословное/редкое выражение
6372,бездна,tagsiz chuqurlik,A2,B2,книжное/абстрактное слово
6373,впадина,kamgak,A2,B2,специальная лексика
6374,течение,oqim,A2,B1,"редкое, нечастое понятие"
6375,омывать,yuvmoq,A2,B1,"редкое, нечастое понятие"
6378,прилив,suvning koʻtarilishi,A2,B1,"редкое, нечастое понятие"
6379,отлив,suvning pasayishi,A2,B1,"редкое, нечастое понятие"
6380,отмель,sayozlik,A2,B2,"редкое, нечастое понятие"
6381,дно,tub,A2,B1,"редкое, нечастое понятие"
6383,гребень волны,toʻlqin oʻrkachi,A2,B2,многословное/редкое выражение
6384,пена,koʻpik,A2,B1,"редкое, нечастое понятие"
6387,цунами,sunami,A2,B1,"редкое, нечастое понятие"
6388,штиль,shtil,A2,B2,специальная лексика
6390,полюс,qutb,A2,B1,"редкое, нечастое понятие"
6391,полярный,qutbiy,A2,B1,"редкое, нечастое понятие"
6392,широта,kenglik,A2,B1,специальная лексика
6393,долгота,uzunlik,A2,B1,специальная лексика
6394,параллель,parallel,A2,B2,специальная лексика
6395,экватор,ekvator,A2,B1,"редкое, нечастое понятие"
6396,небо,osmon,A2,A1,базовое частое слово
6397,горизонт,ufq,A2,B1,"редкое, нечастое понятие"
6399,маяк,mayoq,A2,B1,"редкое, нечастое понятие"
6401,затонуть (о корабле),choʻkib ketmoq,A2,B1,"редкое, нечастое понятие"
6402,сокровища,xazina,A2,B1,"редкое, нечастое понятие"
6409,Желтое море,Sariq dengiz,B1,B2,редкий топоним
6410,Белое море,Oq dengiz,B1,B2,редкий топоним
6414,Эгейское море,Egey dengizi,B1,B2,редкий топоним
6415,Адриатическое море,Adriatika dengizi,B1,B2,редкий топоним
6416,Аравийское море,Arab dengizi,B1,B2,редкий топоним
6417,Японское море,Yapon dengizi,B1,B2,редкий топоним
6418,Берингово море,Bering dengizi,B1,B2,редкий топоним
6419,Южно-Китайское море,Janubiy-Xitoy dengizi,B1,B2,редкий топоним
6420,Коралловое море,Marjon dengizi,B1,B2,редкий топоним
6421,Тасманово море,Tasman dengizi,B1,B2,редкий топоним
6422,Карибское море,Karib dengizi,B1,B2,редкий топоним
6423,Баренцево море,Barents dengizi,B1,B2,редкий топоним
6424,Карское море,Kara dengizi,B1,B2,редкий топоним
6427,Норвежское море,Norvegiya dengizi,B1,B2,редкий топоним
6428,гора,togʻ,A2,A1,базовое частое слово
6429,горная цепь,togʻ tizmalari,A2,B1,многословное/редкое выражение
6430,горный хребет,togʻ tizmasi,A2,B1,многословное/редкое выражение
6432,пик,choʻqqi,A2,B1,"редкое, нечастое понятие"
6433,подножие (горы),togʻ etagi,A2,B1,"редкое, нечастое понятие"
6434,склон,yonbagʻir,A2,B1,"редкое, нечастое понятие"
6436,действующий вулкан,harakatdagi vulqon,A2,B1,многословное/редкое выражение
6437,потухший вулкан,oʻchgan vulqon,A2,B1,многословное/редкое выражение
6438,извержение,otilish,A2,B1,"редкое, нечастое понятие"
6439,кратер,krater,A2,B1,специальная лексика
6440,магма,magma,A2,B2,специальная лексика
6441,лава,lava,A2,B1,"редкое, нечастое понятие"
6442,раскалённый,qizigan,A2,B1,"редкое, нечастое понятие"
6443,каньон,kanyon,A2,B1,"редкое, нечастое понятие"
6444,ущелье,dara,A2,B1,"редкое, нечастое понятие"
6445,расщелина,togʻ oraligʻi,A2,B2,"редкое, нечастое понятие"
6446,перевал,dovon,A2,B1,"редкое, нечастое понятие"
6447,плато,yassi togʻ,A2,B1,"редкое, нечастое понятие"
6450,ледник,muzlik,A2,B1,"редкое, нечастое понятие"
6452,гейзер,geyzer,A2,B2,специальная лексика
6454,равнина,tekislik,A2,B1,"редкое, нечастое понятие"
6455,пейзаж,manzara,A2,B1,"редкое, нечастое понятие"
6456,эхо,aks-sado,A2,B1,"редкое, нечастое понятие"
6458,скалолаз,qoyalarga chiquvchi,A2,B1,"редкое, нечастое понятие"
6459,покорять,zabt etmoq,A2,B1,книжное/абстрактное слово
6460,восхождение,toqqa chiqish,A2,B1,"редкое, нечастое понятие"
6461,Альпы,Alp togʻlari,A1,B1,географическое название
6462,Монблан,Monblan,A1,B2,редкое географическое название
6463,Пиренеи,Pireney togʻlari,A1,B2,редкое географическое название
6464,Карпаты,Karpat togʻlari,A1,B2,редкое географическое название
6465,Уральские горы,Ural togʻlari,A1,B1,географическое название
6466,Кавказ,Kavkaz,A1,B1,географическое название
6467,Эльбрус,Elbrus,A1,B2,редкое географическое название
6468,Алтай,Oltoy togʻlari,A1,B2,редкое географическое название
6469,Тянь-Шань,Tyan-Shan,A1,B1,географическое название
6470,Памир,Pomir,A1,B1,географическое название
6471,Гималаи,Himalay togʻlari,A1,B1,географическое название
6472,Эверест,Everest,A1,B1,географическое название
6473,Анды,And togʻlari,A1,B2,редкое географическое название
6474,Килиманджаро,Kilimanjaro,A1,B2,редкое географическое название
6475,река,daryo,B1,A2,частое слово
6477,русло,oʻzan,B1,B2,географический термин
6478,бассейн (реки),hovuz,B1,B2,географический термин
6480,приток,irmoq,B1,B2,географический термин
6481,берег,qirgʻoq,B1,A2,частое слово
6483,вниз по течению,oqimning quyisi boʻyicha,B1,B2,книжное сочетание
6484,вверх по течению,oqimning yuqorisi boʻyicha,B1,B2,книжное сочетание
6486,половодье,suv toshqini,B1,B2,книжное слово
6490,порог,ostonatosh,B1,B2,специальный гидротермин
6494,шлюз,shlyuz,B1,B2,специальный гидротермин
6497,трясина,botqoq,B1,B2,специальный гидротермин
6498,водоворот,girdob,B1,B2,специальный гидротермин
6518,Окаванго,Okavango,B1,B2,редкое географическое название
6519,Замбези,Zambezi,B1,B2,редкое географическое название
6520,Лимпопо,Limpopo,B1,B2,редкое географическое название
6521,лес,oʻrmon,A1,A2,"природа, частое слово"
6522,лесной,oʻrmon,A1,A2,"природа, частое слово"
6523,чаща,changalzor,A1,B2,редкое/специальное слово
6524,роща,daraxtzor,A1,B1,деталь природы
6525,поляна,yalanglik,A1,B1,деталь природы
6526,заросли,changalzor,A1,B1,деталь природы
6527,кустарник,butazor,A1,B1,деталь природы
6528,тропинка,soʻqmoqcha,A1,B1,деталь природы
6529,овраг,jarlik,A1,B1,деталь природы
6530,дерево,daraxt,A1,A2,"природа, частое слово"
6531,лист,barg,A1,A2,"природа, частое слово"
6532,листва,barglar,A1,B1,деталь природы
6533,листопад,xazonrezgilik,A1,B2,редкое/специальное слово
6534,опадать (о листьях),toʻkilmoq,A1,B1,деталь природы
6535,верхушка (дерева),uchi,A1,B1,деталь природы
6536,ветка,shox,A1,A2,"природа, частое слово"
6537,сук,butoq,A1,B1,деталь природы
6538,почка,kurtak,A1,B1,деталь природы
6539,иголка,igna,A1,B1,деталь природы
6540,шишка (сосновая),gʻudda,A1,B1,деталь природы
6541,дупло,kovak,A1,B2,редкое/специальное слово
6542,гнездо,uya,A1,A2,"природа, частое слово"
6543,нора,in,A1,B1,деталь природы
6544,ствол (дерева),tana,A1,B1,деталь природы
6545,корень,ildiz,A1,B1,деталь природы
6546,кора,poʻstloq,A1,B1,деталь природы
6547,мох,mox,A1,B1,деталь природы
6548,корчевать,kavlamoq,A1,B2,редкое/специальное слово
6549,рубить (дерево),chopmoq,A1,B1,деталь природы
6550,вырубать лес,kesib tashlamoq,A1,B1,деталь природы
6551,пень,toʻnka,A1,B1,деталь природы
6552,костёр,gulxan,A1,B1,деталь природы
6553,пожар,yongʻin,A1,A2,"природа, частое слово"
6554,тушить,oʻchirmoq,A1,A2,"природа, частое слово"
6555,лесник,oʻrmonchi,A1,B1,деталь природы
6556,охрана (растений),muhofaza,A1,B1,деталь природы
6557,охранять (природу),muhofaza qilmoq,A1,B1,деталь природы
6558,браконьер,brakoner,A1,B2,редкое/специальное слово
6559,капкан,qopqon,A1,B2,редкое/специальное слово
6560,"собирать (грибы, ягоды)",termoq,A1,A2,"природа, частое слово"
6561,заблудиться,adashib qolmoq,A1,A2,"природа, частое слово"
6562,природные ресурсы,tabiiy resurslar,A2,B1,книжное/абстрактное слово
6563,полезные ископаемые,foydali qazilmalar,A2,B2,специальная лексика
6564,залежи,qatlam boʻlib yotgan konlar,A2,B2,специальная лексика
6565,месторождение,kon,A2,B2,специальная лексика
6566,добывать (руду),qazib olmoq,A2,B2,специальная лексика
6567,добыча,konchilik,A2,B1,специальная лексика
6568,руда,ruda,A2,B2,специальная лексика
6569,"рудник, шахта",kon,A2,B1,специальная лексика
6570,шахта (скважина),shaxta,A2,B1,специальная лексика
6571,шахтёр,konchi,A2,B1,специальная лексика
6573,газопровод,gaz quvuri,A2,B1,специальная лексика
6574,нефть,neft,A2,B1,специальная лексика
6575,нефтепровод,neft quvuri,A2,B1,специальная лексика
6576,нефтяная скважина,neft minorasi,A2,B2,специальная лексика
6577,нефтяная вышка,burgʻilash minorasi,A2,B2,специальная лексика
6578,танкер,tanker,A2,B1,специальная лексика
6580,известняк,ohaktosh,A2,B2,специальная лексика
6581,гравий,shagʻal,A2,B1,"редкое, нечастое понятие"
6582,торф,torf,A2,B2,специальная лексика
6588,никель,nikel,A2,B2,специальная лексика
6589,медь,mis,A2,B1,"редкое, нечастое понятие"
6590,цинк,rux,A2,B2,специальная лексика
6591,марганец,marganets,A2,B2,специальная лексика
6592,ртуть,simob,A2,B2,специальная лексика
6593,свинец,qoʻrgʻoshin,A2,B1,"редкое, нечастое понятие"
6594,минерал,mineral,A2,B1,специальная лексика
6595,кристалл,kristall,A2,B1,"редкое, нечастое понятие"
6596,мрамор,marmar,A2,B1,"редкое, нечастое понятие"
6597,уран,uran,A2,B2,специальная лексика
6598,погода,ob-havo,B1,A1,базовая лексика погоды
6599,прогноз погоды,ob-havo maʼlumoti,B1,A2,обычная лексика погоды
6602,барометр,barometr,B1,B2,специальный прибор
6604,жара,issiq,B1,A2,обычная лексика погоды
6605,жаркий,jazirama,B1,A2,обычная лексика погоды
6606,жарко (о погоде),issiq,B1,A1,базовая лексика погоды
6607,тепло (о погоде),iliq,B1,A2,обычная лексика погоды
6608,тёплый (день),iliq,B1,A2,обычная лексика погоды
6609,холодно (о погоде),sovuq,B1,A1,базовая лексика погоды
6611,солнце,quyosh,B1,A1,базовая лексика погоды
6612,светить (о солнце),nur sochmoq,B1,A2,обычная лексика погоды
6613,солнечный (день),quyoshli,B1,A2,обычная лексика погоды
6616,облако,bulut,B1,A2,обычная лексика погоды
6617,облачный,bulutli,B1,A2,обычная лексика погоды
6620,дождь,yomgʻir,B1,A1,базовая лексика погоды
6621,идёт дождь,yomgʻir yogʻyapti,B1,A1,базовая лексика погоды
6626,сильный (дождь),kuchli,B1,A2,обычная лексика погоды
6629,туман,tuman,B1,A2,обычная лексика погоды
6644,толчок (подземный),silkinish,B1,B2,специальный/редкий термин
6645,эпицентр,epitsentr,B1,B2,специальный/редкий термин
6648,смерч,quyun,B1,B2,специальный/редкий термин
6650,тайфун,toʻfon,B1,B2,специальный/редкий термин
6654,циклон,siklon,B1,B2,специальный/редкий термин
6658,метеорит,meteorit,B1,B2,специальный/редкий термин
6660,обвал (снежный),oʻpirilish,B1,B2,специальный/редкий термин
6662,вьюга,qor boʻralashi,B1,B2,специальный/редкий термин
6663,тишина,sukunat,B1,A2,частая бытовая лексика
6664,звук,tovush,B1,A2,частая бытовая лексика
6665,шум,shovqin,B1,A2,частая бытовая лексика
6666,шуметь,shovqin qilmoq,B1,A2,частая бытовая лексика
6667,шумный,shovqinli,B1,A2,частая бытовая лексика
6668,громко,baland,B1,A2,частая бытовая лексика
6669,громкий,baland,B1,A2,частая бытовая лексика
6677,стон,ingrash,B1,B2,редкое звукоподражание
6678,стонать,ingramoq,B1,B2,редкое звукоподражание
6684,стучать (в дверь),taqillatmoq,B1,A2,частая бытовая лексика
6685,"трещать (доски, лёд)",qarsillamoq,B1,B2,редкое звукоподражание
6686,треск,qasir-qusur,B1,B2,редкое звукоподражание
6697,снегопад,qor yogʻishi,A1,A2,погода/зима — A2
6698,сугроб,qortepa,A1,B1,нечастое зимнее понятие
6699,снежинка,qor uchquni,A1,B1,нечастое зимнее понятие
6700,снежок,yumaloqlangan qor,A1,B1,нечастое зимнее понятие
6701,снеговик,qordan yasalgan odam,A1,A2,погода/зима — A2
6702,сосулька,sumalak,A1,B1,нечастое зимнее понятие
6706,мороз,ayoz,A1,A2,погода/зима — A2
6707,морозный,ayozli,A1,A2,погода/зима — A2
6708,ниже нуля,noldan past,A1,A2,погода/зима — A2
6709,заморозки,dastlabki sovuq,A1,B1,нечастое зимнее понятие
6710,иней,qirov,A1,B1,нечастое зимнее понятие
6714,варежки,boshmaldoqli qoʻlqoplar,A1,B1,нечастое зимнее понятие
6715,заболеть,kasal boʻlmoq,A1,A2,погода/зима — A2
6716,простуда,shamollash,A1,A2,погода/зима — A2
6717,простудиться,shamollamoq,A1,A2,погода/зима — A2
6719,гололёд,yaxvonlik,A1,B1,нечастое зимнее понятие
6720,замёрзнуть (о реке),muzlab qolmoq,A1,B1,нечастое зимнее понятие
6721,льдина,katta muz parchasi,A1,B2,редкое слово
6722,лыжи,changʻi,A1,A2,погода/зима — A2
6723,лыжник,changʻichi,A1,B1,нечастое зимнее понятие
6724,кататься на лыжах,changʻida uchmoq,A1,A2,погода/зима — A2
6725,кататься на коньках,konkida uchmoq,A1,A2,погода/зима — A2
6726,хищник,yirtqich,A2,B1,"редкое, нечастое понятие"
6731,ягуар,yaguar,A2,B1,редкое животное/вид
6732,леопард,qoplon,A2,B1,редкое животное/вид
6733,гепард,gepard,A2,B1,редкое животное/вид
6734,пантера,qora qoplon,A2,B1,редкое животное/вид
6735,пума,puma,A2,B1,редкое животное/вид
6736,снежный барс,qor qoploni,A2,B1,редкое животное/вид
6737,рысь,silovsin,A2,B1,редкое животное/вид
6738,койот,koyot,A2,B2,редкое животное/вид
6739,шакал,shoqol,A2,B1,редкое животное/вид
6740,гиена,sirtlon,A2,B1,редкое животное/вид
6741,животное,jonivor,A2,A1,базовое частое слово
6747,барсук,boʻrsiq,A2,B2,редкое животное/вид
6748,енот,enot,A2,B1,редкое животное/вид
6749,хомяк,ogʻmaxon,A2,B1,редкое животное/вид
6750,сурок,sugʻur,A2,B1,редкое животное/вид
6751,крот,koʻr kalamush,A2,B1,редкое животное/вид
6754,летучая мышь,koʻrshapalak,A2,B1,редкое животное/вид
6755,горностай,oqsuvsar,A2,B2,редкое животное/вид
6756,соболь,sobol,A2,B2,редкое животное/вид
6757,куница,suvsar,A2,B2,редкое животное/вид
6758,ласка,latcha,A2,B2,редкое животное/вид
6759,норка,qorakoʻzan,A2,B2,редкое животное/вид
6760,бобр,suv qunduzi,A2,B1,редкое животное/вид
6761,выдра,qunduz,A2,B2,редкое животное/вид
6762,лошадь,ot,A2,A1,базовое частое слово
6763,лось,los,A2,B1,редкое животное/вид
6766,бизон,bizon,A2,B1,редкое животное/вид
6767,зубр,zubr,A2,B2,редкое животное/вид
6768,буйвол,buyvol,A2,B1,редкое животное/вид
6770,антилопа,antilopa,A2,B1,редкое животное/вид
6771,косуля,kichik bugʻu,A2,B2,редкое животное/вид
6772,лань,kiyik,A2,B2,редкое животное/вид
6773,серна,togʻ kiyik,A2,B2,редкое животное/вид
6774,кабан,toʻngʻiz,A2,B1,редкое животное/вид
6776,тюлень,tyulen,A2,B1,редкое животное/вид
6777,морж,morj,A2,B1,редкое животное/вид
6778,котик,dengiz mushugi,A2,B2,редкое животное/вид
6784,шимпанзе,shimpanze,A2,B1,редкое животное/вид
6785,орангутанг,orangutang,A2,B2,редкое животное/вид
6786,горилла,gorilla,A2,B1,редкое животное/вид
6787,макака,makaka,A2,B2,редкое животное/вид
6788,гиббон,gibbon,A2,B2,редкое животное/вид
6790,носорог,karkidon,A2,B1,редкое животное/вид
6792,бегемот,begemot,A2,B1,редкое животное/вид
6794,коала,koala,A2,B1,редкое животное/вид
6795,мангуст,mangust,A2,B2,редкое животное/вид
6796,шиншилла,shinshilla,A2,B2,редкое животное/вид
6797,скунс,sassiq koʻzan,A2,B2,редкое животное/вид
6798,дикобраз,jayra,A2,B2,редкое животное/вид
6799,кошка,mushuk,A2,A1,базовое частое слово
6800,кот,mushuk,A2,A1,базовое частое слово
6801,"собака, пёс",it,A2,A1,базовое частое слово
6803,жеребец,aygʻir,A2,B1,"редкое, нечастое понятие"
6804,кобыла,biya,A2,B1,"редкое, нечастое понятие"
6807,вол,hoʻkiz,A2,B1,"редкое, нечастое понятие"
6813,мул,xachir,A2,B2,редкое животное/вид
6815,поросёнок,choʻchqa bolasi,A2,B1,"редкое, нечастое понятие"
6820,селезень,oʻrdak,A2,B2,"редкое, нечастое понятие"
6822,индюк,kurka,A2,B1,"редкое, нечастое понятие"
6823,индюшка,kurka,A2,B1,"редкое, нечастое понятие"
6825,ручной (о животных),qoʻlga oʻrgatilgan,A2,B1,"редкое, нечастое понятие"
6826,приручать,qoʻlga oʻrgatmoq,A2,B1,"редкое, нечастое понятие"
6829,домашняя птица,uy parrandasi,A2,B1,многословное/редкое выражение
6830,скот,mol,A2,B1,"редкое, нечастое понятие"
6831,стадо,poda,A2,B1,"редкое, нечастое понятие"
6832,конюшня,otxona,A2,B1,"редкое, нечастое понятие"
6833,свинарник,choʻchqaxona,A2,B2,"редкое, нечастое понятие"
6834,коровник,molxona,A2,B1,"редкое, нечастое понятие"
6835,крольчатник,quyonxona,A2,B2,"редкое, нечастое понятие"
6836,курятник,tovuqxona,A2,B1,"редкое, нечастое понятие"
6837,собака,it,A2,A1,базовое частое слово
6838,овчарка,ovcharka,A2,B1,"редкое, нечастое понятие"
6839,пудель,pudel,A2,B1,"редкое, нечастое понятие"
6840,такса,taksa,A2,B2,редкое животное/вид
6841,бульдог,buldog,A2,B2,редкое животное/вид
6842,боксёр,boksyor,A2,B2,редкое животное/вид
6843,мастиф,mastif,A2,B2,редкое животное/вид
6844,ротвейлер,rotveyler,A2,B2,редкое животное/вид
6845,доберман,doberman,A2,B2,редкое животное/вид
6846,бассет,basset,A2,B2,редкое животное/вид
6847,бобтейл,bobteyl,A2,B2,редкое животное/вид
6848,далматинец,dalmatin,A2,B2,редкое животное/вид
6849,кокер-спаниель,koker-spaniel,A2,B2,редкое животное/вид
6850,ньюфаундленд,nyufaundlend,A2,B2,редкое животное/вид
6851,сенбернар,senbernar,A2,B2,редкое животное/вид
6852,хаски,xaski,A2,B2,редкое животное/вид
6853,чау-чау,chau-chau,A2,B2,редкое животное/вид
6854,шпиц,shpits,A2,B2,редкое животное/вид
6855,мопс,mops,A2,B2,редкое животное/вид
6859,мурлыкать,xurillamoq,B1,B2,редкий глагол звука животных
6865,скулить,angillamoq,B1,B2,редкий глагол звука животных
6866,блеять,baʼlamoq,B1,B2,редкий глагол звука животных
6867,хрюкать,xurxurlamoq,B1,B2,редкий глагол звука животных
6868,визжать,chiyillamoq,B1,B2,редкий глагол звука животных
6869,квакать,vaqvaqlamoq,B1,B2,редкий глагол звука животных
6871,стрекотать,chirillamoq,B1,B2,редкий глагол звука животных
6872,детёныш,hayvonlarning bolasi,A2,B1,"редкое, нечастое понятие"
6874,мышонок,sichqoncha,A2,B1,"редкое, нечастое понятие"
6876,зайчонок,quyoncha,A2,B1,"редкое, нечастое понятие"
6877,крольчонок,quyoncha,A2,B2,"редкое, нечастое понятие"
6878,волчонок,boʻri bolasi,A2,B1,"редкое, нечастое понятие"
6879,лисёнок,tulki bolasi,A2,B1,"редкое, нечастое понятие"
6880,медвежонок,ayiqcha,A2,B1,"редкое, нечастое понятие"
6881,львёнок,arslon bolasi,A2,B1,"редкое, нечастое понятие"
6882,тигрёнок,yoʻlbars bolasi,A2,B1,"редкое, нечастое понятие"
6883,слонёнок,fil bolasi,A2,B1,"редкое, нечастое понятие"
6885,телёнок,buzoq,A2,B1,"редкое, нечастое понятие"
6886,козлёнок,echki bolasi,A2,B1,"редкое, нечастое понятие"
6887,ягнёнок,qoʻzichoq,A2,B1,"редкое, нечастое понятие"
6888,оленёнок,kiyik bolasi,A2,B1,"редкое, нечастое понятие"
6889,верблюжонок,boʻtaloq,A2,B2,"редкое, нечастое понятие"
6890,змеёныш,ilon bolasi,A2,B2,"редкое, нечастое понятие"
6891,лягушонок,baqacha,A2,B2,"редкое, нечастое понятие"
6892,птенец,polapon,A2,B1,"редкое, нечастое понятие"
6894,утёнок,oʻrdakcha,A2,B1,"редкое, нечастое понятие"
6895,птица,qush,A2,A1,базовое частое слово
6898,синица,chittak,A2,B1,редкое животное/вид
6899,сорока,hakka,A2,B1,редкое животное/вид
6900,ворон,qargʻa,A2,B1,редкое животное/вид
6902,галка,zogʻcha,A2,B2,редкое животное/вид
6903,грач,goʻngqargʻa,A2,B2,редкое животное/вид
6906,фазан,qirgʻovul,A2,B1,редкое животное/вид
6908,ястреб,qirgʻiy,A2,B1,редкое животное/вид
6909,сокол,lochin,A2,B1,редкое животное/вид
6910,гриф,kalxat,A2,B2,редкое животное/вид
6911,кондор,kondor,A2,B2,редкое животное/вид
6912,лебедь,oqqush,A2,B1,редкое животное/вид
6913,журавль,turna,A2,B1,редкое животное/вид
6914,аист,laylak,A2,B1,редкое животное/вид
6916,колибри,kolibri,A2,B1,редкое животное/вид
6917,павлин,tovus,A2,B1,редкое животное/вид
6918,страус,tuyaqush,A2,B1,редкое животное/вид
6919,цапля,qarqara,A2,B2,редкое животное/вид
6920,фламинго,flamingo,A2,B1,редкое животное/вид
6921,пеликан,saqoqush,A2,B2,редкое животное/вид
6922,соловей,bulbul,A2,B1,редкое животное/вид
6923,ласточка,qaldirgʻoch,A2,B1,редкое животное/вид
6924,дрозд,qorayaloq,A2,B2,редкое животное/вид
6925,певчий дрозд,sayroqi qorayaloq,A2,B2,редкое животное/вид
6926,чёрный дрозд,qora qorayaloq,A2,B2,редкое животное/вид
6927,стриж,jarqaldirgʻoch,A2,B2,редкое животное/вид
6928,жаворонок,toʻrgʻay,A2,B2,редкое животное/вид
6929,перепел,bedana,A2,B1,редкое животное/вид
6930,дятел,qizilishton,A2,B1,редкое животное/вид
6931,кукушка,kakku,A2,B1,редкое животное/вид
6933,филин,ukki,A2,B2,редкое животное/вид
6934,глухарь,karqush,A2,B2,редкое животное/вид
6935,тетерев,qur,A2,B2,редкое животное/вид
6936,куропатка,kaklik,A2,B1,редкое животное/вид
6937,скворец,chugʻurchiq,A2,B2,редкое животное/вид
6938,канарейка,kanareyka,A2,B1,редкое животное/вид
6939,рябчик,bulduruq,A2,B2,редкое животное/вид
6940,зяблик,zyablik,A2,B2,редкое животное/вид
6941,снегирь,snegir,A2,B2,редкое животное/вид
6942,чайка,chayka,A2,B1,редкое животное/вид
6943,альбатрос,albatros,A2,B2,редкое животное/вид
6945,петь,kuylamoq,A2,A1,базовое частое слово
6947,кукарекать,qichqirmoq,A2,B2,"редкое, нечастое понятие"
6948,кукареку,qichqiriq,A2,B1,"редкое, нечастое понятие"
6949,кудахтать,qaqagʻlamoq,A2,B2,"редкое, нечастое понятие"
6950,каркать,qagʻillamoq,A2,B2,"редкое, нечастое понятие"
6951,крякать,gʻaqgʻaqlamoq,A2,B2,"редкое, нечастое понятие"
6952,пищать (о птицах),chiyillamoq,A2,B2,"редкое, нечастое понятие"
6953,чирикать,chirqillamoq,A2,B1,"редкое, нечастое понятие"
6954,лещ,leshch,A1,B2,редкое животное
6955,карп,zogʻorabaliq,A1,B1,конкретное морское животное
6956,окунь,olabugʻa,A1,B1,конкретное морское животное
6957,сом,laqqa baliq,A1,B1,конкретное морское животное
6960,осётр,osyotr,A1,B1,конкретное морское животное
6962,сёмга,syomga,A1,B1,конкретное морское животное
6964,камбала,kambala,A1,B2,редкое животное
6965,судак,sudak,A1,B2,редкое животное
6970,электрический скат,elektr skat,A1,B2,редкое животное
6971,мурена,murena,A1,B2,редкое животное
6972,пиранья,piranya,A1,B1,конкретное морское животное
6973,акула,akula,A1,B1,конкретное морское животное
6974,дельфин,delfin,A1,A2,известное животное
6975,кит,kit,A1,A2,известное животное
6977,медуза,meduza,A1,B1,конкретное морское животное
6979,морская звезда,dengiz yulduzi,A1,B1,конкретное морское животное
6980,морской ёж,dengiz kirpisi,A1,B2,редкое животное
6981,морской конёк,dengiz oti,A1,B2,редкое животное
6984,омар,omar,A1,B2,редкое животное
6987,ядовитый,zaharli,A2,B1,"редкое, нечастое понятие"
6988,гадюка,qora ilon,A2,B2,редкое животное/вид
6989,кобра,kobra,A2,B1,редкое животное/вид
6990,питон,piton,A2,B1,редкое животное/вид
6991,удав,boʻgʻma ilon,A2,B2,редкое животное/вид
6992,уж,suvilon,A2,B2,редкое животное/вид
6993,гремучая змея,shaqildoq ilon,A2,B2,редкое животное/вид
6994,анаконда,anakonda,A2,B2,редкое животное/вид
6995,ящерица,kaltakesak,A2,B1,редкое животное/вид
6996,игуана,iguana,A2,B2,редкое животное/вид
6997,варан,echkiemar,A2,B2,редкое животное/вид
6998,саламандра,salamandra,A2,B2,редкое животное/вид
6999,хамелеон,xameleon,A2,B1,редкое животное/вид
7000,скорпион,chayon,A2,B1,редкое животное/вид
7003,жаба,qurbaqa,A2,B1,редкое животное/вид
7005,насекомое,hasharot,A2,B1,"редкое, нечастое понятие"
7010,жук,qoʻngʻiz,A2,B1,"редкое, нечастое понятие"
7011,оса,ari,A2,B1,"редкое, нечастое понятие"
7013,шмель,qovoqari,A2,B2,редкое животное/вид
7014,овод,soʻna,A2,B2,редкое животное/вид
7016,паутина,oʻrgimchak ini,A2,B1,"редкое, нечастое понятие"
7017,стрекоза,ninachi,A2,B1,"редкое, нечастое понятие"
7018,кузнечик,chigirtka,A2,B1,"редкое, нечастое понятие"
7019,мотылёк,parvona,A2,B1,"редкое, нечастое понятие"
7021,клещ,kana,A2,B1,редкое животное/вид
7022,блоха,burga,A2,B1,редкое животное/вид
7023,мошка,mayda chivin,A2,B1,редкое животное/вид
7024,саранча,chigirtka,A2,B2,редкое животное/вид
7026,сверчок,qora chigirtka,A2,B1,редкое животное/вид
7027,светлячок,yaltiroq qoʻngʻiz,A2,B1,редкое животное/вид
7028,божья коровка,xonqizi,A2,B1,редкое животное/вид
7029,майский жук,tillaqoʻngʻiz,A2,B2,редкое животное/вид
7030,пиявка,zuluk,A2,B2,редкое животное/вид
7031,гусеница,kapalak qurti,A2,B1,редкое животное/вид
7032,червь,chuvalchang,A2,B1,редкое животное/вид
7033,червь (личинка),qurt,A2,B1,редкое животное/вид
7037,оперение,qush patlari,B1,B2,специальная зоологическая лексика
7039,хохолок,kokilcha,B1,B2,специальная зоологическая лексика
7040,жабры,oyquloq,B1,B2,специальная зоологическая лексика
7042,личинка,qurt,B1,B2,специальная зоологическая лексика
7043,плавник,suzgich,B1,B2,специальная зоологическая лексика
7044,чешуя,tangacha,B1,B2,специальная зоологическая лексика
7051,копыто,tuyoq,B1,B2,специальная зоологическая лексика
7053,панцирь (черепахи),zirh,B1,B2,специальная зоологическая лексика
7059,кружить (о птице),aylanmoq,A2,B1,"редкое, нечастое понятие"
7061,махать (крыльями),qoqmoq,A2,B1,"редкое, нечастое понятие"
7062,клевать,choʻqimoq,A2,B1,"редкое, нечастое понятие"
7063,высиживать яйца,tuxum bosmoq,A2,B2,многословное/редкое выражение
7064,вылупляться,tuxumdan chiqmoq,A2,B1,"редкое, нечастое понятие"
7065,вить гнездо,toʻqimoq,A2,B1,многословное/редкое выражение
7066,ползать,oʻrmalamoq,A2,B1,"редкое, нечастое понятие"
7067,жалить (о насекомом),chaqib olmoq,A2,B1,"редкое, нечастое понятие"
7071,шипеть,vishillamoq,A2,B1,"редкое, нечастое понятие"
7073,нападать,hamla qilmoq,A2,B1,"редкое, нечастое понятие"
7074,грызть,gʻajimoq,A2,B1,"редкое, нечастое понятие"
7075,царапать,timdalamoq,A2,B1,"редкое, нечастое понятие"
7079,быть в спячке,uyquda boʻlmoq,A2,B1,многословное/редкое выражение
7080,вымереть (динозавры),qirilib ketmoq,A2,B1,"редкое, нечастое понятие"
7081,среда обитания,yashash muhiti,B1,B2,специальный/книжный термин
7082,миграция,migratsiya,B1,B2,специальный/книжный термин
7088,саванна,savanna,B1,B2,специальный/книжный термин
7089,тундра,tundra,B1,B2,специальный/книжный термин
7091,пустыня,sahro,B1,A2,частое понятие природы
7097,пресноводный,chuchuk suvli,B1,B2,специальный/книжный термин
7100,берлога,ayiq ini,B1,B2,специальный/книжный термин
7106,заповедник,qoʻriqxona,B2,B1,"общеупотребительное, не специальное"
7109,клетка,qafas,B2,A2,частое бытовое слово
7112,аквариум,akvarium,B2,A2,частое бытовое слово
7114,разводить (животных),koʻpaytirmoq,B2,B1,"общеупотребительное, не специальное"
7117,корм,em,B2,A2,частое бытовое слово
7120,зоомагазин,zoomagazin,B2,A2,частое бытовое слово
7122,ошейник,boʻyinbogʻ,B2,B1,"общеупотребительное, не специальное"
7123,кличка (животн.),laqab,B2,B1,"общеупотребительное, не специальное"
7125,стая (волков),toʻda,B2,B1,"общеупотребительное, не специальное"
7126,стая (птиц),gala,B2,B1,"общеупотребительное, не специальное"
7127,стая (рыб),gala,B2,B1,"общеупотребительное, не специальное"
7129,самец,nar,B2,B1,"общеупотребительное, не специальное"
7130,самка,moda,B2,B1,"общеупотребительное, не специальное"
7132,дикий,yovvoyi,B2,A2,частое бытовое слово
7134,"лошадь, конь",ot,B1,A2,частое бытовое слово
7138,мустанг,mustang,B1,B2,специальная конная лексика
7140,тяжеловоз,ogʻir yuk tashuvchi ot,B1,B2,специальная конная лексика
7141,грива,yol,B1,B2,специальная конная лексика
7144,подкова,taqa,B1,B2,специальная конная лексика
7145,подковать,taqalamoq,B1,B2,специальная конная лексика
7148,стремя,uzangi,B1,B2,специальная конная лексика
7149,уздечка,yugan,B1,B2,специальная конная лексика
7150,вожжи,tizgin,B1,B2,специальная конная лексика
7153,объезжать (лошадь),minishga oʻrgatmoq,B1,B2,специальная конная лексика
7154,оседлать,egarlamoq,B1,B2,специальная конная лексика
7156,галоп,sakratib choptirish,B1,B2,специальная конная лексика
7157,скакать галопом,sakratib choptirmoq,B1,B2,специальная конная лексика
7158,рысь,yoʻrtib choptirish,B1,B2,специальная конная лексика
7159,рысью,yoʻrttirib choptirmoq,B1,B2,специальная конная лексика
7160,скаковая лошадь,poygachi ot,B1,B2,специальная конная лексика
7163,кормить,em bermoq,B1,A2,частое бытовое слово
7166,чистить,tozalamoq,B1,A2,частое бытовое слово
7167,стреножить,tushovlamoq,B1,B2,специальная конная лексика
7169,ржать,kishnamoq,B1,B2,специальная конная лексика
7170,лягнуть,tepib olmoq,B1,B2,специальная конная лексика
7172,лиственное,bargli,B1,B2,редкое растение/термин
7173,хвойное,ignabargli,B1,B2,редкое растение/термин
7174,вечнозеленое,doimyashil,B1,B2,редкое растение/термин
7182,липа,joʻka daraxti,B1,B2,редкое растение/термин
7183,осина,togʻterak,B1,B2,редкое растение/термин
7187,лиственница,tilogʻoch,B1,B2,редкое растение/термин
7188,пихта,oqqaragʻay,B1,B2,редкое растение/термин
7191,рябина,chetan,B1,B2,редкое растение/термин
7193,ольха,olxa,B1,B2,редкое растение/термин
7194,бук,qora qayin,B1,B2,редкое растение/термин
7196,ясень,shumtol,B1,B2,редкое растение/термин
7198,магнолия,magnoliya,B1,B2,редкое растение/термин
7201,мангровое дерево,mangro daraxti,B1,B2,редкое растение/термин
7202,баобаб,baobab,B1,B2,редкое растение/термин
7203,эвкалипт,evkalipt,B1,B2,редкое растение/термин
7204,секвойя,sekvoyya,B1,B2,редкое растение/термин
7205,куст,buta,B2,B1,"общеупотребительное, не специальное"
7208,виноградник,uzumzor,B2,B1,важно для узбекского быта
7213,барбарис,zirk,B2,B1,важно для узбекского быта
7214,жасмин,yasmin,B2,B1,"общеупотребительное, не специальное"
7216,розовый куст,atirgul tupi,B2,B1,"общеупотребительное, не специальное"
7217,шиповник,naʼmatak,B2,B1,важно для узбекского быта
7218,гриб,qoʻziqorin,B2,A2,частое бытовое слово
7219,съедобный гриб,esa boʻladigan qoʻziqorin,B2,B1,"общеупотребительное, не специальное"
7220,ядовитый гриб,zaharli qoʻziqorin,B2,B1,"общеупотребительное, не специальное"
7231,"фрукт, плод",meva,B2,A1,базовое слово выживания
7232,"фрукты, плоды",mevalar,B2,A1,базовое слово выживания
7244,клюква,klyukva,B2,B1,"общеупотребительное, не специальное"
7253,киви,kivi,B2,A2,частое бытовое слово
7255,ягода,reza meva,B2,A2,частое бытовое слово
7256,ягоды,reza mevalar,B2,A2,частое бытовое слово
7261,роза,atirgul,A1,A2,частое слово о растениях
7262,тюльпан,lola,A1,A2,частое слово о растениях
7263,гвоздика,chinnigul,A1,B1,конкретное растение/деталь
7264,гладиолус,gladiolus,A1,B2,редкое растение/термин
7265,василёк,boʻtakoʻz,A1,B2,редкое растение/термин
7266,колокольчик,qoʻngʻiroqgul,A1,B2,редкое растение/термин
7267,одуванчик,momaqaymoq,A1,B1,конкретное растение/деталь
7268,ромашка,moychechak,A1,B1,конкретное растение/деталь
7269,алоэ,aloe,A1,B1,конкретное растение/деталь
7270,кактус,kaktus,A1,A2,частое слово о растениях
7271,фикус,fikus,A1,B1,конкретное растение/деталь
7272,лилия,liliya,A1,B1,конкретное растение/деталь
7273,герань,yorongul,A1,B2,редкое растение/термин
7274,гиацинт,sunbul,A1,B2,редкое растение/термин
7275,мимоза,mimoza,A1,B2,редкое растение/термин
7276,нарцисс,nargis,A1,B1,конкретное растение/деталь
7277,настурция,lotin chechagi,A1,B2,редкое растение/термин
7278,орхидея,orxideya,A1,B1,конкретное растение/деталь
7279,пион,sallagul,A1,B2,редкое растение/термин
7280,фиалка,binafsha,A1,B1,конкретное растение/деталь
7281,анютины глазки,kapalakgul,A1,B2,редкое растение/термин
7282,незабудка,boʻtakoʻz,A1,B2,редкое растение
7283,маргаритка,dastorgul,A1,B2,редкое растение/термин
7284,мак,koʻknor,A1,B1,конкретное растение/деталь
7285,конопля,nasha oʻsimligi,A1,B2,редкое растение/термин
7286,мята,yalpiz,A1,A2,частое слово о растениях
7287,ландыш,marvaridgul,A1,B2,редкое растение/термин
7288,подснежник,boychechak,A1,B1,конкретное растение/деталь
7289,крапива,qichitqi oʻt,A1,B1,конкретное растение/деталь
7290,щавель,shovul,A1,B1,конкретное растение/деталь
7291,кувшинка,nilfiya,A1,B2,редкое растение/термин
7292,папоротник,qirqquloq,A1,B2,редкое растение/термин
7293,лишайник,lishaynik,A1,B2,редкое растение/термин
7294,оранжерея,oranjereya,A1,B2,редкое растение/термин
7295,газон,gazon,A1,B1,конкретное растение/деталь
7296,клумба,klumba,A1,B1,конкретное растение/деталь
7297,растение,oʻsimlik,A1,A2,частое слово о растениях
7298,трава,oʻt,A1,A2,частое слово о растениях
7299,травинка,oʻt poyasi,A1,B2,редкое растение/термин
7300,лист (растения),barg,A1,A2,частое слово о растениях
7301,лепесток,gulbarg,A1,B1,конкретное растение/деталь
7302,стебель,poya,A1,B1,конкретное растение/деталь
7303,клубень,tugunak,A1,B2,редкое растение/термин
7304,росток,kurtak,A1,B1,конкретное растение/деталь
7305,шип (растения),tikanak,A1,B1,конкретное растение/деталь
7306,цвести,gullamoq,A1,A2,частое слово о растениях
7307,вянуть,soʻlimoq,A1,B1,конкретное растение/деталь
7308,запах,hid,A1,A2,частое слово о растениях
7309,срезать,kesib olmoq,A1,B1,конкретное растение/деталь
7310,сорвать (цветок),uzib olmoq,A1,A2,частое слово о растениях
7311,зерно (собират.),gʻalla,A1,B1,сельхоз. культура
7312,зерновые растения,gʻalla oʻsimliklari,A1,B2,специальный термин
7313,колос,boshoq,A1,B2,специальный термин
7314,пшеница,bugʻdoy,A1,B1,сельхоз. культура
7315,рожь,javdar,A1,B2,специальный термин
7316,овёс,suli,A1,B1,сельхоз. культура
7317,просо,tariq,A1,B2,специальный термин
7318,ячмень,arpa,A1,B1,сельхоз. культура
7320,рис,sholi,A1,B1,сельхоз. культура
7321,гречиха,grechixa,A1,B1,сельхоз. культура
7324,соя,soya,A1,B1,сельхоз. культура
7325,чечевица,yasmiq,A1,B1,сельхоз. культура
7327,овощи,sabzovotlar,A2,A1,базовое частое слово
7358,Европейский Союз,Evropa Ittifoqi,A2,B1,многословное/редкое выражение
7362,австриец,avstriyalik,A2,B1,редкая страна/национальность
7363,австрийка,avstriyalik ayol,A2,B1,редкая страна/национальность
7364,австрийский,avstriyaliklarga oid,A2,B1,редкая страна/национальность
7371,бельгиец,belgiyalik,A2,B1,редкая страна/национальность
7372,бельгийка,belgiyalik ayol,A2,B1,редкая страна/национальность
7373,бельгийский,belgiyaliklarga oid,A2,B1,редкая страна/национальность
7380,голландец,golland,A2,B1,редкая страна/национальность
7381,голландка,golland ayol,A2,B1,редкая страна/национальность
7382,голландский,gollandlarga oid,A2,B1,редкая страна/национальность
7384,грек,grek,A2,B1,редкая страна/национальность
7385,гречанка,grek ayol,A2,B1,редкая страна/национальность
7386,греческий,greklarga oid,A2,B1,редкая страна/национальность
7388,датчанин,daniyalik,A2,B1,редкая страна/национальность
7389,датчанка,daniyalik ayol,A2,B1,редкая страна/национальность
7390,датский,daniyaliklarga oid,A2,B1,редкая страна/национальность
7392,ирландец,irlandiyalik,A2,B1,редкая страна/национальность
7393,ирландка,irlandiyalik ayol,A2,B1,редкая страна/национальность
7394,ирландский,irlandiyaliklarga oid,A2,B1,редкая страна/национальность
7395,Исландия,Islandiya,A2,B1,редкая страна/национальность
7396,исландец,islandiyalik,A2,B1,редкая страна/национальность
7397,исландка,islandiyalik ayol,A2,B1,редкая страна/национальность
7398,исландский,islandiyaliklarga oid,A2,B1,редкая страна/национальность
7407,Кипр,Kipr,A2,B1,редкая страна/национальность
7408,киприот,kiprlik,A2,B1,редкая страна/национальность
7409,киприотка,kiprlik ayol,A2,B1,редкая страна/национальность
7410,кипрский,kiprliklarga oid,A2,B1,редкая страна/национальность
7411,Мальта,Malta,A2,B1,редкая страна/национальность
7412,мальтиец,maltalik,A2,B1,редкая страна/национальность
7413,мальтийка,maltalik ayol,A2,B1,редкая страна/национальность
7414,мальтийский,maltaliklarga oid,A2,B1,редкая страна/национальность
7416,норвежец,norveg,A2,B1,редкая страна/национальность
7417,норвежка,norveg ayol,A2,B1,редкая страна/национальность
7418,норвежский,norveglarga oid,A2,B1,редкая страна/национальность
7420,португалец,portugal,A2,B1,редкая страна/национальность
7421,португалка,portugal ayol,A2,B1,редкая страна/национальность
7422,португальский,portugallarga oid,A2,B1,редкая страна/национальность
7424,финн,finn,A2,B1,редкая страна/национальность
7425,финка,finn ayol,A2,B1,редкая страна/национальность
7426,финский,finnlarga oid,A2,B1,редкая страна/национальность
7432,швед,shved,A2,B1,редкая страна/национальность
7433,шведка,shved ayol,A2,B1,редкая страна/национальность
7434,шведский,shvedlarga oid,A2,B1,редкая страна/национальность
7436,швейцарец,shveytsariyalik,A2,B1,редкая страна/национальность
7437,швейцарка,shveytsariyalik ayol,A2,B1,редкая страна/национальность
7438,швейцарский,shveytsariyaliklarga oid,A2,B1,редкая страна/национальность
7439,Шотландия,Shotlandiya,A2,B1,редкая страна/национальность
7440,шотландец,shotland,A2,B1,редкая страна/национальность
7441,шотландка,shotland ayol,A2,B1,редкая страна/национальность
7442,шотландский,shotlandlarga oid,A2,B1,редкая страна/национальность
7443,Ватикан,Vatikan,A2,B1,редкая страна/национальность
7444,Лихтенштейн,Lixtenshteyn,A2,B2,редкая страна/национальность
7445,Люксембург,Lyuksemburg,A2,B1,редкая страна/национальность
7446,Монако,Monako,A2,B1,редкая страна/национальность
7527,Россия,Rossiya,A2,A1,базовое частое слово
7528,русский (сущ.),rus,A2,A1,базовое частое слово
7529,русская (сущ.),rus ayol,A2,A1,базовое частое слово
7530,русский,ruslarga oid,A2,A1,базовое частое слово
7539,Узбекистан,oʻzbekiston,A2,A1,базовое частое слово
7540,узбек,oʻzbek,A2,A1,базовое частое слово
7541,узбечка,oʻzbek ayol,A2,A1,базовое частое слово
7542,узбекский,oʻzbeklarga oid,A2,A1,базовое частое слово
7550,вьетнамец,vetnamlik,A2,B1,редкая страна/национальность
7551,вьетнамка,vetnamlik ayol,A2,B1,редкая страна/национальность
7552,вьетнамский,vetnamliklarga oid,A2,B1,редкая страна/национальность
7558,израильтянин,isroillik,A2,B1,редкая страна/национальность
7559,израильтянка,isroillik ayol,A2,B1,редкая страна/национальность
7560,израильский,isroilliklarga oid,A2,B1,редкая страна/национальность
7571,Ливан,Livan,A2,B1,редкая страна/национальность
7572,ливанец,livanlik,A2,B1,редкая страна/национальность
7573,ливанка,livanlik ayol,A2,B1,редкая страна/национальность
7574,ливанский,livanliklarga oid,A2,B1,редкая страна/национальность
7576,монгол,moʻgʻul,A2,B1,редкая страна/национальность
7577,монголка,moʻgʻul ayol,A2,B1,редкая страна/национальность
7578,монгольский,moʻgʻulllarga oid,A2,B1,редкая страна/национальность
7579,Малайзия,Malayziya,A2,B1,редкая страна/национальность
7580,малаец,malayyalik,A2,B1,редкая страна/национальность
7581,малайка,malayyalik ayol,A2,B1,редкая страна/национальность
7582,малайский,malayyaliklarga oid,A2,B1,редкая страна/национальность
7584,пакистанец,pokistonlik,A2,B1,редкая страна/национальность
7585,пакистанка,pokistonlik ayol,A2,B1,редкая страна/национальность
7586,пакистанский,pokistonliklarga oid,A2,B1,редкая страна/национальность
7587,Саудовская Аравия,Saudiya arabistoni,A2,B1,редкая страна/национальность
7592,таец,tailandlik,A2,B1,редкая страна/национальность
7593,тайка,tailandlik ayol,A2,B1,редкая страна/национальность
7594,тайский,tailandliklarga oid,A2,B1,редкая страна/национальность
7595,Тайвань,Tayvan,A2,B1,редкая страна/национальность
7596,тайванец,tayvanlik,A2,B1,редкая страна/национальность
7597,тайванка,tayvanlik ayol,A2,B1,редкая страна/национальность
7598,тайванский,tayvanliklarga oid,A2,B1,редкая страна/национальность
7608,Бангладеш,Bangladesh,A2,B1,редкая страна/национальность
7609,Индонезия,Indoneziya,A2,B1,редкая страна/национальность
7610,Иордания,Iordaniya,A2,B1,редкая страна/национальность
7613,Камбоджа,Kambodja,A2,B1,редкая страна/национальность
7614,Кувейт,Quvayt,A2,B1,редкая страна/национальность
7615,Лаос,Laos,A2,B1,редкая страна/национальность
7616,Мьянма,Myanma,A2,B2,редкая страна/национальность
7617,Непал,Nepal,A2,B1,редкая страна/национальность
7618,Объединённые,Birlashgan Arab,A2,B1,редкая страна/национальность
7619,Арабские Эмираты,Amirliklari,A2,B1,редкая страна/национальность
7624,Соединённые Штаты,Amerika Qoʻshma Shtatlari,B1,A2,частое название страны
7625,американец,amerikalik,B1,A2,частое название страны
7636,Аргентина,Argentina,A1,A2,название страны
7637,аргентинец,argentinalik,A1,B1,национальность/прилагательное
7638,аргентинка,argentinalik ayol,A1,B1,национальность/прилагательное
7639,аргентинский,argentinaliklarga oid,A1,B1,национальность/прилагательное
7640,Бразилия,Braziliya,A1,A2,название страны
7641,бразилец,braziliyalik,A1,B1,национальность/прилагательное
7642,бразильянка,braziliyalik ayol,A1,B1,национальность/прилагательное
7643,бразильский,braziliyaliklarga oid,A1,B1,национальность/прилагательное
7644,Колумбия,Kolumbiya,A1,A2,название страны
7645,колумбиец,kolumbiyalik,A1,B1,национальность/прилагательное
7646,колумбийка,kolumbiyalik ayol,A1,B1,национальность/прилагательное
7647,колумбийский,kolumbiyaliklarga oid,A1,B1,национальность/прилагательное
7648,Куба,Kuba,A1,A2,название страны
7649,кубинец,kubalik,A1,B1,национальность/прилагательное
7650,кубинка,kubalik ayol,A1,B1,национальность/прилагательное
7651,кубинский,kubaliklarga oid,A1,B1,национальность/прилагательное
7652,Чили,Chili,A1,A2,название страны
7653,чилиец,chililik,A1,B1,национальность/прилагательное
7654,чилийка,chililik ayol,A1,B1,национальность/прилагательное
7655,чилийский,chililiklarga oid,A1,B1,национальность/прилагательное
7656,Боливия,Boliviya,A1,B1,менее известная страна
7657,Венесуэла,Venesuela,A1,B1,менее известная страна
7658,Парагвай,Paragvay,A1,B1,менее известная страна
7659,Перу,Peru,A1,B1,менее известная страна
7660,Суринам,Surinam,A1,B2,редкое название страны
7661,Уругвай,Urugvay,A1,B1,менее известная страна
7662,Эквадор,Ekvador,A1,B1,менее известная страна
7663,Багамские острова,Bagam orollari,A1,B2,редкое название страны
7664,Гаити,Gaiti,A1,B2,редкое название страны
7665,Доминиканская республика,Dominikana respublikasi,A1,B2,редкое название страны
7666,Панама,Panama,A1,B1,менее известная страна
7667,Ямайка,Jamayka,A1,B1,менее известная страна
7669,египтянин,misrlik,A2,B1,редкая страна/национальность
7670,египтянка,misrlik ayol,A2,B1,редкая страна/национальность
7671,египетский,misrliklarga oid,A2,B1,редкая страна/национальность
7672,Марокко,Marokash,A2,B1,редкая страна/национальность
7673,марокканец,marokashlik,A2,B1,редкая страна/национальность
7674,марокканка,marokashlik ayol,A2,B1,редкая страна/национальность
7675,марокканский,marokashliklarga oid,A2,B1,редкая страна/национальность
7676,Тунис,Tunis,A2,B1,редкая страна/национальность
7677,тунисец,tunislik,A2,B1,редкая страна/национальность
7678,туниска,tunislik ayol,A2,B1,редкая страна/национальность
7679,тунисский,tunisliklarga oid,A2,B1,редкая страна/национальность
7680,Гана,Gana,A2,B1,редкая страна/национальность
7681,Занзибар,Zanzibar,A2,B2,редкая страна/национальность
7682,Кения,Keniya,A2,B1,редкая страна/национальность
7683,Ливия,Liviya,A2,B1,редкая страна/национальность
7684,Мадагаскар,Madagaskar,A2,B1,редкая страна/национальность
7685,Намибия,Namibiya,A2,B2,редкая страна/национальность
7686,Сенегал,Senegal,A2,B1,редкая страна/национальность
7687,Танзания,Tanzaniya,A2,B1,редкая страна/национальность
7688,ЮАР,Janubiy Afrika,A2,B1,редкая страна/национальность
7693,австралиец,avstraliyalik,A2,B1,редкая страна/национальность
7694,австралийка,avstraliyalik ayol,A2,B1,редкая страна/национальность
7695,австралийский,avstraliyaliklarga oid,A2,B1,редкая страна/национальность
7696,Новая Зеландия,Yangi Zelandiya,A2,B1,редкая страна/национальность
7697,новозеландец,yangi zelandiyalik,A2,B1,редкая страна/национальность
7698,новозеландка,yangi zelandiyalik ayol,A2,B1,редкая страна/национальность
7699,новозеландский,yangi zelandiyaliklarga oid,A2,B1,редкая страна/национальность
7700,Тасмания,Tasmaniya,A2,B2,редкая страна/национальность
7701,Французская Полинезия,Frantsuz Polineziyasi,A2,B2,редкая страна/национальность
7746,Москва,Moskva,B1,A2,частый топоним
7787,капитализм,kapitalizm,B1,B2,специальная политическая лексика
7788,капиталистический,kapitalistik,B1,B2,специальная политическая лексика
7789,социализм,sotsializm,B1,B2,специальная политическая лексика
7790,социалистический,sotsialistik,B1,B2,специальная политическая лексика
7791,коммунизм,kommunizm,B1,B2,специальная политическая лексика
7792,коммунистический,kommunistik,B1,B2,специальная политическая лексика
7793,коммунист,kommunist,B1,B2,специальная политическая лексика
7797,демократическая партия,demokratik partiya,B1,B2,специальная политическая лексика
7798,либерал,liberal,B1,B2,специальная политическая лексика
7799,либеральный,liberal,B1,B2,специальная политическая лексика
7800,консерватор,konservator,B1,B2,специальная политическая лексика
7801,консервативный,konservativ,B1,B2,специальная политическая лексика
7803,республиканец,respublikachi,B1,B2,специальная политическая лексика
7804,республиканская партия,respublikachilar partiyasi,B1,B2,специальная политическая лексика
7808,избирательная кампания,saylov kampaniyasi,B1,B2,специальная политическая лексика
7811,право голоса,ovoz berish huquqi,B1,B2,специальная политическая лексика
7813,баллотироваться,oʻz nomzodini qoʻymoq,B1,B2,специальная политическая лексика
7815,оппозиционный,muxolif,B1,B2,специальная политическая лексика
7816,оппозиция,muxolafat,B1,B2,специальная политическая лексика
7821,вести переговоры,muzokoralar olib borish,B1,B2,специальная политическая лексика
7831,законопроект,qonun loyihasi,B1,B2,книжная/политическая лексика
7835,радикальный,radikal,B1,B2,книжная/политическая лексика
7837,могущественный,kuchli,B1,B2,книжная/политическая лексика
7840,режим,tuzum,B1,B2,книжная/политическая лексика
7842,заговор,fitna,B1,B2,книжная/политическая лексика
7843,провокация,igʻvo,B1,B2,книжная/политическая лексика
7844,свергнуть,agʻdarmoq,B1,B2,книжная/политическая лексика
7845,свержение,agʻdarish,B1,B2,книжная/политическая лексика
7847,переворот,toʻntarish,B1,B2,книжная/политическая лексика
7848,военный переворот,harbiy toʻntarish,B1,B2,книжная/политическая лексика
7851,демонстрант,namoyishchi,B1,B2,книжная/политическая лексика
7853,военное положение,harbiy holat,B1,B2,книжная/политическая лексика
7854,военная база,harbiy baza,B1,B2,книжная/политическая лексика
7857,эксплуатация,ekspluatatsiya,B1,B2,книжная/политическая лексика
7858,эксплуатировать,ekspluatatsiya qilmoq,B1,B2,книжная/политическая лексика
7859,расизм,irqchilik,B1,B2,книжная/политическая лексика
7860,расист,irqchi,B1,B2,книжная/политическая лексика
7861,фашизм,fashizm,B1,B2,книжная/политическая лексика
7862,фашист,fashist,B1,B2,книжная/политическая лексика
7863,иностранец,chet ellik,B1,A2,частое повседневное понятие
7864,иностранный,chet el,B1,A2,частое повседневное понятие
7865,за границей,chet ellarda,B1,A2,частое повседневное понятие
7872,цивилизация,sivilizatsiya,B1,B2,книжная лексика
7875,мир (спокойствие),tinchlik,B1,A2,частое повседневное понятие
7877,родина,vatan,B1,A2,частое повседневное понятие
7878,народ,xalq,B1,A2,частое повседневное понятие
7880,люди,odamlar,B1,A1,базовое слово
7886,традиция,anʼana,B1,A2,частое повседневное понятие
7894,колония,mustamlaka,B1,B2,книжная лексика
7895,рабство,qullik,B1,B2,книжная лексика
7896,нашествие,bostirib kelish,B1,B2,книжная лексика
7900,верование,eʼtiqod,B1,B2,специальная религиозная лексика
7903,атеизм,ateizm,B1,B2,специальная религиозная лексика
7904,атеист,ateist,B1,B2,специальная религиозная лексика
7908,Католицизм,Katolitsizm,B1,B2,специальная религиозная лексика
7911,Протестантство,Protestantlik,B1,B2,специальная религиозная лексика
7912,Протестантская церковь,Protestantlar cherkovi,B1,B2,специальная религиозная лексика
7913,протестант,protestant,B1,B2,специальная религиозная лексика
7917,Пресвитерианство,Presviterianlik,B1,B2,специальная религиозная лексика
7918,Пресвитерианская церковь,Presviterianlar cherkovi,B1,B2,специальная религиозная лексика
7919,пресвитерианин,presviterian,B1,B2,специальная религиозная лексика
7920,Лютеранская церковь,Lyuteran cherkovi,B1,B2,специальная религиозная лексика
7921,лютеранин,lyuteran,B1,B2,специальная религиозная лексика
7922,Баптизм,Baptizm,B1,B2,специальная религиозная лексика
7923,баптист,baptist,B1,B2,специальная религиозная лексика
7924,Англиканская церковь,Anglikan cherkovi,B1,B2,специальная религиозная лексика
7925,англиканин,anglikan,B1,B2,специальная религиозная лексика
7926,Мормонство,Mormonlik,B1,B2,специальная религиозная лексика
7927,мормон,mormon,B1,B2,специальная религиозная лексика
7934,Ислам,Islom,B1,A2,частое понятие в Узбекистане
7935,мусульманин,musulmon,B1,A2,частое понятие в Узбекистане
7937,Шиизм,Shialik,B1,B2,специальная религиозная лексика
7938,шиит,shia,B1,B2,специальная религиозная лексика
7939,Суннизм,Sunniylik,B1,B2,специальная религиозная лексика
7940,суннит,sunniy,B1,B2,специальная религиозная лексика
7944,монахиня,rohiba,B1,B2,специальная церковная лексика
7945,пастор,pastor,B1,B2,специальная церковная лексика
7946,аббат,abbat,B1,B2,специальная церковная лексика
7947,викарий,vikariy,B1,B2,специальная церковная лексика
7948,епископ,episkop,B1,B2,специальная церковная лексика
7949,кардинал,kardinal,B1,B2,специальная церковная лексика
7950,проповедник,vaʼzxon,B1,B2,специальная церковная лексика
7951,проповедь,vaʼz,B1,B2,специальная церковная лексика
7952,прихожане,qavm,B1,B2,специальная церковная лексика
7955,Адам,Odam Ato,A2,B1,религиозная лексика
7956,Ева,Momo Havo,A2,B1,религиозная лексика
7958,Господь,Parvardigor,A2,B1,религиозная лексика
7959,Всемогущий,Qudratli,A2,B2,религиозная лексика
7960,грех,gunoh,A2,B1,религиозная лексика
7961,грешить,gunoh qilmoq,A2,B1,религиозная лексика
7962,грешник,gunohkor,A2,B1,религиозная лексика
7963,грешница,gunohkor ayol,A2,B1,религиозная лексика
7966,Иисус,Iso,A2,B1,религиозная лексика
7967,Иисус Христос,Iso Masih,A2,B1,религиозная лексика
7968,Святой Дух,Muqaddas Ruh,A2,B2,религиозная лексика
7969,Спаситель,Xaloskor,A2,B2,религиозная лексика
7970,Богородица,Bibi Maryam,A2,B2,религиозная лексика
7971,Дьявол,Iblis,A2,B1,религиозная лексика
7972,дьявольский,iblisona,A2,B2,религиозная лексика
7973,Сатана,Shayton,A2,B1,религиозная лексика
7974,сатанинский,shaytonga oid,A2,B2,религиозная лексика
7976,ангел-хранитель,qoʻriqlovchi farishta,A2,B1,многословное/редкое выражение
7977,ангельский,farishtalarga oid,A2,B2,религиозная лексика
7978,апостол,havoriy,A2,B2,религиозная лексика
7979,архангел,farishtalarning eng kattasi,A2,B2,религиозная лексика
7980,антихрист,dajjol,A2,B2,религиозная лексика
7981,Церковь (организация),Cherkov,A2,B1,религиозная лексика
7982,библия,bibliya,A2,B1,религиозная лексика
7983,библейский,bibliyaga oid,A2,B2,религиозная лексика
7984,Ветхий Завет,Tavrot,A2,B2,религиозная лексика
7985,Новый Завет,Injil,A2,B2,религиозная лексика
7986,Евангелие,Injil,A2,B2,религиозная лексика
7987,Священное Писание,Muqaddas Kitob,A2,B2,религиозная лексика
7988,"Небо, Царство Небесное",Jannat,A2,B1,религиозная лексика
7989,заповедь,muqaddas burch,A2,B2,религиозная лексика
7990,пророк,paygʻambar,A2,B1,религиозная лексика
7991,пророчество,paygʻambarlik,A2,B2,религиозная лексика
7996,мулла,mulla,A2,B1,религиозная лексика
7999,паломничество,ziyorat,A2,B1,религиозная лексика
8000,паломник,ziyoratchi,A2,B1,религиозная лексика
8005,готический,gotik,A2,B2,книжное/абстрактное слово
8009,аббатство,abbatlik,A2,B2,религиозная лексика
8010,монастырь (женский),erkaklar monastiri,A2,B2,религиозная лексика
8011,монастырь (мужской),ayollar monastiri,A2,B2,религиозная лексика
8012,колокол,qoʻngʻiroq,A2,B1,"редкое, нечастое понятие"
8013,колокольня,qoʻngʻiroqxona,A2,B2,религиозная лексика
8014,звонить (о колоколах),jaranglatmoq,A2,B2,религиозная лексика
8016,купол,gumbaz,A2,B1,"редкое, нечастое понятие"
8017,икона,but,A2,B1,религиозная лексика
8020,зло,yovuzlik,A2,B1,книжное/абстрактное слово
8021,добро,ezgulik,A2,B1,книжное/абстрактное слово
8022,вампир,qonxoʻr,A2,B1,"редкое, нечастое понятие"
8023,ведьма,yalmogʻiz,A2,B1,"редкое, нечастое понятие"
8024,демон,iblis,A2,B2,религиозная лексика
8025,чёрт,shayton,A2,B1,"редкое, нечастое понятие"
8026,дух,ruh,A2,B1,книжное/абстрактное слово
8027,искупление,gunohini yuvish,A2,B2,религиозная лексика
8028,искупить,gunohini yuvmoq,A2,B2,религиозная лексика
8029,служба (рел.),ibodat,A2,B1,религиозная лексика
8030,служить (рел.),ibodat qilmoq,A2,B2,религиозная лексика
8031,исповедь,tavba,A2,B2,религиозная лексика
8032,исповедоваться,tavba qilmoq,A2,B2,религиозная лексика
8033,святой (сущ.),avliyo,A2,B1,религиозная лексика
8034,священный,muqaddas,A2,B1,книжное/абстрактное слово
8035,святая вода,muqaddas suv,A2,B1,религиозная лексика
8036,ритуал,marosim,A2,B1,книжное/абстрактное слово
8037,ритуальный,marosimga oid,A2,B2,книжное/абстрактное слово
8038,жертвоприношение,qurbonlik,A2,B2,религиозная лексика
8039,суеверие,xurofot,A2,B1,книжное/абстрактное слово
8040,суеверный,xurofiy,A2,B1,книжное/абстрактное слово
8041,загробная жизнь,narigi dunyodagi hayot,A2,B1,многословное/редкое выражение
8042,вечная жизнь,mangu hayot,A2,B1,многословное/редкое выражение
8046,вещь,narsa,B1,A2,частое повседневное слово
8053,компенсация,kompensatsiya,B1,B2,книжное/специальное слово
8054,лабиринт,labirint,B1,B2,книжное/специальное слово
8065,помощь,yordam,B1,A2,частое повседневное слово
8066,преграда,toʻsiq,B1,B2,книжное/специальное слово
8068,пример,misol,B1,A2,частое повседневное слово
8070,причина,sabab,B1,A2,частое повседневное слово
8080,свойство,hossa,B1,B2,книжное/специальное слово
8099,удобный (мебель и т.п.),qulay,B1,A2,частое повседневное слово
8104,частица (часть чего-л.),zarracha,B1,B2,книжное/специальное слово
8105,частый,tez takrorlanuvchi,B1,A2,частое повседневное слово
8106,часть (целого),qism,B1,A2,частое повседневное слово
8113,бесплатный,bepul,B1,A2,частое прилагательное
8115,ближайший,eng yaqin,B1,A2,частое прилагательное
8117,близкий (недалёкий),yaqin joydagi,B1,A2,частое прилагательное
8123,важный,muhim,B1,A2,частое прилагательное
8124,вежливый,boadab,B1,A2,частое прилагательное
8132,враждебный,adovatli,B1,B2,книжное прилагательное
8134,главный,bosh,B1,A2,частое прилагательное
8136,глупый,tentak,B1,A2,частое прилагательное
8137,голодный,och,B1,A1,базовое прилагательное
8141,громкий (голос),baland,B1,A2,частое прилагательное
8143,грязный,iflos,B1,A2,частое прилагательное
8147,детский,bolalarga xos,B1,A2,частое прилагательное
8148,дешёвый (о предмете),arzon,B1,A1,базовое прилагательное
8149,длинный (путь),uzoq,B1,A2,частое прилагательное
8151,довольный,mamnun,B1,A2,частое прилагательное
8160,задний,orqadagi,B1,A2,частое прилагательное
8162,закрытый,yopiq,B1,A2,частое прилагательное
8168,кислый,nordon,B1,A2,частое прилагательное
8170,красивый,chiroyli,B1,A1,базовое прилагательное
8171,кратковременный,qisqa muddatli,B1,B2,книжное прилагательное
8173,лёгкий (о грузе),engil,B1,A2,частое прилагательное
8174,лёгкий (простой),oson,B1,A1,базовое прилагательное
8175,матовый,jilosiz,B1,B2,книжное/специальное слово
8177,мёртвый,oʻlik,B1,A2,частое прилагательное
8179,мокрый (промокший),xoʻl,B1,A2,частое прилагательное
8183,настоящий (момент),hozirgi,B1,A2,частое прилагательное
8184,небольшой,uncha katta boʻlmagan,B1,A2,частое прилагательное
8186,невозможный,imkonsiz,B1,A2,частое прилагательное
8195,нетрудный,oson,B1,A2,частое прилагательное
8199,нормальный,normal,B1,A2,частое прилагательное
8200,нужный,kerakli,B1,A2,частое прилагательное
8202,обыкновенный,oddiy,B1,A2,частое прилагательное
8205,огромный,ulkan,B1,A2,частое прилагательное
8206,одинаковый,bir xil,B1,A2,частое прилагательное
8211,открытый,ochiq,B1,A2,частое прилагательное
8212,отличный (хороший),juda yaxshi,B1,A1,базовое прилагательное
8216,плодородный,hosildor,B1,B2,книжное/специальное слово
8220,подпольный,yashirin,B1,B2,книжное/специальное слово
8221,полный (наполненный),toʻla,B1,A2,частое прилагательное
8222,понятный (ясный),tushunarli,B1,A2,частое прилагательное
8225,похожий,oʻxshash,B1,A2,частое прилагательное
8226,правильный (верный),toʻgʻri,B1,A2,частое прилагательное
8230,прекрасный (красивый),chiroyli,B1,A2,частое прилагательное
8233,приятный (голос),yoqimli,B1,A2,частое прилагательное
8236,простой,oddiy,B1,A2,частое прилагательное
8239,прохладный,salqin,B1,A2,частое прилагательное
8242,прошлый,oʻtib ketgan,B1,A2,частое прилагательное
8247,разный,har xil,B1,A2,частое прилагательное
8251,родной (о стране),jonajon,B1,A2,частое прилагательное
8252,самый важный,eng muhim,B1,A2,частое прилагательное
8253,свежий,yangi,B1,A2,частое прилагательное
8254,светлый (о цвете),och rang,B1,A2,частое прилагательное
8255,свободный,erkin,B1,A2,частое прилагательное
8257,сладкий,shirin,B1,A1,базовое прилагательное
8258,следующий,keyingi,B1,A2,частое прилагательное
8260,сложный (вопрос и т.п.),murakkab,B1,A2,частое прилагательное
8262,совместимый,birga boʻla oladigan,B1,B2,книжное/специальное слово
8266,соседний,qoʻshni,B1,A2,частое прилагательное
8269,старый (дом и т.п.),eski,B1,A1,базовое прилагательное
8270,сухой,quruq,B1,A2,частое прилагательное
8274,тёмный (о комнате),qorongʻi,B1,A2,частое прилагательное
8275,"тёплый (день, пища)",iliq,B1,A2,частое прилагательное
8276,тихий (негромкий),tinch,B1,A2,частое прилагательное
8278,толстый (слой),qalin,B1,A2,частое прилагательное
8281,трудный,qiyin,B1,A2,частое прилагательное
8283,тяжёлый (напр. груз),ogʻir,B1,A2,частое прилагательное
8286,умный,aqlli,B1,A2,частое прилагательное
8294,целый (полностью),toʻliq,B1,A2,частое прилагательное
8295,центральный,markaziy,B1,A2,частое прилагательное
8297,чистый,toza,B1,A2,частое прилагательное
8298,чрезмерный,haddan tashqari,B1,B2,книжное/специальное слово
8301,аплодировать,qarsak chalmoq,B2,B1,"общеупотребительное, не специальное"
8303,атаковать,hujum qilmoq,B2,B1,"общеупотребительное, не специальное"
8309,благодарить,tashakkur bildirmoq,B2,A2,частый бытовой глагол
8310,бороться (воевать),urushmoq,B2,B1,"общеупотребительное, не специальное"
8311,бороться (спорт.),kurashmoq,B2,A2,важно для узбекского быта
8312,бояться (чего-л.),qoʻrqmoq,B2,A1,базовое слово выживания
8315,бронировать (номер и т.п.),band qilib qoʻymoq,B2,A2,частый бытовой глагол
8316,бросать (напр. камень),otmoq,B2,A2,частый бытовой глагол
8317,бросать (покидать),tashlab ketmoq,B2,B1,"общеупотребительное, не специальное"
8318,будить,uygʻotmoq,B2,A2,частый бытовой глагол
8320,быть должным,qarzdor boʻlmoq,B2,B1,"общеупотребительное, не специальное"
8321,быть похожим,oʻxshamoq,B2,A2,частый бытовой глагол
8322,быть убежденным (в ...),ishonmoq,B2,B1,"общеупотребительное, не специальное"
8323,верить (думать),oʻylamoq,B2,A2,частый бытовой глагол
8325,весить (иметь вес),ogʻirlikka ega boʻlmoq,B2,A2,частый бытовой глагол
8326,вести машину,mashina boshqarmoq,B2,A2,частый бытовой глагол
8328,вести себя,oʻzini tutmoq,B2,A2,частый бытовой глагол
8329,вешать,osmoq,B2,A2,частый бытовой глагол
8332,взлетать (о самолёте),uchib chiqmoq,B2,B1,"общеупотребительное, не специальное"
8334,включать (напр. радио),yoqmoq,B2,A2,частый бытовой глагол
8336,влиять,taʼsir etmoq,B2,B1,"общеупотребительное, не специальное"
8337,вмешиваться,aralashmoq,B2,B1,"общеупотребительное, не специальное"
8339,возвращаться,qaytmoq,B2,A1,базовое слово выживания
8341,возглавлять,bosh boʻlmoq,B2,B1,"общеупотребительное, не специальное"
8344,войти (в комнату и т.п.),kirmoq,B2,A1,базовое слово выживания
8345,волноваться,xavotir boʻlmoq,B2,A2,частый бытовой глагол
8347,восхищаться,qoyil qolmoq,B2,B1,"общеупотребительное, не специальное"
8348,вписывать (в список),qoʻshib qoʻymoq,B2,B1,"общеупотребительное, не специальное"
8349,врать,aldamoq,B2,A2,частый бытовой глагол
8351,вспоминать,yodga olmoq,B2,A2,частый бытовой глагол
8352,вставать (с постели),turmoq,B2,A1,базовое слово выживания
8353,вставлять,ichiga oʻrnatmoq,B2,B1,"общеупотребительное, не специальное"
8355,выздоравливать,sogʻaymoq,B2,B1,"общеупотребительное, не специальное"
8356,выйти (из дома и т.п.),chiqmoq,B2,A1,базовое слово выживания
8358,выразить (словами),ifodalamoq,B2,B1,"общеупотребительное, не специальное"
8359,гарантировать,kafolatlamoq,B2,B1,"общеупотребительное, не специальное"
8360,гладить (ласкать),silamoq,B2,B1,"общеупотребительное, не специальное"
8361,гладить (утюгом),dazmollamoq,B2,A2,частый бытовой глагол
8367,действовать (поступать),harakat qilmoq,B2,B1,"общеупотребительное, не специальное"
8369,делать заключение,xulosa qilmoq,B2,B1,"общеупотребительное, не специальное"
8370,делать прививки,emlamoq,B2,B1,"общеупотребительное, не специальное"
8371,делить (матем.),boʻlmoq,B2,A2,частый бытовой глагол
8372,добавлять,qoʻshmoq,B2,A2,частый бытовой глагол
8375,докладывать,maʼruza qilmoq,B2,B1,"общеупотребительное, не специальное"
8378,достигать (результата),erishmoq,B2,B1,"общеупотребительное, не специальное"
8381,дрожать,titramoq,B2,B1,"общеупотребительное, не специальное"
8383,дуть,puflamoq,B2,A2,частый бытовой глагол
8384,дышать,nafas olmoq,B2,A2,частый бытовой глагол
8385,ехать,ketmoq,B2,A1,базовое слово выживания
8388,желать,istamoq,B2,A2,частый бытовой глагол
8390,"жечь, сжигать",yondirmoq,B2,B1,"общеупотребительное, не специальное"
8391,жить (проживать),yashamoq,B2,A1,базовое слово выживания
8392,жить (существовать),yashamoq,B2,A2,частый бытовой глагол
8393,завидовать,havas qilmoq,B2,B1,"общеупотребительное, не специальное"
8394,заворачивать (в бумагу),oʻramoq,B2,A2,частый бытовой глагол
8396,задуматься,oʻylanmoq,B2,B1,"общеупотребительное, не специальное"
8397,"зажечь (костёр, камин)",yondirmoq,B2,A2,частый бытовой глагол
8398,заказывать (в ресторане),buyurtma bermoq,B2,A2,частый бытовой глагол
8402,замолчать,jimib qolmoq,B2,B1,"общеупотребительное, не специальное"
8403,занимать (деньги),qarz olmoq,B2,A2,частый бытовой глагол
8405,запомнить,eslab qolmoq,B2,A2,частый бытовой глагол
8406,запрещать,taqiqlamoq,B2,B1,"общеупотребительное, не специальное"
8407,запускать (начинать),boshlamoq,B2,B1,"общеупотребительное, не специальное"
8409,заразиться чем-л,yuqtirib olmoq,B2,B1,"общеупотребительное, не специальное"
8411,заслуживать,loyiq boʻlmoq,B2,B1,"общеупотребительное, не специальное"
8413,защищаться,himoyalanmoq,B2,B1,"общеупотребительное, не специальное"
8415,знакомить (кого-л. с кем-л.),tanishtirmoq,B2,A2,частый бытовой глагол
8416,знакомиться (с кем-л.),tanishmoq,B2,A1,базовое слово выживания
8419,значить,anglatmoq,B2,A2,частый бытовой глагол
8420,играть (в игру),oʻynamoq,B2,A1,базовое слово выживания
8421,играть (об актёре),oʻynamoq,B2,A2,частый бытовой глагол
8423,избегать,oʻzini chetga olmoq,B2,B1,"общеупотребительное, не специальное"
8431,имитировать,taqlid qilmoq,B2,B1,"общеупотребительное, не специальное"
8434,интересовать,qiziqtirmoq,B2,A2,частый бытовой глагол
8440,исправлять (починить),tuzatmoq,B2,A2,частый бытовой глагол
8442,касаться,tegmoq,B2,A2,частый бытовой глагол
8443,"класть, положить",qoʻymoq,B2,A1,базовое слово выживания
8444,компенсировать,oʻrnini toʻldirmoq,B2,B1,"общеупотребительное, не специальное"
8448,концентрироваться,jalb etilmoq,B2,B1,"общеупотребительное, не специальное"
8450,кормить,ovqat bermoq,B2,A2,частый бытовой глагол
8451,краснеть (от стыда),qizarmoq,B2,B1,"общеупотребительное, не специальное"
8454,купать,choʻmiltirmoq,B2,A2,частый бытовой глагол
8456,"кушать, есть",emoq,B2,A1,базовое слово выживания
8457,лежать (о предмете),yotmoq,B2,A1,базовое слово выживания
8458,лежать (о человеке),yotmoq,B2,A1,базовое слово выживания
8460,лечить (болезнь),davolamoq,B2,A2,частый бытовой глагол
8461,лишать,mahrum qilmoq,B2,B1,"общеупотребительное, не специальное"
8463,ловить рыбу,baliq tutmoq,B2,A2,частый бытовой глагол
8464,ложиться спать,uxlashga yotmoq,B2,A1,базовое слово выживания
8466,льстить,xushomad qilmoq,B2,B1,"общеупотребительное, не специальное"
8467,любить (напр. спорт),yaxshi koʻrmoq,B2,A1,базовое слово выживания
8468,любить (человека),sevmoq,B2,A1,базовое слово выживания
8469,махать (рукой),silkitmoq,B2,A2,частый бытовой глагол
8470,менять,almashmoq,B2,A2,частый бытовой глагол
8471,мечтать,orzu qilmoq,B2,A2,частый бытовой глагол
8483,называть,atamoq,B1,A2,частый бытовой глагол
8485,наливать (в чашку),quymoq,B1,A2,частый бытовой глагол
8492,наследовать,meros qilib olmoq,B1,B2,книжный/формальный глагол
8498,недоумевать,hayron boʻlib qolmoq,B1,B2,книжный/формальный глагол
8509,обнимать,quchoqlamoq,B1,A2,частый бытовой глагол
8510,оборудовать,jihozlamoq,B1,B2,книжный/формальный глагол
8526,ослеплять (светом),qamashtirmoq,B1,B2,книжный/формальный глагол
8527,осложнить,qiyinlashtirmoq,B1,B2,книжный/формальный глагол
8528,осмеливаться,jurʼat qilmoq,B1,B2,книжный/формальный глагол
8529,оставлять (забыть),qoldirmoq,B1,A2,частый бытовой глагол
8531,осуществлять,amalga oshirmoq,B1,B2,книжный/формальный глагол
8537,дверь),ochmoq,B1,A1,базовый глагол
8552,очаровывать,maftun qilmoq,B1,B2,книжный/формальный глагол
8555,пахнуть,hid chiqarmoq,B1,A2,частый бытовой глагол
8560,переоценивать,qaytadan baholamoq,B1,B2,книжный/формальный глагол
8561,писать (письмо и т.п.),yozmoq,B1,A1,базовый глагол
8562,пить,ichmoq,B1,A1,базовый глагол
8570,подготовить,tayyorlamoq,B1,A2,частый бытовой глагол
8574,подслушивать,yashirincha eshitib olmoq,B1,B2,книжный/формальный глагол
8575,подсматривать,yashirincha koʻrib olmoq,B1,B2,книжный/формальный глагол
8577,подходить (приближаться),yaqinlashmoq,B1,A2,частый бытовой глагол
8585,поливать (цветы),sugʻormoq,B1,A2,частый бытовой глагол
8586,пользоваться (чем-л.),foydalanmoq,B1,A2,частый бытовой глагол
8588,помнить,yodda tutmoq,B1,A2,частый бытовой глагол
8591,попытаться,urinib koʻrmoq,B1,A2,частый бытовой глагол
8598,предпринимать,boshlamoq,B1,B2,книжный/формальный глагол
8599,представлять (кого-л.),tanishtirmoq,B1,A2,частый бытовой глагол
8602,презирать,nafratlanmoq,B1,B2,книжный/формальный глагол
8604,преобладать,ortiq boʻlmoq,B1,B2,книжный/формальный глагол
8608,привозить,olib kelmoq,B1,A2,частый бытовой глагол
8611,приговаривать (о судье),hukm qilmoq,B1,B2,книжный/формальный глагол
8616,принуждать,majburlamoq,B1,B2,книжный/формальный глагол
8619,причёсываться,soch taramoq,B1,A2,частый бытовой глагол
8620,провоцировать,igʻvo qilmoq,B1,B2,книжный/формальный глагол
8626,проектировать,loyihalashtirmoq,B1,B2,книжный/формальный глагол
8629,проникать,kirib olmoq,B1,B2,книжный/формальный глагол
8646,разрешать (позволять),ruxsat bermoq,B1,A2,частый бытовой глагол
8656,решать (принимать решение),hal qilmoq,B1,A2,частый бытовой глагол
8657,решить (задачу),echmoq,B1,A2,частый бытовой глагол
8668,сидеть,oʻtirmoq,B1,A1,базовый глагол
8675,смотреть,qaramoq,B1,A1,базовый глагол
8694,становиться (сделаться),boʻlib qolmoq,B1,A2,частый бытовой глагол
8695,стирать (бельё),kir yuvmoq,B1,A2,частый бытовой глагол
8696,стоить,qiymatga ega boʻlmoq,B1,A2,частый глагол (цена)
8701,сушить,quritmoq,B1,A2,частый бытовой глагол
8704,считать (думать),oʻylamoq,B1,A2,частый бытовой глагол
8706,терять,yoʻqotmoq,B1,A2,частый бытовой глагол
8707,толкать,itarmoq,B1,A2,частый бытовой глагол
8711,трансформировать,oʻzgartirmoq,B1,B2,книжный/формальный глагол
8720,тушить (свет),oʻchirmoq,B1,A2,частый бытовой глагол
8724,убирать (наводить порядок),yigʻishtirmoq,B1,A2,частый бытовой глагол
8728,увидеть (заметить),koʻrib qolmoq,B1,A2,частый бытовой глагол
8736,уезжать,ketib qolmoq,B1,A2,частый бытовой глагол
8738,узнавать (адрес и т.п.),bilib olmoq,B1,A2,частый бытовой глагол
8739,узнавать (кого-л.),tanimoq,B1,A2,частый бытовой глагол
8741,украшать (дом и т.п.),bezamoq,B1,A2,частый бытовой глагол
8742,укреплять (положение),mustahkamlamoq,B1,B2,книжный/формальный глагол
8743,улаживать,kelishtirmoq,B1,B2,книжный/формальный глагол
8749,уносить,olib ketmoq,B1,A2,частый бытовой глагол
8752,упрекать,gina qilmoq,B1,B2,книжный/формальный глагол
8755,уставать,charchamoq,B1,A2,частый бытовой глагол
8757,устранять (препятствие),bartaraf qilmoq,B1,B2,книжный/формальный глагол
8758,уступать (в чём-л.),bahridan oʻtmoq,B1,B2,книжный/формальный глагол
