# Падежные формы русских существительных для подсказок в таблицах склонения (сгенерированы, требуют проверки): id|род|одуш.|ед.: им,род,вин,дат,пр|мн.: им,род,вин,дат,пр
42|m|anim|господин,господина,господина,господину,господине|господа,господ,господ,господам,господах
43|f|anim|госпожа,госпожи,госпожу,госпоже,госпоже|госпожи,госпож,госпож,госпожам,госпожах
46|m|anim|мальчик,мальчика,мальчика,мальчику,мальчике|мальчики,мальчиков,мальчиков,мальчикам,мальчиках
47|f|anim|девочка,девочки,девочку,девочке,девочке|девочки,девочек,девочек,девочкам,девочках
111|f|inan|дробь,дроби,дробь,дроби,дроби|дроби,дробей,дроби,дробям,дробях
119|n|inan|вычитание,вычитания,вычитание,вычитанию,вычитании|вычитания,вычитаний,вычитания,вычитаниям,вычитаниях
121|n|inan|деление,деления,деление,делению,делении|деления,делений,деления,делениям,делениях
123|n|inan|сложение,сложения,сложение,сложению,сложении|сложения,сложений,сложения,сложениям,сложениях
126|n|inan|умножение,умножения,умножение,умножению,умножении|умножения,умножений,умножения,умножениям,умножениях
128|f|inan|цифра,цифры,цифру,цифре,цифре|цифры,цифр,цифры,цифрам,цифрах
129|n|inan|число,числа,число,числу,числе|числа,чисел,числа,числам,числах
131|m|inan|минус,минуса,минус,минусу,минусе|минусы,минусов,минусы,минусам,минусах
132|m|inan|плюс,плюса,плюс,плюсу,плюсе|плюсы,плюсов,плюсы,плюсам,плюсах
133|f|inan|формула,формулы,формулу,формуле,формуле|формулы,формул,формулы,формулам,формулах
134|n|inan|вычисление,вычисления,вычисление,вычислению,вычислении|вычисления,вычислений,вычисления,вычислениям,вычислениях
140|f|inan|сумма,суммы,сумму,сумме,сумме|суммы,сумм,суммы,суммам,суммах
141|m|inan|результат,результата,результат,результату,результате|результаты,результатов,результаты,результатам,результатах
142|m|inan|остаток,остатка,остаток,остатку,остатке|остатки,остатков,остатки,остаткам,остатках
301|m|inan|цвет,цвета,цвет,цвету,цвете|цвета,цветов,цвета,цветам,цветах
303|m|inan|тон,тона,тон,тону,тоне|тона,тонов,тона,тонам,тонах
304|f|inan|радуга,радуги,радугу,радуге,радуге|радуги,радуг,радуги,радугам,радугах
386|f|inan|середина,середины,середину,середине,середине|середины,середин,середины,серединам,серединах
461|m|inan|понедельник,понедельника,понедельник,понедельнику,понедельнике|понедельники,понедельников,понедельники,понедельникам,понедельниках
462|m|inan|вторник,вторника,вторник,вторнику,вторнике|вторники,вторников,вторники,вторникам,вторниках
463|f|inan|среда,среды,среду,среде,среде|среды,сред,среды,средам,средах
464|m|inan|четверг,четверга,четверг,четвергу,четверге|четверги,четвергов,четверги,четвергам,четвергах
465|f|inan|пятница,пятницы,пятницу,пятнице,пятнице|пятницы,пятниц,пятницы,пятницам,пятницах
466|f|inan|суббота,субботы,субботу,субботе,субботе|субботы,суббот,субботы,субботам,субботах
467|n|inan|воскресенье,воскресенья,воскресенье,воскресенью,воскресенье|воскресенья,воскресений,воскресенья,воскресеньям,воскресеньях
473|m|inan|день,дня,день,дню,дне|дни,дней,дни,дням,днях
484|f|inan|неделя,недели,неделю,неделе,неделе|недели,недель,недели,неделям,неделях
491|n|inan|утро,утра,утро,утру,утре|утра,утр,утра,утрам,утрах
495|m|inan|вечер,вечера,вечер,вечеру,вечере|вечера,вечеров,вечера,вечерам,вечерах
497|f|inan|ночь,ночи,ночь,ночи,ночи|ночи,ночей,ночи,ночам,ночах
500|f|inan|секунда,секунды,секунду,секунде,секунде|секунды,секунд,секунды,секундам,секундах
501|f|inan|минута,минуты,минуту,минуте,минуте|минуты,минут,минуты,минутам,минутах
502|m|inan|час,часа,час,часу,часе|часы,часов,часы,часам,часах
505|m|inan|сутки,суток,сутки,суткам,сутках|сутки,суток,сутки,суткам,сутках
528|m|inan|январь,января,январь,январю,январе|январи,январей,январи,январям,январях
529|m|inan|февраль,февраля,февраль,февралю,феврале|феврали,февралей,феврали,февралям,февралях
530|m|inan|март,марта,март,марту,марте|марты,мартов,марты,мартам,мартах
531|m|inan|апрель,апреля,апрель,апрелю,апреле|апрели,апрелей,апрели,апрелям,апрелях
532|m|inan|май,мая,май,маю,мае|маи,маев,маи,маям,маях
533|m|inan|июнь,июня,июнь,июню,июне|июни,июней,июни,июням,июнях
534|m|inan|июль,июля,июль,июлю,июле|июли,июлей,июли,июлям,июлях
535|m|inan|август,августа,август,августу,августе|августы,августов,августы,августам,августах
536|m|inan|сентябрь,сентября,сентябрь,сентябрю,сентябре|сентябри,сентябрей,сентябри,сентябрям,сентябрях
537|m|inan|октябрь,октября,октябрь,октябрю,октябре|октябри,октябрей,октябри,октябрям,октябрях
538|m|inan|ноябрь,ноября,ноябрь,ноябрю,ноябре|ноябри,ноябрей,ноябри,ноябрям,ноябрях
539|m|inan|декабрь,декабря,декабрь,декабрю,декабре|декабри,декабрей,декабри,декабрям,декабрях
540|f|inan|весна,весны,весну,весне,весне|весны,вёсен,весны,веснам,веснах
543|n|inan|лето,лета,лето,лету,лете|лета,лет,лета,летам,летах
546|f|inan|осень,осени,осень,осени,осени|осени,осеней,осени,осеням,осенях
549|f|inan|зима,зимы,зиму,зиме,зиме|зимы,зим,зимы,зимам,зимах
552|m|inan|месяц,месяца,месяц,месяцу,месяце|месяцы,месяцев,месяцы,месяцам,месяцах
565|m|inan|год,года,год,году,годе|годы,лет,годы,годам,годах
579|f|inan|дата,даты,дату,дате,дате|даты,дат,даты,датам,датах
580|m|inan|календарь,календаря,календарь,календарю,календаре|календари,календарей,календари,календарям,календарях
583|m|inan|сезон,сезона,сезон,сезону,сезоне|сезоны,сезонов,сезоны,сезонам,сезонах
584|m|inan|век,века,век,веку,веке|века,веков,века,векам,веках
585|n|inan|время,времени,время,времени,времени|времена,времён,времена,временам,временах
586|m|inan|миг,мига,миг,мигу,миге|миги,мигов,миги,мигам,мигах
587|n|inan|мгновение,мгновения,мгновение,мгновению,мгновении|мгновения,мгновений,мгновения,мгновениям,мгновениях
590|f|inan|жизнь,жизни,жизнь,жизни,жизни|жизни,жизней,жизни,жизням,жизнях
591|f|inan|вечность,вечности,вечность,вечности,вечности|вечности,вечностей,вечности,вечностям,вечностях
592|f|inan|эпоха,эпохи,эпоху,эпохе,эпохе|эпохи,эпох,эпохи,эпохам,эпохах
594|m|inan|цикл,цикла,цикл,циклу,цикле|циклы,циклов,циклы,циклам,циклах
595|m|inan|период,периода,период,периоду,периоде|периоды,периодов,периоды,периодам,периодах
596|n|inan|будущее,будущего,будущее,будущему,будущем|будущие,будущих,будущие,будущим,будущих
599|n|inan|прошлое,прошлого,прошлое,прошлому,прошлом|прошлые,прошлых,прошлые,прошлым,прошлых
611|f|inan|судьба,судьбы,судьбу,судьбе,судьбе|судьбы,судеб,судьбы,судьбам,судьбах
612|f|inan|память,памяти,память,памяти,памяти|памяти,памятей,памяти,памятям,памятях
613|m|inan|архив,архива,архив,архиву,архиве|архивы,архивов,архивы,архивам,архивах
668|n|inan|преступление,преступления,преступление,преступлению,преступлении|преступления,преступлений,преступления,преступлениям,преступлениях
669|n|inan|наказание,наказания,наказание,наказанию,наказании|наказания,наказаний,наказания,наказаниям,наказаниях
674|m|inan|рай,рая,рай,раю,рае|раи,раев,раи,раям,раях
675|m|inan|ад,ада,ад,аду,аде|ады,адов,ады,адам,адах
696|m|inan|квадрат,квадрата,квадрат,квадрату,квадрате|квадраты,квадратов,квадраты,квадратам,квадратах
698|m|inan|круг,круга,круг,кругу,круге|круги,кругов,круги,кругам,кругах
700|m|inan|треугольник,треугольника,треугольник,треугольнику,треугольнике|треугольники,треугольников,треугольники,треугольникам,треугольниках
702|m|inan|овал,овала,овал,овалу,овале|овалы,овалов,овалы,овалам,овалах
706|f|inan|пирамида,пирамиды,пирамиду,пирамиде,пирамиде|пирамиды,пирамид,пирамиды,пирамидам,пирамидах
707|m|inan|ромб,ромба,ромб,ромбу,ромбе|ромбы,ромбов,ромбы,ромбам,ромбах
708|f|inan|трапеция,трапеции,трапецию,трапеции,трапеции|трапеции,трапеций,трапеции,трапециям,трапециях
709|m|inan|куб,куба,куб,кубу,кубе|кубы,кубов,кубы,кубам,кубах
710|f|inan|призма,призмы,призму,призме,призме|призмы,призм,призмы,призмам,призмах
711|f|inan|окружность,окружности,окружность,окружности,окружности|окружности,окружностей,окружности,окружностям,окружностях
712|f|inan|сфера,сферы,сферу,сфере,сфере|сферы,сфер,сферы,сферам,сферах
713|m|inan|шар,шара,шар,шару,шаре|шары,шаров,шары,шарам,шарах
714|m|inan|диаметр,диаметра,диаметр,диаметру,диаметре|диаметры,диаметров,диаметры,диаметрам,диаметрах
715|m|inan|радиус,радиуса,радиус,радиусу,радиусе|радиусы,радиусов,радиусы,радиусам,радиусах
716|m|inan|периметр,периметра,периметр,периметру,периметре|периметры,периметров,периметры,периметрам,периметрах
717|m|inan|центр,центра,центр,центру,центре|центры,центров,центры,центрам,центрах
720|f|inan|параллель,параллели,параллель,параллели,параллели|параллели,параллелей,параллели,параллелям,параллелях
722|f|inan|линия,линии,линию,линии,линии|линии,линий,линии,линиям,линиях
723|f|inan|черта,черты,черту,черте,черте|черты,черт,черты,чертам,чертах
727|f|inan|форма,формы,форму,форме,форме|формы,форм,формы,формам,формах
728|n|inan|пересечение,пересечения,пересечение,пересечению,пересечении|пересечения,пересечений,пересечения,пересечениям,пересечениях
730|m|inan|сегмент,сегмента,сегмент,сегменту,сегменте|сегменты,сегментов,сегменты,сегментам,сегментах
731|m|inan|сектор,сектора,сектор,сектору,секторе|секторы,секторов,секторы,секторам,секторах
732|f|inan|сторона,стороны,сторону,стороне,стороне|стороны,сторон,стороны,сторонам,сторонах
733|m|inan|угол,угла,угол,углу,угле|углы,углов,углы,углам,углах
734|m|inan|вес,веса,вес,весу,весе|веса,весов,веса,весам,весах
735|f|inan|длина,длины,длину,длине,длине|длины,длин,длины,длинам,длинах
736|f|inan|ширина,ширины,ширину,ширине,ширине|ширины,ширин,ширины,ширинам,ширинах
737|f|inan|высота,высоты,высоту,высоте,высоте|высоты,высот,высоты,высотам,высотах
738|f|inan|глубина,глубины,глубину,глубине,глубине|глубины,глубин,глубины,глубинам,глубинах
739|m|inan|объём,объёма,объём,объёму,объёме|объёмы,объёмов,объёмы,объёмам,объёмах
740|f|inan|площадь,площади,площадь,площади,площади|площади,площадей,площади,площадям,площадях
741|m|inan|грамм,грамма,грамм,грамму,грамме|граммы,граммов,граммы,граммам,граммах
742|m|inan|миллиграмм,миллиграмма,миллиграмм,миллиграмму,миллиграмме|миллиграммы,миллиграммов,миллиграммы,миллиграммам,миллиграммах
743|m|inan|килограмм,килограмма,килограмм,килограмму,килограмме|килограммы,килограммов,килограммы,килограммам,килограммах
744|f|inan|тонна,тонны,тонну,тонне,тонне|тонны,тонн,тонны,тоннам,тоннах
745|m|inan|фунт,фунта,фунт,фунту,фунте|фунты,фунтов,фунты,фунтам,фунтах
746|f|inan|унция,унции,унцию,унции,унции|унции,унций,унции,унциям,унциях
747|m|inan|метр,метра,метр,метру,метре|метры,метров,метры,метрам,метрах
748|m|inan|миллиметр,миллиметра,миллиметр,миллиметру,миллиметре|миллиметры,миллиметров,миллиметры,миллиметрам,миллиметрах
749|m|inan|сантиметр,сантиметра,сантиметр,сантиметру,сантиметре|сантиметры,сантиметров,сантиметры,сантиметрам,сантиметрах
750|m|inan|километр,километра,километр,километру,километре|километры,километров,километры,километрам,километрах
751|f|inan|миля,мили,милю,миле,миле|мили,миль,мили,милям,милях
752|m|inan|дюйм,дюйма,дюйм,дюйму,дюйме|дюймы,дюймов,дюймы,дюймам,дюймах
753|m|inan|фут,фута,фут,футу,футе|футы,футов,футы,футам,футах
754|m|inan|ярд,ярда,ярд,ярду,ярде|ярды,ярдов,ярды,ярдам,ярдах
756|m|inan|гектар,гектара,гектар,гектару,гектаре|гектары,гектаров,гектары,гектарам,гектарах
757|m|inan|литр,литра,литр,литру,литре|литры,литров,литры,литрам,литрах
758|m|inan|градус,градуса,градус,градусу,градусе|градусы,градусов,градусы,градусам,градусах
759|m|inan|вольт,вольта,вольт,вольту,вольте|вольты,вольтов,вольты,вольтам,вольтах
760|m|inan|ампер,ампера,ампер,амперу,ампере|амперы,амперов,амперы,амперам,амперах
762|n|inan|количество,количества,количество,количеству,количестве|количества,количеств,количества,количествам,количествах
765|f|inan|штука,штуки,штуку,штуке,штуке|штуки,штук,штуки,штукам,штуках
766|m|inan|размер,размера,размер,размеру,размере|размеры,размеров,размеры,размерам,размерах
767|m|inan|масштаб,масштаба,масштаб,масштабу,масштабе|масштабы,масштабов,масштабы,масштабам,масштабах
773|f|inan|банка,банки,банку,банке,банке|банки,банок,банки,банкам,банках
774|f|inan|банка,банки,банку,банке,банке|банки,банок,банки,банкам,банках
775|n|inan|ведро,ведра,ведро,ведру,ведре|вёдра,вёдер,вёдра,вёдрам,вёдрах
776|f|inan|бочка,бочки,бочку,бочке,бочке|бочки,бочек,бочки,бочкам,бочках
777|m|inan|таз,таза,таз,тазу,тазе|тазы,тазов,тазы,тазам,тазах
778|m|inan|бак,бака,бак,баку,баке|баки,баков,баки,бакам,баках
779|f|inan|фляжка,фляжки,фляжку,фляжке,фляжке|фляжки,фляжек,фляжки,фляжкам,фляжках
780|f|inan|канистра,канистры,канистру,канистре,канистре|канистры,канистр,канистры,канистрам,канистрах
781|f|inan|цистерна,цистерны,цистерну,цистерне,цистерне|цистерны,цистерн,цистерны,цистернам,цистернах
782|f|inan|кружка,кружки,кружку,кружке,кружке|кружки,кружек,кружки,кружкам,кружках
783|f|inan|чашка,чашки,чашку,чашке,чашке|чашки,чашек,чашки,чашкам,чашках
784|n|inan|блюдце,блюдца,блюдце,блюдцу,блюдце|блюдца,блюдец,блюдца,блюдцам,блюдцах
785|m|inan|стакан,стакана,стакан,стакану,стакане|стаканы,стаканов,стаканы,стаканам,стаканах
786|m|inan|бокал,бокала,бокал,бокалу,бокале|бокалы,бокалов,бокалы,бокалам,бокалах
787|f|inan|кастрюля,кастрюли,кастрюлю,кастрюле,кастрюле|кастрюли,кастрюль,кастрюли,кастрюлям,кастрюлях
788|f|inan|бутылка,бутылки,бутылку,бутылке,бутылке|бутылки,бутылок,бутылки,бутылкам,бутылках
790|m|inan|графин,графина,графин,графину,графине|графины,графинов,графины,графинам,графинах
791|m|inan|кувшин,кувшина,кувшин,кувшину,кувшине|кувшины,кувшинов,кувшины,кувшинам,кувшинах
792|m|inan|сосуд,сосуда,сосуд,сосуду,сосуде|сосуды,сосудов,сосуды,сосудам,сосудах
793|m|inan|горшок,горшка,горшок,горшку,горшке|горшки,горшков,горшки,горшкам,горшках
794|f|inan|ваза,вазы,вазу,вазе,вазе|вазы,ваз,вазы,вазам,вазах
795|m|inan|флакон,флакона,флакон,флакону,флаконе|флаконы,флаконов,флаконы,флаконам,флаконах
796|m|inan|пузырёк,пузырка,пузырёк,пузырку,пузырке|пузырки,пузырков,пузырки,пузыркам,пузырках
797|m|inan|тюбик,тюбика,тюбик,тюбику,тюбике|тюбики,тюбиков,тюбики,тюбикам,тюбиках
798|m|inan|мешок,мешка,мешок,мешку,мешке|мешки,мешков,мешки,мешкам,мешках
800|f|inan|пачка,пачки,пачку,пачке,пачке|пачки,пачек,пачки,пачкам,пачках
801|f|inan|коробка,коробки,коробку,коробке,коробке|коробки,коробок,коробки,коробкам,коробках
802|m|inan|ящик,ящика,ящик,ящику,ящике|ящики,ящиков,ящики,ящикам,ящиках
803|f|inan|корзина,корзины,корзину,корзине,корзине|корзины,корзин,корзины,корзинам,корзинах
804|m|inan|материал,материала,материал,материалу,материале|материалы,материалов,материалы,материалам,материалах
805|n|inan|дерево,дерева,дерево,дереву,дереве|деревья,деревьев,деревья,деревьям,деревьях
807|n|inan|стекло,стекла,стекло,стеклу,стекле|стёкла,стёкол,стёкла,стёклам,стёклах
809|m|inan|камень,камня,камень,камню,камне|камни,камней,камни,камням,камнях
811|m|inan|пластик,пластика,пластик,пластику,пластике|пластики,пластиков,пластики,пластикам,пластиках
813|f|inan|резина,резины,резину,резине,резине|резины,резин,резины,резинам,резинах
815|f|inan|ткань,ткани,ткань,ткани,ткани|ткани,тканей,ткани,тканям,тканях
817|f|inan|бумага,бумаги,бумагу,бумаге,бумаге|бумаги,бумаг,бумаги,бумагам,бумагах
819|m|inan|картон,картона,картон,картону,картоне|картоны,картонов,картоны,картонам,картонах
821|m|inan|полиэтилен,полиэтилена,полиэтилен,полиэтилену,полиэтилене|полиэтилены,полиэтиленов,полиэтилены,полиэтиленам,полиэтиленах
822|m|inan|целлофан,целлофана,целлофан,целлофану,целлофане|целлофаны,целлофанов,целлофаны,целлофанам,целлофанах
823|m|inan|линолеум,линолеума,линолеум,линолеуму,линолеуме|линолеумы,линолеумов,линолеумы,линолеумам,линолеумах
824|f|inan|фанера,фанеры,фанеру,фанере,фанере|фанеры,фанер,фанеры,фанерам,фанерах
825|m|inan|фарфор,фарфора,фарфор,фарфору,фарфоре|фарфоры,фарфоров,фарфоры,фарфорам,фарфорах
827|f|inan|глина,глины,глину,глине,глине|глины,глин,глины,глинам,глинах
829|f|inan|керамика,керамики,керамику,керамике,керамике|керамики,керамик,керамики,керамикам,керамиках
831|m|inan|металл,металла,металл,металлу,металле|металлы,металлов,металлы,металлам,металлах
833|m|inan|сплав,сплава,сплав,сплаву,сплаве|сплавы,сплавов,сплавы,сплавам,сплавах
840|f|inan|сталь,стали,сталь,стали,стали|стали,сталей,стали,сталям,сталях
842|f|inan|медь,меди,медь,меди,меди|меди,медей,меди,медям,медях
844|m|inan|алюминий,алюминия,алюминий,алюминию,алюминии|алюминии,алюминиев,алюминии,алюминиям,алюминиях
846|f|inan|бронза,бронзы,бронзу,бронзе,бронзе|бронзы,бронз,бронзы,бронзам,бронзах
848|f|inan|латунь,латуни,латунь,латуни,латуни|латуни,латуней,латуни,латуням,латунях
849|m|inan|никель,никеля,никель,никелю,никеле|никели,никелей,никели,никелям,никелях
850|f|inan|платина,платины,платину,платине,платине|платины,платин,платины,платинам,платинах
851|f|inan|ртуть,ртути,ртуть,ртути,ртути|ртути,ртутей,ртути,ртутям,ртутях
852|n|inan|олово,олова,олово,олову,олове|олова,олов,олова,оловам,оловах
853|m|inan|свинец,свинца,свинец,свинцу,свинце|свинцы,свинцов,свинцы,свинцам,свинцах
854|m|inan|цинк,цинка,цинк,цинку,цинке|цинки,цинков,цинки,цинкам,цинках
855|m|anim|мужчина,мужчины,мужчину,мужчине,мужчине|мужчины,мужчин,мужчин,мужчинам,мужчинах
856|f|anim|женщина,женщины,женщину,женщине,женщине|женщины,женщин,женщин,женщинам,женщинах
857|m|anim|ребёнок,ребёнка,ребёнка,ребёнку,ребёнке|дети,детей,детей,детям,детях
860|m|anim|подросток,подростка,подростка,подростку,подростке|подростки,подростков,подростков,подросткам,подростках
861|m|anim|старик,старика,старика,старику,старике|старики,стариков,стариков,старикам,стариках
862|f|anim|старая женщина,старой женщины,старую женщину,старой женщине,старой женщине|старые женщины,старых женщин,старых женщин,старым женщинам,старых женщинах
863|m|inan|организм,организма,организм,организму,организме|организмы,организмов,организмы,организмам,организмах
864|n|inan|сердце,сердца,сердце,сердцу,сердце|сердца,сердец,сердца,сердцам,сердцах
865|f|inan|кровь,крови,кровь,крови,крови|крови,кровей,крови,кровям,кровях
866|f|inan|артерия,артерии,артерию,артерии,артерии|артерии,артерий,артерии,артериям,артериях
867|f|inan|вена,вены,вену,вене,вене|вены,вен,вены,венам,венах
868|m|inan|мозг,мозга,мозг,мозгу,мозге|мозги,мозгов,мозги,мозгам,мозгах
869|m|inan|нерв,нерва,нерв,нерву,нерве|нервы,нервов,нервы,нервам,нервах
872|m|inan|позвоночник,позвоночника,позвоночник,позвоночнику,позвоночнике|позвоночники,позвоночников,позвоночники,позвоночникам,позвоночниках
873|m|inan|желудок,желудка,желудок,желудку,желудке|желудки,желудков,желудки,желудкам,желудках
875|f|inan|кишка,кишки,кишку,кишке,кишке|кишки,кишек,кишки,кишкам,кишках
876|f|inan|печень,печени,печень,печени,печени|печени,печеней,печени,печеням,печенях
877|f|inan|почка,почки,почку,почке,почке|почки,почек,почки,почкам,почках
878|f|inan|кость,кости,кость,кости,кости|кости,костей,кости,костям,костях
879|m|inan|скелет,скелета,скелет,скелету,скелете|скелеты,скелетов,скелеты,скелетам,скелетах
880|n|inan|ребро,ребра,ребро,ребру,ребре|рёбра,рёбер,рёбра,рёбрам,рёбрах
882|f|inan|мышца,мышцы,мышцу,мышце,мышце|мышцы,мышц,мышцы,мышцам,мышцах
883|m|inan|бицепс,бицепса,бицепс,бицепсу,бицепсе|бицепсы,бицепсов,бицепсы,бицепсам,бицепсах
884|m|inan|трицепс,трицепса,трицепс,трицепсу,трицепсе|трицепсы,трицепсов,трицепсы,трицепсам,трицепсах
885|n|inan|сухожилие,сухожилия,сухожилие,сухожилию,сухожилии|сухожилия,сухожилий,сухожилия,сухожилиям,сухожилиях
886|m|inan|сустав,сустава,сустав,суставу,суставе|суставы,суставов,суставы,суставам,суставах
887|n|inan|лёгкие,лёгких,лёгкие,лёгким,лёгких|лёгкие,лёгких,лёгкие,лёгким,лёгких
889|f|inan|кожа,кожи,кожу,коже,коже|кожи,кож,кожи,кожам,кожах
890|f|inan|голова,головы,голову,голове,голове|головы,голов,головы,головам,головах
891|n|inan|лицо,лица,лицо,лицу,лице|лица,лиц,лица,лицам,лицах
892|m|inan|нос,носа,нос,носу,носе|носы,носов,носы,носам,носах
893|m|inan|рот,рта,рот,рту,рте|рты,ртов,рты,ртам,ртах
894|m|inan|глаз,глаза,глаз,глазу,глазе|глаза,глаз,глаза,глазам,глазах
896|m|inan|зрачок,зрачка,зрачок,зрачку,зрачке|зрачки,зрачков,зрачки,зрачкам,зрачках
897|f|inan|бровь,брови,бровь,брови,брови|брови,бровей,брови,бровям,бровях
898|f|inan|ресница,ресницы,ресницу,реснице,реснице|ресницы,ресниц,ресницы,ресницам,ресницах
900|m|inan|язык,языка,язык,языку,языке|языки,языков,языки,языкам,языках
901|m|inan|зуб,зуба,зуб,зубу,зубе|зубы,зубов,зубы,зубам,зубах
904|f|inan|десна,десны,десну,десне,десне|дёсны,дёсен,дёсны,дёснам,дёснах
905|n|inan|нёбо,нёба,нёбо,нёбу,нёбе|нёба,нёб,нёба,нёбам,нёбах
907|m|inan|подбородок,подбородка,подбородок,подбородку,подбородке|подбородки,подбородков,подбородки,подбородкам,подбородках
908|f|inan|челюсть,челюсти,челюсть,челюсти,челюсти|челюсти,челюстей,челюсти,челюстям,челюстях
909|f|inan|щека,щеки,щёку,щеке,щеке|щёки,щёк,щёки,щекам,щеках
910|m|inan|лоб,лба,лоб,лбу,лбе|лбы,лбов,лбы,лбам,лбах
911|m|inan|висок,виска,висок,виску,виске|виски,висков,виски,вискам,висках
912|n|inan|ухо,уха,ухо,уху,ухе|уши,ушей,уши,ушам,ушах
913|m|inan|затылок,затылка,затылок,затылку,затылке|затылки,затылков,затылки,затылкам,затылках
914|f|inan|шея,шеи,шею,шее,шее|шеи,шей,шеи,шеям,шеях
918|f|inan|стрижка,стрижки,стрижку,стрижке,стрижке|стрижки,стрижек,стрижки,стрижкам,стрижках
920|m|inan|усы,усов,усы,усам,усах|усы,усов,усы,усам,усах
921|f|inan|борода,бороды,бороду,бороде,бороде|бороды,бород,бороды,бородам,бородах
929|m|inan|хвост,хвоста,хвост,хвосту,хвосте|хвосты,хвостов,хвосты,хвостам,хвостах
930|f|inan|чёлка,чёлки,чёлку,чёлке,чёлке|чёлки,чёлок,чёлки,чёлкам,чёлках
931|f|inan|кисть,кисти,кисть,кисти,кисти|кисти,кистей,кисти,кистям,кистях
932|f|inan|рука,руки,руку,руке,руке|руки,рук,руки,рукам,руках
935|m|inan|мизинец,мизинца,мизинец,мизинцу,мизинце|мизинцы,мизинцев,мизинцы,мизинцам,мизинцах
936|m|inan|ноготь,ногтя,ноготь,ногтю,ногте|ногти,ногтей,ногти,ногтям,ногтях
937|m|inan|кулак,кулака,кулак,кулаку,кулаке|кулаки,кулаков,кулаки,кулакам,кулаках
938|f|inan|ладонь,ладони,ладонь,ладони,ладони|ладони,ладоней,ладони,ладоням,ладонях
939|n|inan|запястье,запястья,запястье,запястью,запястье|запястья,запястий,запястья,запястьям,запястьях
941|m|inan|локоть,локтя,локоть,локтю,локте|локти,локтей,локти,локтям,локтях
942|n|inan|плечо,плеча,плечо,плечу,плече|плечи,плеч,плечи,плечам,плечах
943|f|inan|нога,ноги,ногу,ноге,ноге|ноги,ног,ноги,ногам,ногах
945|n|inan|колено,колена,колено,колену,колене|колени,коленей,колени,коленям,коленях
946|f|inan|икра,икры,икру,икре,икре|икры,икр,икры,икрам,икрах
947|n|inan|бедро,бедра,бедро,бедру,бедре|бёдра,бёдер,бёдра,бёдрам,бёдрах
948|f|inan|пятка,пятки,пятку,пятке,пятке|пятки,пяток,пятки,пяткам,пятках
949|n|inan|тело,тела,тело,телу,теле|тела,тел,тела,телам,телах
950|m|inan|живот,живота,живот,животу,животе|животы,животов,животы,животам,животах
951|f|inan|грудь,груди,грудь,груди,груди|груди,грудей,груди,грудям,грудях
952|f|inan|грудь,груди,грудь,груди,груди|груди,грудей,груди,грудям,грудях
953|m|inan|бок,бока,бок,боку,боке|бока,боков,бока,бокам,боках
954|f|inan|спина,спины,спину,спине,спине|спины,спин,спины,спинам,спинах
955|f|inan|поясница,поясницы,поясницу,пояснице,пояснице|поясницы,поясниц,поясницы,поясницам,поясницах
956|f|inan|талия,талии,талию,талии,талии|талии,талий,талии,талиям,талиях
957|m|inan|пупок,пупка,пупок,пупку,пупке|пупки,пупков,пупки,пупкам,пупках
959|m|inan|зад,зада,зад,заду,заде|зады,задов,зады,задам,задах
960|f|inan|родинка,родинки,родинку,родинке,родинке|родинки,родинок,родинки,родинкам,родинках
962|f|inan|татуировка,татуировки,татуировку,татуировке,татуировке|татуировки,татуировок,татуировки,татуировкам,татуировках
963|m|inan|шрам,шрама,шрам,шраму,шраме|шрамы,шрамов,шрамы,шрамам,шрамах
966|n|inan|пальто,пальто,пальто,пальто,пальто|пальто,пальто,пальто,пальто,пальто
967|f|inan|шуба,шубы,шубу,шубе,шубе|шубы,шуб,шубы,шубам,шубах
969|m|inan|пуховик,пуховика,пуховик,пуховику,пуховике|пуховики,пуховиков,пуховики,пуховикам,пуховиках
970|f|inan|куртка,куртки,куртку,куртке,куртке|куртки,курток,куртки,курткам,куртках
971|m|inan|плащ,плаща,плащ,плащу,плаще|плащи,плащей,плащи,плащам,плащах
973|f|inan|рубашка,рубашки,рубашку,рубашке,рубашке|рубашки,рубашек,рубашки,рубашкам,рубашках
974|m|inan|брюки,брюк,брюки,брюкам,брюках|брюки,брюк,брюки,брюкам,брюках
975|m|inan|джинсы,джинсов,джинсы,джинсам,джинсах|джинсы,джинсов,джинсы,джинсам,джинсах
976|m|inan|пиджак,пиджака,пиджак,пиджаку,пиджаке|пиджаки,пиджаков,пиджаки,пиджакам,пиджаках
977|m|inan|костюм,костюма,костюм,костюму,костюме|костюмы,костюмов,костюмы,костюмам,костюмах
979|f|inan|юбка,юбки,юбку,юбке,юбке|юбки,юбок,юбки,юбкам,юбках
980|f|inan|блузка,блузки,блузку,блузке,блузке|блузки,блузок,блузки,блузкам,блузках
982|m|inan|жакет,жакета,жакет,жакету,жакете|жакеты,жакетов,жакеты,жакетам,жакетах
983|f|inan|футболка,футболки,футболку,футболке,футболке|футболки,футболок,футболки,футболкам,футболках
984|m|inan|шорты,шорт,шорты,шортам,шортах|шорты,шорт,шорты,шортам,шортах
986|m|inan|халат,халата,халат,халату,халате|халаты,халатов,халаты,халатам,халатах
987|f|inan|пижама,пижамы,пижаму,пижаме,пижаме|пижамы,пижам,пижамы,пижамам,пижамах
988|m|inan|свитер,свитера,свитер,свитеру,свитере|свитеры,свитеров,свитеры,свитерам,свитерах
989|m|inan|пуловер,пуловера,пуловер,пуловеру,пуловере|пуловеры,пуловеров,пуловеры,пуловерам,пуловерах
990|m|inan|жилет,жилета,жилет,жилету,жилете|жилеты,жилетов,жилеты,жилетам,жилетах
991|m|inan|фрак,фрака,фрак,фраку,фраке|фраки,фраков,фраки,фракам,фраках
992|m|inan|смокинг,смокинга,смокинг,смокингу,смокинге|смокинги,смокингов,смокинги,смокингам,смокингах
993|f|inan|форма,формы,форму,форме,форме|формы,форм,формы,формам,формах
994|f|inan|рабочая одежда,рабочей одежды,рабочую одежду,рабочей одежде,рабочей одежде|рабочая одежда,рабочей одежды,рабочую одежду,рабочей одежде,рабочей одежде
995|m|inan|комбинезон,комбинезона,комбинезон,комбинезону,комбинезоне|комбинезоны,комбинезонов,комбинезоны,комбинезонам,комбинезонах
996|m|inan|халат,халата,халат,халату,халате|халаты,халатов,халаты,халатам,халатах
998|f|inan|майка,майки,майку,майке,майке|майки,маек,майки,майкам,майках
999|m|inan|носки,носков,носки,носкам,носках|носки,носков,носки,носкам,носках
1001|m|inan|бюстгальтер,бюстгальтера,бюстгальтер,бюстгальтеру,бюстгальтере|бюстгальтеры,бюстгальтеров,бюстгальтеры,бюстгальтерам,бюстгальтерах
1002|m|inan|гольфы,гольфов,гольфы,гольфам,гольфах|гольфы,гольфов,гольфы,гольфам,гольфах
1003|m|inan|колготки,колготок,колготки,колготкам,колготках|колготки,колготок,колготки,колготкам,колготках
1004|m|inan|чулки,чулок,чулки,чулкам,чулках|чулки,чулок,чулки,чулкам,чулках
1005|m|inan|купальник,купальника,купальник,купальнику,купальнике|купальники,купальников,купальники,купальникам,купальниках
1006|f|inan|шапка,шапки,шапку,шапке,шапке|шапки,шапок,шапки,шапкам,шапках
1007|f|inan|шляпа,шляпы,шляпу,шляпе,шляпе|шляпы,шляп,шляпы,шляпам,шляпах
1008|f|inan|бейсболка,бейсболки,бейсболку,бейсболке,бейсболке|бейсболки,бейсболок,бейсболки,бейсболкам,бейсболках
1009|f|inan|кепка,кепки,кепку,кепке,кепке|кепки,кепок,кепки,кепкам,кепках
1010|m|inan|берет,берета,берет,берету,берете|береты,беретов,береты,беретам,беретах
1011|m|inan|капюшон,капюшона,капюшон,капюшону,капюшоне|капюшоны,капюшонов,капюшоны,капюшонам,капюшонах
1012|f|inan|панамка,панамки,панамку,панамке,панамке|панамки,панамок,панамки,панамкам,панамках
1014|m|inan|платок,платка,платок,платку,платке|платки,платков,платки,платкам,платках
1015|f|inan|шляпка,шляпки,шляпку,шляпке,шляпке|шляпки,шляпок,шляпки,шляпкам,шляпках
1016|f|inan|каска,каски,каску,каске,каске|каски,касок,каски,каскам,касках
1017|f|inan|пилотка,пилотки,пилотку,пилотке,пилотке|пилотки,пилоток,пилотки,пилоткам,пилотках
1018|m|inan|шлем,шлема,шлем,шлему,шлеме|шлемы,шлемов,шлемы,шлемам,шлемах
1019|m|inan|котелок,котелка,котелок,котелку,котелке|котелки,котелков,котелки,котелкам,котелках
1020|m|inan|цилиндр,цилиндра,цилиндр,цилиндру,цилиндре|цилиндры,цилиндров,цилиндры,цилиндрам,цилиндрах
1021|f|inan|обувь,обуви,обувь,обуви,обуви|обувь,обуви,обувь,обуви,обуви
1022|m|inan|ботинки,ботинок,ботинки,ботинкам,ботинках|ботинки,ботинок,ботинки,ботинкам,ботинках
1023|f|inan|туфли,туфель,туфли,туфлям,туфлях|туфли,туфель,туфли,туфлям,туфлях
1024|m|inan|сапоги,сапог,сапоги,сапогам,сапогах|сапоги,сапог,сапоги,сапогам,сапогах
1025|m|inan|тапочки,тапочек,тапочки,тапочкам,тапочках|тапочки,тапочек,тапочки,тапочкам,тапочках
1026|f|inan|кроссовки,кроссовок,кроссовки,кроссовкам,кроссовках|кроссовки,кроссовок,кроссовки,кроссовкам,кроссовках
1027|m|inan|кеды,кедов,кеды,кедам,кедах|кеды,кедов,кеды,кедам,кедах
1029|m|anim|сапожник,сапожника,сапожника,сапожнику,сапожнике|сапожники,сапожников,сапожников,сапожникам,сапожниках
1030|m|inan|каблук,каблука,каблук,каблуку,каблуке|каблуки,каблуков,каблуки,каблукам,каблуках
1031|f|inan|пара,пары,пару,паре,паре|пары,пар,пары,парам,парах
1032|m|inan|шнурок,шнурка,шнурок,шнурку,шнурке|шнурки,шнурков,шнурки,шнуркам,шнурках
1036|m|inan|хлопок,хлопка,хлопок,хлопку,хлопке|хлопки,хлопков,хлопки,хлопкам,хлопках
1038|m|inan|лён,льна,лён,льну,льне|льны,льнов,льны,льнам,льнах
1040|m|inan|шёлк,шёлка,шёлк,шёлку,шёлке|шелка,шелков,шелка,шелкам,шелках
1042|f|inan|шерсть,шерсти,шерсть,шерсти,шерсти|шерсти,шерстей,шерсти,шерстям,шерстях
1044|m|inan|бархат,бархата,бархат,бархату,бархате|бархаты,бархатов,бархаты,бархатам,бархатах
1045|f|inan|замша,замши,замшу,замше,замше|замши,замш,замши,замшам,замшах
1046|m|inan|вельвет,вельвета,вельвет,вельвету,вельвете|вельветы,вельветов,вельветы,вельветам,вельветах
1047|m|inan|нейлон,нейлона,нейлон,нейлону,нейлоне|нейлоны,нейлонов,нейлоны,нейлонам,нейлонах
1049|m|inan|полиэстер,полиэстера,полиэстер,полиэстеру,полиэстере|полиэстеры,полиэстеров,полиэстеры,полиэстерам,полиэстерах
1051|f|inan|кожа,кожи,кожу,коже,коже|кожи,кож,кожи,кожам,кожах
1053|m|inan|мех,меха,мех,меху,мехе|меха,мехов,меха,мехам,мехах
1057|m|inan|шарф,шарфа,шарф,шарфу,шарфе|шарфы,шарфов,шарфы,шарфам,шарфах
1058|m|inan|очки,очков,очки,очкам,очках|очки,очков,очки,очкам,очках
1059|f|inan|оправа,оправы,оправу,оправе,оправе|оправы,оправ,оправы,оправам,оправах
1060|m|inan|зонт,зонта,зонт,зонту,зонте|зонты,зонтов,зонты,зонтам,зонтах
1061|f|inan|трость,трости,трость,трости,трости|трости,тростей,трости,тростям,тростях
1062|f|inan|щётка для волос,щётки для волос,щётку для волос,щётке для волос,щётке для волос|щётки для волос,щёток для волос,щётки для волос,щёткам для волос,щётках для волос
1063|m|inan|веер,веера,веер,вееру,веере|вееры,вееров,вееры,веерам,веерах
1064|m|inan|галстук,галстука,галстук,галстуку,галстуке|галстуки,галстуков,галстуки,галстукам,галстуках
1066|m|inan|подтяжки,подтяжек,подтяжки,подтяжкам,подтяжках|подтяжки,подтяжек,подтяжки,подтяжкам,подтяжках
1067|m|inan|носовой платок,носового платка,носовой платок,носовому платку,носовом платке|носовые платки,носовых платков,носовые платки,носовым платкам,носовых платках
1068|f|inan|расчёска,расчёски,расчёску,расчёске,расчёске|расчёски,расчёсок,расчёски,расчёскам,расчёсках
1072|m|inan|пояс,пояса,пояс,поясу,поясе|пояса,поясов,пояса,поясам,поясах
1073|m|inan|ремень,ремня,ремень,ремню,ремне|ремни,ремней,ремни,ремням,ремнях
1074|f|inan|сумка,сумки,сумку,сумке,сумке|сумки,сумок,сумки,сумкам,сумках
1076|m|inan|рюкзак,рюкзака,рюкзак,рюкзаку,рюкзаке|рюкзаки,рюкзаков,рюкзаки,рюкзакам,рюкзаках
1077|f|inan|мода,моды,моду,моде,моде|моды,мод,моды,модам,модах
1079|m|anim|модельер,модельера,модельера,модельеру,модельере|модельеры,модельеров,модельеров,модельерам,модельерах
1080|m|inan|воротник,воротника,воротник,воротнику,воротнике|воротники,воротников,воротники,воротникам,воротниках
1081|m|inan|карман,кармана,карман,карману,кармане|карманы,карманов,карманы,карманам,карманах
1083|m|inan|рукав,рукава,рукав,рукаву,рукаве|рукава,рукавов,рукава,рукавам,рукавах
1084|f|inan|вешалка,вешалки,вешалку,вешалке,вешалке|вешалки,вешалок,вешалки,вешалкам,вешалках
1085|f|inan|ширинка,ширинки,ширинку,ширинке,ширинке|ширинки,ширинок,ширинки,ширинкам,ширинках
1086|f|inan|молния,молнии,молнию,молнии,молнии|молнии,молний,молнии,молниям,молниях
1088|f|inan|пуговица,пуговицы,пуговицу,пуговице,пуговице|пуговицы,пуговиц,пуговицы,пуговицам,пуговицах
1093|f|inan|вышивка,вышивки,вышивку,вышивке,вышивке|вышивки,вышивок,вышивки,вышивкам,вышивках
1094|f|inan|игла,иглы,иглу,игле,игле|иглы,игл,иглы,иглам,иглах
1095|f|inan|нитка,нитки,нитку,нитке,нитке|нитки,ниток,нитки,ниткам,нитках
1096|m|inan|шов,шва,шов,шву,шве|швы,швов,швы,швам,швах
1098|n|inan|пятно,пятна,пятно,пятну,пятне|пятна,пятен,пятна,пятнам,пятнах
1101|f|inan|моль,моли,моль,моли,моли|моли,молей,моли,молям,молях
1105|f|inan|бритва,бритвы,бритву,бритве,бритве|бритвы,бритв,бритвы,бритвам,бритвах
1108|n|inan|мыло,мыла,мыло,мылу,мыле|мыла,мыл,мыла,мылам,мылах
1109|m|inan|шампунь,шампуня,шампунь,шампуню,шампуне|шампуни,шампуней,шампуни,шампуням,шампунях
1110|m|inan|ножницы,ножниц,ножницы,ножницам,ножницах|ножницы,ножниц,ножницы,ножницам,ножницах
1113|m|inan|пинцет,пинцета,пинцет,пинцету,пинцете|пинцеты,пинцетов,пинцеты,пинцетам,пинцетах
1114|f|inan|косметика,косметики,косметику,косметике,косметике|косметики,косметик,косметики,косметикам,косметиках
1115|f|inan|маска,маски,маску,маске,маске|маски,масок,маски,маскам,масках
1116|m|inan|маникюр,маникюра,маникюр,маникюру,маникюре|маникюры,маникюров,маникюры,маникюрам,маникюрах
1118|m|inan|педикюр,педикюра,педикюр,педикюру,педикюре|педикюры,педикюров,педикюры,педикюрам,педикюрах
1119|f|inan|косметичка,косметички,косметичку,косметичке,косметичке|косметички,косметичек,косметички,косметичкам,косметичках
1120|f|inan|пудра,пудры,пудру,пудре,пудре|пудры,пудр,пудры,пудрам,пудрах
1121|f|inan|пудреница,пудреницы,пудреницу,пудренице,пудренице|пудреницы,пудрениц,пудреницы,пудреницам,пудреницах
1123|m|inan|духи,духов,духи,духам,духах|духи,духов,духи,духам,духах
1124|f|inan|туалетная вода,туалетной воды,туалетную воду,туалетной воде,туалетной воде|туалетные воды,туалетных вод,туалетные воды,туалетным водам,туалетных водах
1125|m|inan|лосьон,лосьона,лосьон,лосьону,лосьоне|лосьоны,лосьонов,лосьоны,лосьонам,лосьонах
1126|m|inan|одеколон,одеколона,одеколон,одеколону,одеколоне|одеколоны,одеколонов,одеколоны,одеколонам,одеколонах
1133|m|inan|дезодорант,дезодоранта,дезодорант,дезодоранту,дезодоранте|дезодоранты,дезодорантов,дезодоранты,дезодорантам,дезодорантах
1134|m|inan|крем,крема,крем,крему,креме|кремы,кремов,кремы,кремам,кремах
1140|m|inan|тампон,тампона,тампон,тампону,тампоне|тампоны,тампонов,тампоны,тампонам,тампонах
1142|m|inan|фен,фена,фен,фену,фене|фены,фенов,фены,фенам,фенах
1145|f|inan|проба,пробы,пробу,пробе,пробе|пробы,проб,пробы,пробам,пробах
1146|n|inan|кольцо,кольца,кольцо,кольцу,кольце|кольца,колец,кольца,кольцам,кольцах
1148|m|inan|браслет,браслета,браслет,браслету,браслете|браслеты,браслетов,браслеты,браслетам,браслетах
1149|f|inan|серьги,серёг,серьги,серьгам,серьгах|серьги,серёг,серьги,серьгам,серьгах
1150|n|inan|ожерелье,ожерелья,ожерелье,ожерелью,ожерелье|ожерелья,ожерелий,ожерелья,ожерельям,ожерельях
1151|f|inan|корона,короны,корону,короне,короне|короны,корон,короны,коронам,коронах
1152|f|inan|бусы,бус,бусы,бусам,бусах|бусы,бус,бусы,бусам,бусах
1153|m|inan|бриллиант,бриллианта,бриллиант,бриллианту,бриллианте|бриллианты,бриллиантов,бриллианты,бриллиантам,бриллиантах
1154|m|inan|изумруд,изумруда,изумруд,изумруду,изумруде|изумруды,изумрудов,изумруды,изумрудам,изумрудах
1155|m|inan|рубин,рубина,рубин,рубину,рубине|рубины,рубинов,рубины,рубинам,рубинах
1157|m|inan|жемчуг,жемчуга,жемчуг,жемчугу,жемчуге|жемчуг,жемчуга,жемчуг,жемчугу,жемчуге
1158|m|inan|янтарь,янтаря,янтарь,янтарю,янтаре|янтари,янтарей,янтари,янтарям,янтарях
1159|m|inan|часы,часов,часы,часам,часах|часы,часов,часы,часам,часах
1160|m|inan|циферблат,циферблата,циферблат,циферблату,циферблате|циферблаты,циферблатов,циферблаты,циферблатам,циферблатах
1163|m|inan|ремешок,ремешка,ремешок,ремешку,ремешке|ремешки,ремешков,ремешки,ремешкам,ремешках
1164|f|inan|батарейка,батарейки,батарейку,батарейке,батарейке|батарейки,батареек,батарейки,батарейкам,батарейках
1172|m|inan|будильник,будильника,будильник,будильнику,будильнике|будильники,будильников,будильники,будильникам,будильниках
1173|m|anim|часовщик,часовщика,часовщика,часовщику,часовщике|часовщики,часовщиков,часовщиков,часовщикам,часовщиках
1175|n|inan|мясо,мяса,мясо,мясу,мясе|мяса,мяс,мяса,мясам,мясах
1176|f|anim|курица,курицы,курицу,курице,курице|куры,кур,кур,курам,курах
1177|m|anim|цыплёнок,цыплёнка,цыплёнка,цыплёнку,цыплёнке|цыплята,цыплят,цыплят,цыплятам,цыплятах
1178|f|anim|утка,утки,утку,утке,утке|утки,уток,уток,уткам,утках
1179|m|anim|гусь,гуся,гуся,гусю,гусе|гуси,гусей,гусей,гусям,гусях
1181|f|anim|индейка,индейки,индейку,индейке,индейке|индейки,индеек,индеек,индейкам,индейках
1186|m|anim|кролик,кролика,кролика,кролику,кролике|кролики,кроликов,кроликов,кроликам,кроликах
1187|f|inan|колбаса,колбасы,колбасу,колбасе,колбасе|колбасы,колбас,колбасы,колбасам,колбасах
1188|f|inan|сосиска,сосиски,сосиску,сосиске,сосиске|сосиски,сосисок,сосиски,сосискам,сосисках
1189|m|inan|бекон,бекона,бекон,бекону,беконе|беконы,беконов,беконы,беконам,беконах
1190|f|inan|ветчина,ветчины,ветчину,ветчине,ветчине|ветчины,ветчин,ветчины,ветчинам,ветчинах
1192|m|inan|паштет,паштета,паштет,паштету,паштете|паштеты,паштетов,паштеты,паштетам,паштетах
1194|n|inan|сало,сала,сало,салу,сале|сала,сал,сала,салам,салах
1195|m|inan|фарш,фарша,фарш,фаршу,фарше|фарши,фаршей,фарши,фаршам,фаршах
1197|n|inan|яйцо,яйца,яйцо,яйцу,яйце|яйца,яиц,яйца,яйцам,яйцах
1201|f|anim|рыба,рыбы,рыбу,рыбе,рыбе|рыбы,рыб,рыб,рыбам,рыбах
1204|f|inan|икра,икры,икру,икре,икре|икры,икр,икры,икрам,икрах
1205|m|anim|краб,краба,краба,крабу,крабе|крабы,крабов,крабов,крабам,крабах
1206|f|anim|креветка,креветки,креветку,креветке,креветке|креветки,креветок,креветок,креветкам,креветках
1207|f|anim|устрица,устрицы,устрицу,устрице,устрице|устрицы,устриц,устриц,устрицам,устрицах
1208|m|anim|лангуст,лангуста,лангуста,лангусту,лангусте|лангусты,лангустов,лангустов,лангустам,лангустах
1209|m|anim|осьминог,осьминога,осьминога,осьминогу,осьминоге|осьминоги,осьминогов,осьминогов,осьминогам,осьминогах
1210|m|anim|кальмар,кальмара,кальмара,кальмару,кальмаре|кальмары,кальмаров,кальмаров,кальмарам,кальмарах
1212|m|anim|лосось,лосося,лосося,лососю,лососе|лососи,лососей,лососей,лососям,лососях
1213|m|anim|палтус,палтуса,палтуса,палтусу,палтусе|палтусы,палтусов,палтусов,палтусам,палтусах
1214|f|anim|треска,трески,треску,треске,треске|трески,тресок,тресок,трескам,тресках
1215|f|anim|скумбрия,скумбрии,скумбрию,скумбрии,скумбрии|скумбрии,скумбрий,скумбрий,скумбриям,скумбриях
1216|m|anim|тунец,тунца,тунца,тунцу,тунце|тунцы,тунцов,тунцов,тунцам,тунцах
1217|m|anim|угорь,угря,угря,угрю,угре|угри,угрей,угрей,угрям,угрях
1218|f|anim|форель,форели,форель,форели,форели|форели,форелей,форелей,форелям,форелях
1219|f|anim|сардина,сардины,сардину,сардине,сардине|сардины,сардин,сардин,сардинам,сардинах
1220|f|anim|щука,щуки,щуку,щуке,щуке|щуки,щук,щук,щукам,щуках
1221|f|anim|сельдь,сельди,сельдь,сельди,сельди|сельди,сельдей,сельдей,сельдям,сельдях
1222|m|inan|хлеб,хлеба,хлеб,хлебу,хлебе|хлеба,хлебов,хлеба,хлебам,хлебах
1223|m|inan|сыр,сыра,сыр,сыру,сыре|сыры,сыров,сыры,сырам,сырах
1224|m|inan|сахар,сахара,сахар,сахару,сахаре|сахары,сахаров,сахары,сахарам,сахарах
1225|f|inan|соль,соли,соль,соли,соли|соли,солей,соли,солям,солях
1226|m|inan|рис,риса,рис,рису,рисе|рисы,рисов,рисы,рисам,рисах
1227|m|inan|макароны,макарон,макароны,макаронам,макаронах|макароны,макарон,макароны,макаронам,макаронах
1228|f|inan|лапша,лапши,лапшу,лапше,лапше|лапша,лапши,лапшу,лапше,лапше
1229|n|inan|сливочное масло,сливочного масла,сливочное масло,сливочному маслу,сливочном масле|сливочные масла,сливочных масел,сливочные масла,сливочным маслам,сливочных маслах
1232|m|inan|маргарин,маргарина,маргарин,маргарину,маргарине|маргарины,маргаринов,маргарины,маргаринам,маргаринах
1233|f|inan|оливки,оливок,оливки,оливкам,оливках|оливки,оливок,оливки,оливкам,оливках
1235|n|inan|молоко,молока,молоко,молоку,молоке|молоко,молока,молоко,молоку,молоке
1237|m|inan|йогурт,йогурта,йогурт,йогурту,йогурте|йогурты,йогуртов,йогурты,йогуртам,йогуртах
1238|f|inan|сметана,сметаны,сметану,сметане,сметане|сметаны,сметан,сметаны,сметанам,сметанах
1240|m|inan|майонез,майонеза,майонез,майонезу,майонезе|майонезы,майонезов,майонезы,майонезам,майонезах
1242|f|inan|крупа,крупы,крупу,крупе,крупе|крупы,круп,крупы,крупам,крупах
1243|f|inan|мука,муки,муку,муке,муке|мука,муки,муку,муке,муке
1244|m|inan|консервы,консервов,консервы,консервам,консервах|консервы,консервов,консервы,консервам,консервах
1246|m|inan|мёд,мёда,мёд,мёду,мёде|мёды,мёдов,мёды,мёдам,мёдах
1247|m|inan|джем,джема,джем,джему,джеме|джемы,джемов,джемы,джемам,джемах
1249|f|inan|вода,воды,воду,воде,воде|воды,вод,воды,водам,водах
1255|m|inan|лёд,льда,лёд,льду,льде|льды,льдов,льды,льдам,льдах
1260|m|inan|лимонад,лимонада,лимонад,лимонаду,лимонаде|лимонады,лимонадов,лимонады,лимонадам,лимонадах
1262|n|inan|вино,вина,вино,вину,вине|вина,вин,вина,винам,винах
1265|m|inan|ликёр,ликёра,ликёр,ликёру,ликёре|ликёры,ликёров,ликёры,ликёрам,ликёрах
1267|m|inan|вермут,вермута,вермут,вермуту,вермуте|вермуты,вермутов,вермуты,вермутам,вермутах
1268|n|inan|виски,виски,виски,виски,виски|виски,виски,виски,виски,виски
1269|f|inan|водка,водки,водку,водке,водке|водки,водок,водки,водкам,водках
1270|m|inan|джин,джина,джин,джину,джине|джины,джинов,джины,джинам,джинах
1271|m|inan|коньяк,коньяка,коньяк,коньяку,коньяке|коньяки,коньяков,коньяки,коньякам,коньяках
1272|m|inan|ром,рома,ром,рому,роме|ромы,ромов,ромы,ромам,ромах
1273|m|inan|кофе,кофе,кофе,кофе,кофе|кофе,кофе,кофе,кофе,кофе
1279|m|inan|коктейль,коктейля,коктейль,коктейлю,коктейле|коктейли,коктейлей,коктейли,коктейлям,коктейлях
1281|m|inan|сок,сока,сок,соку,соке|соки,соков,соки,сокам,соках
1285|n|inan|пиво,пива,пиво,пиву,пиве|пива,пив,пива,пивам,пивах
1288|m|inan|чай,чая,чай,чаю,чае|чаи,чаёв,чаи,чаям,чаях
1292|f|inan|зелень,зелени,зелень,зелени,зелени|зелени,зеленей,зелени,зеленям,зеленях
1293|m|inan|помидор,помидора,помидор,помидору,помидоре|помидоры,помидоров,помидоры,помидорам,помидорах
1294|m|inan|огурец,огурца,огурец,огурцу,огурце|огурцы,огурцов,огурцы,огурцам,огурцах
1295|f|inan|морковь,моркови,морковь,моркови,моркови|моркови,морковей,моркови,морковям,морковях
1296|m|inan|картофель,картофеля,картофель,картофелю,картофеле|картофель,картофеля,картофель,картофелю,картофеле
1297|m|inan|лук,лука,лук,луку,луке|луки,луков,луки,лукам,луках
1298|m|inan|чеснок,чеснока,чеснок,чесноку,чесноке|чесноки,чесноков,чесноки,чеснокам,чесноках
1299|f|inan|капуста,капусты,капусту,капусте,капусте|капусты,капуст,капусты,капустам,капустах
1300|f|inan|цветная капуста,цветной капусты,цветную капусту,цветной капусте,цветной капусте|цветные капусты,цветных капуст,цветные капусты,цветным капустам,цветных капустах
1303|f|inan|свёкла,свёклы,свёклу,свёкле,свёкле|свёклы,свёкл,свёклы,свёклам,свёклах
1304|m|inan|баклажан,баклажана,баклажан,баклажану,баклажане|баклажаны,баклажанов,баклажаны,баклажанам,баклажанах
1305|m|inan|кабачок,кабачка,кабачок,кабачку,кабачке|кабачки,кабачков,кабачки,кабачкам,кабачках
1306|f|inan|тыква,тыквы,тыкву,тыкве,тыкве|тыквы,тыкв,тыквы,тыквам,тыквах
1307|f|inan|репа,репы,репу,репе,репе|репы,реп,репы,репам,репах
1308|f|inan|петрушка,петрушки,петрушку,петрушке,петрушке|петрушки,петрушек,петрушки,петрушкам,петрушках
1309|m|inan|укроп,укропа,укроп,укропу,укропе|укропы,укропов,укропы,укропам,укропах
1310|m|inan|салат,салата,салат,салату,салате|салаты,салатов,салаты,салатам,салатах
1311|m|inan|сельдерей,сельдерея,сельдерей,сельдерею,сельдерее|сельдереи,сельдереев,сельдереи,сельдереям,сельдереях
1312|f|inan|спаржа,спаржи,спаржу,спарже,спарже|спаржи,спарж,спаржи,спаржам,спаржах
1313|m|inan|шпинат,шпината,шпинат,шпинату,шпинате|шпинаты,шпинатов,шпинаты,шпинатам,шпинатах
1314|m|inan|горох,гороха,горох,гороху,горохе|горохи,горохов,горохи,горохам,горохах
1316|f|inan|кукуруза,кукурузы,кукурузу,кукурузе,кукурузе|кукурузы,кукуруз,кукурузы,кукурузам,кукурузах
1317|f|inan|фасоль,фасоли,фасоль,фасоли,фасоли|фасоли,фасолей,фасоли,фасолям,фасолях
1318|m|inan|перец,перца,перец,перцу,перце|перцы,перцев,перцы,перцам,перцах
1319|m|inan|редис,редиса,редис,редису,редисе|редисы,редисов,редисы,редисам,редисах
1320|m|inan|артишок,артишока,артишок,артишоку,артишоке|артишоки,артишоков,артишоки,артишокам,артишоках
1321|m|inan|фрукт,фрукта,фрукт,фрукту,фрукте|фрукты,фруктов,фрукты,фруктам,фруктах
1322|n|inan|яблоко,яблока,яблоко,яблоку,яблоке|яблоки,яблок,яблоки,яблокам,яблоках
1323|f|inan|груша,груши,грушу,груше,груше|груши,груш,груши,грушам,грушах
1324|m|inan|лимон,лимона,лимон,лимону,лимоне|лимоны,лимонов,лимоны,лимонам,лимонах
1325|m|inan|апельсин,апельсина,апельсин,апельсину,апельсине|апельсины,апельсинов,апельсины,апельсинам,апельсинах
1326|f|inan|клубника,клубники,клубнику,клубнике,клубнике|клубники,клубник,клубники,клубникам,клубниках
1327|m|inan|мандарин,мандарина,мандарин,мандарину,мандарине|мандарины,мандаринов,мандарины,мандаринам,мандаринах
1328|f|inan|слива,сливы,сливу,сливе,сливе|сливы,слив,сливы,сливам,сливах
1329|m|inan|персик,персика,персик,персику,персике|персики,персиков,персики,персикам,персиках
1330|m|inan|абрикос,абрикоса,абрикос,абрикосу,абрикосе|абрикосы,абрикосов,абрикосы,абрикосам,абрикосах
1331|f|inan|малина,малины,малину,малине,малине|малины,малин,малины,малинам,малинах
1332|m|inan|ананас,ананаса,ананас,ананасу,ананасе|ананасы,ананасов,ананасы,ананасам,ананасах
1333|m|inan|банан,банана,банан,банану,банане|бананы,бананов,бананы,бананам,бананах
1334|m|inan|арбуз,арбуза,арбуз,арбузу,арбузе|арбузы,арбузов,арбузы,арбузам,арбузах
1335|m|inan|виноград,винограда,виноград,винограду,винограде|винограды,виноградов,винограды,виноградам,виноградах
1336|f|inan|вишня,вишни,вишню,вишне,вишне|вишни,вишен,вишни,вишням,вишнях
1337|f|inan|черешня,черешни,черешню,черешне,черешне|черешни,черешен,черешни,черешням,черешнях
1338|f|inan|дыня,дыни,дыню,дыне,дыне|дыни,дынь,дыни,дыням,дынях
1339|m|inan|грейпфрут,грейпфрута,грейпфрут,грейпфруту,грейпфруте|грейпфруты,грейпфрутов,грейпфруты,грейпфрутам,грейпфрутах
1340|n|inan|авокадо,авокадо,авокадо,авокадо,авокадо|авокадо,авокадо,авокадо,авокадо,авокадо
1341|f|inan|папайя,папайи,папайю,папайе,папайе|папайи,папай,папайи,папайям,папайях
1342|n|inan|манго,манго,манго,манго,манго|манго,манго,манго,манго,манго
1343|m|inan|гранат,граната,гранат,гранату,гранате|гранаты,гранатов,гранаты,гранатам,гранатах
1346|m|inan|крыжовник,крыжовника,крыжовник,крыжовнику,крыжовнике|крыжовники,крыжовников,крыжовники,крыжовникам,крыжовниках
1347|f|inan|черника,черники,чернику,чернике,чернике|черники,черник,черники,черникам,черниках
1348|f|inan|ежевика,ежевики,ежевику,ежевике,ежевике|ежевики,ежевик,ежевики,ежевикам,ежевиках
1349|m|inan|изюм,изюма,изюм,изюму,изюме|изюмы,изюмов,изюмы,изюмам,изюмах
1350|m|inan|инжир,инжира,инжир,инжиру,инжире|инжиры,инжиров,инжиры,инжирам,инжирах
1351|m|inan|финик,финика,финик,финику,финике|финики,фиников,финики,финикам,финиках
1352|m|inan|арахис,арахиса,арахис,арахису,арахисе|арахисы,арахисов,арахисы,арахисам,арахисах
1353|m|inan|миндаль,миндаля,миндаль,миндалю,миндале|миндали,миндалей,миндали,миндалям,миндалях
1354|m|inan|орех,ореха,орех,ореху,орехе|орехи,орехов,орехи,орехам,орехах
1357|f|inan|фисташки,фисташек,фисташки,фисташкам,фисташках|фисташки,фисташек,фисташки,фисташкам,фисташках
1360|n|inan|печенье,печенья,печенье,печенью,печенье|печенья,печений,печенья,печеньям,печеньях
1361|m|inan|шоколад,шоколада,шоколад,шоколаду,шоколаде|шоколады,шоколадов,шоколады,шоколадам,шоколадах
1363|f|inan|конфета,конфеты,конфету,конфете,конфете|конфеты,конфет,конфеты,конфетам,конфетах
1364|n|inan|пирожное,пирожного,пирожное,пирожному,пирожном|пирожные,пирожных,пирожные,пирожным,пирожных
1365|m|inan|торт,торта,торт,торту,торте|торты,тортов,торты,тортам,тортах
1366|m|inan|пирог,пирога,пирог,пирогу,пироге|пироги,пирогов,пироги,пирогам,пирогах
1367|f|inan|начинка,начинки,начинку,начинке,начинке|начинки,начинок,начинки,начинкам,начинках
1368|n|inan|варенье,варенья,варенье,варенью,варенье|варенья,варений,варенья,вареньям,вареньях
1369|m|inan|мармелад,мармелада,мармелад,мармеладу,мармеладе|мармелады,мармеладов,мармелады,мармеладам,мармеладах
1370|f|inan|вафли,вафель,вафли,вафлям,вафлях|вафли,вафель,вафли,вафлям,вафлях
1372|m|inan|пудинг,пудинга,пудинг,пудингу,пудинге|пудинги,пудингов,пудинги,пудингам,пудингах
1373|n|inan|блюдо,блюда,блюдо,блюду,блюде|блюда,блюд,блюда,блюдам,блюдах
1375|m|inan|рецепт,рецепта,рецепт,рецепту,рецепте|рецепты,рецептов,рецепты,рецептам,рецептах
1376|f|inan|порция,порции,порцию,порции,порции|порции,порций,порции,порциям,порциях
1377|m|inan|салат,салата,салат,салату,салате|салаты,салатов,салаты,салатам,салатах
1378|m|inan|суп,супа,суп,супу,супе|супы,супов,супы,супам,супах
1380|m|inan|бутерброд,бутерброда,бутерброд,бутерброду,бутерброде|бутерброды,бутербродов,бутерброды,бутербродам,бутербродах
1382|f|inan|котлета,котлеты,котлету,котлете,котлете|котлеты,котлет,котлеты,котлетам,котлетах
1383|m|inan|гамбургер,гамбургера,гамбургер,гамбургеру,гамбургере|гамбургеры,гамбургеров,гамбургеры,гамбургерам,гамбургерах
1384|m|inan|бифштекс,бифштекса,бифштекс,бифштексу,бифштексе|бифштексы,бифштексов,бифштексы,бифштексам,бифштексах
1385|n|inan|жаркое,жаркого,жаркое,жаркому,жарком|жаркие,жарких,жаркие,жарким,жарких
1386|m|inan|гарнир,гарнира,гарнир,гарниру,гарнире|гарниры,гарниров,гарниры,гарнирам,гарнирах
1387|n|inan|спагетти,спагетти,спагетти,спагетти,спагетти|спагетти,спагетти,спагетти,спагетти,спагетти
1389|f|inan|пицца,пиццы,пиццу,пицце,пицце|пиццы,пицц,пиццы,пиццам,пиццах
1390|f|inan|каша,каши,кашу,каше,каше|каши,каш,каши,кашам,кашах
1411|f|inan|кожура,кожуры,кожуру,кожуре,кожуре|кожуры,кожур,кожуры,кожурам,кожурах
1418|f|inan|горчица,горчицы,горчицу,горчице,горчице|горчицы,горчиц,горчицы,горчицам,горчицах
1419|m|inan|хрен,хрена,хрен,хрену,хрене|хрены,хренов,хрены,хренам,хренах
1420|f|inan|приправа,приправы,приправу,приправе,приправе|приправы,приправ,приправы,приправам,приправах
1421|f|inan|пряность,пряности,пряность,пряности,пряности|пряности,пряностей,пряности,пряностям,пряностях
1422|m|inan|соус,соуса,соус,соусу,соусе|соусы,соусов,соусы,соусам,соусах
1423|m|inan|уксус,уксуса,уксус,уксусу,уксусе|уксусы,уксусов,уксусы,уксусам,уксусах
1424|m|inan|анис,аниса,анис,анису,анисе|анисы,анисов,анисы,анисам,анисах
1425|m|inan|базилик,базилика,базилик,базилику,базилике|базилики,базиликов,базилики,базиликам,базиликах
1426|f|inan|гвоздика,гвоздики,гвоздику,гвоздике,гвоздике|гвоздики,гвоздик,гвоздики,гвоздикам,гвоздиках
1427|m|inan|имбирь,имбиря,имбирь,имбирю,имбире|имбири,имбирей,имбири,имбирям,имбирях
1428|m|inan|кориандр,кориандра,кориандр,кориандру,кориандре|кориандры,кориандров,кориандры,кориандрам,кориандрах
1429|f|inan|корица,корицы,корицу,корице,корице|корицы,кориц,корицы,корицам,корицах
1430|m|inan|кунжут,кунжута,кунжут,кунжуту,кунжуте|кунжуты,кунжутов,кунжуты,кунжутам,кунжутах
1432|f|inan|паприка,паприки,паприку,паприке,паприке|паприки,паприк,паприки,паприкам,паприках
1433|m|inan|тмин,тмина,тмин,тмину,тмине|тмины,тминов,тмины,тминам,тминах
1434|m|inan|шафран,шафрана,шафран,шафрану,шафране|шафраны,шафранов,шафраны,шафранам,шафранах
1435|f|inan|еда,еды,еду,еде,еде|еды,ед,еды,едам,едах
1437|m|inan|завтрак,завтрака,завтрак,завтраку,завтраке|завтраки,завтраков,завтраки,завтракам,завтраках
1439|m|inan|обед,обеда,обед,обеду,обеде|обеды,обедов,обеды,обедам,обедах
1443|m|inan|аппетит,аппетита,аппетит,аппетиту,аппетите|аппетиты,аппетитов,аппетиты,аппетитам,аппетитах
1453|m|inan|вкус,вкуса,вкус,вкусу,вкусе|вкусы,вкусов,вкусы,вкусам,вкусах
1456|f|inan|диета,диеты,диету,диете,диете|диеты,диет,диеты,диетам,диетах
1457|m|inan|витамин,витамина,витамин,витамину,витамине|витамины,витаминов,витамины,витаминам,витаминах
1458|f|inan|калория,калории,калорию,калории,калории|калории,калорий,калории,калориям,калориях
1459|m|anim|вегетарианец,вегетарианца,вегетарианца,вегетарианцу,вегетарианце|вегетарианцы,вегетарианцев,вегетарианцев,вегетарианцам,вегетарианцах
1464|m|inan|ломтик,ломтика,ломтик,ломтику,ломтике|ломтики,ломтиков,ломтики,ломтикам,ломтиках
1465|m|inan|кусок,куска,кусок,куску,куске|куски,кусков,куски,кускам,кусках
1466|f|inan|крошка,крошки,крошку,крошке,крошке|крошки,крошек,крошки,крошкам,крошках
1467|f|inan|ложка,ложки,ложку,ложке,ложке|ложки,ложек,ложки,ложкам,ложках
1468|m|inan|нож,ножа,нож,ножу,ноже|ножи,ножей,ножи,ножам,ножах
1469|f|inan|вилка,вилки,вилку,вилке,вилке|вилки,вилок,вилки,вилкам,вилках
1471|f|inan|тарелка,тарелки,тарелку,тарелке,тарелке|тарелки,тарелок,тарелки,тарелкам,тарелках
1473|f|inan|салфетка,салфетки,салфетку,салфетке,салфетке|салфетки,салфеток,салфетки,салфеткам,салфетках
1475|m|inan|ресторан,ресторана,ресторан,ресторану,ресторане|рестораны,ресторанов,рестораны,ресторанам,ресторанах
1476|f|inan|кофейня,кофейни,кофейню,кофейне,кофейне|кофейни,кофеен,кофейни,кофейням,кофейнях
1477|m|inan|бар,бара,бар,бару,баре|бары,баров,бары,барам,барах
1479|m|anim|официант,официанта,официанта,официанту,официанте|официанты,официантов,официантов,официантам,официантах
1480|f|anim|официантка,официантки,официантку,официантке,официантке|официантки,официанток,официанток,официанткам,официантках
1481|m|anim|бармен,бармена,бармена,бармену,бармене|бармены,барменов,барменов,барменам,барменах
1482|n|inan|меню,меню,меню,меню,меню|меню,меню,меню,меню,меню
1485|n|inan|блюдо,блюда,блюдо,блюду,блюде|блюда,блюд,блюда,блюдам,блюдах
1488|m|inan|аперитив,аперитива,аперитив,аперитиву,аперитиве|аперитивы,аперитивов,аперитивы,аперитивам,аперитивах
1489|f|inan|закуска,закуски,закуску,закуске,закуске|закуски,закусок,закуски,закускам,закусках
1490|m|inan|десерт,десерта,десерт,десерту,десерте|десерты,десертов,десерты,десертам,десертах
1491|m|inan|счёт,счёта,счёт,счёту,счёте|счета,счетов,счета,счетам,счетах
1494|m|inan|чаевые,чаевых,чаевые,чаевым,чаевых|чаевые,чаевых,чаевые,чаевым,чаевых
1495|n|inan|имя,имени,имя,имени,имени|имена,имён,имена,именам,именах
1496|f|inan|фамилия,фамилии,фамилию,фамилии,фамилии|фамилии,фамилий,фамилии,фамилиям,фамилиях
1501|f|inan|страна,страны,страну,стране,стране|страны,стран,страны,странам,странах
1502|f|inan|профессия,профессии,профессию,профессии,профессии|профессии,профессий,профессии,профессиям,профессиях
1503|m|inan|пол,пола,пол,полу,поле|полы,полов,полы,полам,полах
1506|f|anim|мать,матери,мать,матери,матери|матери,матерей,матерей,матерям,матерях
1507|m|anim|отец,отца,отца,отцу,отце|отцы,отцов,отцов,отцам,отцах
1509|f|anim|дочь,дочери,дочь,дочери,дочери|дочери,дочерей,дочерей,дочерям,дочерях
1515|m|anim|брат,брата,брата,брату,брате|братья,братьев,братьев,братьям,братьях
1516|m|anim|брат,брата,брата,брату,брате|братья,братьев,братьев,братьям,братьях
1518|f|anim|сестра,сестры,сестру,сестре,сестре|сёстры,сестёр,сестёр,сёстрам,сёстрах
1519|f|anim|сестра,сестры,сестру,сестре,сестре|сёстры,сестёр,сестёр,сёстрам,сёстрах
1521|f|anim|двоюродная сестра,двоюродной сестры,двоюродную сестру,двоюродной сестре,двоюродной сестре|двоюродные сёстры,двоюродных сестёр,двоюродных сестёр,двоюродным сёстрам,двоюродных сёстрах
1522|f|anim|мама,мамы,маму,маме,маме|мамы,мам,мам,мамам,мамах
1523|m|anim|папа,папы,папу,папе,папе|папы,пап,пап,папам,папах
1527|f|anim|бабушка,бабушки,бабушку,бабушке,бабушке|бабушки,бабушек,бабушек,бабушкам,бабушках
1528|m|anim|дедушка,дедушки,дедушку,дедушке,дедушке|дедушки,дедушек,дедушек,дедушкам,дедушках
1529|m|anim|внук,внука,внука,внуку,внуке|внуки,внуков,внуков,внукам,внуках
1530|f|anim|внучка,внучки,внучку,внучке,внучке|внучки,внучек,внучек,внучкам,внучках
1532|m|anim|дядя,дяди,дядю,дяде,дяде|дяди,дядей,дядей,дядям,дядях
1533|f|anim|тётя,тёти,тётю,тёте,тёте|тёти,тёть,тёть,тётям,тётях
1534|m|anim|племянник,племянника,племянника,племяннику,племяннике|племянники,племянников,племянников,племянникам,племянниках
1535|f|anim|племянница,племянницы,племянницу,племяннице,племяннице|племянницы,племянниц,племянниц,племянницам,племянницах
1536|f|anim|тёща,тёщи,тёщу,тёще,тёще|тёщи,тёщ,тёщ,тёщам,тёщах
1537|m|anim|свёкор,свёкра,свёкра,свёкру,свёкре|свёкры,свёкров,свёкров,свёкрам,свёкрах
1538|m|anim|зять,зятя,зятя,зятю,зяте|зятья,зятьёв,зятьёв,зятьям,зятьях
1541|m|anim|грудной ребёнок,грудного ребёнка,грудного ребёнка,грудному ребёнку,грудном ребёнке|грудные дети,грудных детей,грудных детей,грудным детям,грудных детях
1542|m|anim|младенец,младенца,младенца,младенцу,младенце|младенцы,младенцев,младенцев,младенцам,младенцах
1543|m|anim|малыш,малыша,малыша,малышу,малыше|малыши,малышей,малышей,малышам,малышах
1544|f|anim|жена,жены,жену,жене,жене|жёны,жён,жён,жёнам,жёнах
1545|m|anim|муж,мужа,мужа,мужу,муже|мужья,мужей,мужей,мужьям,мужьях
1546|m|anim|супруг,супруга,супруга,супругу,супруге|супруги,супругов,супругов,супругам,супругах
1547|f|anim|супруга,супруги,супругу,супруге,супруге|супруги,супруг,супруг,супругам,супругах
1551|m|anim|холостяк,холостяка,холостяка,холостяку,холостяке|холостяки,холостяков,холостяков,холостякам,холостяках
1553|f|anim|вдова,вдовы,вдову,вдове,вдове|вдовы,вдов,вдов,вдовам,вдовах
1554|m|anim|вдовец,вдовца,вдовца,вдовцу,вдовце|вдовцы,вдовцов,вдовцов,вдовцам,вдовцах
1555|m|anim|родственник,родственника,родственника,родственнику,родственнике|родственники,родственников,родственников,родственникам,родственниках
1559|m|anim|сирота,сироты,сироту,сироте,сироте|сироты,сирот,сирот,сиротам,сиротах
1560|m|anim|опекун,опекуна,опекуна,опекуну,опекуне|опекуны,опекунов,опекунов,опекунам,опекунах
1563|m|anim|друг,друга,друга,другу,друге|друзья,друзей,друзей,друзьям,друзьях
1564|f|anim|подруга,подруги,подругу,подруге,подруге|подруги,подруг,подруг,подругам,подругах
1565|f|inan|дружба,дружбы,дружбу,дружбе,дружбе|дружбы,дружб,дружбы,дружбам,дружбах
1567|m|anim|приятель,приятеля,приятеля,приятелю,приятеле|приятели,приятелей,приятелей,приятелям,приятелях
1568|f|anim|приятельница,приятельницы,приятельницу,приятельнице,приятельнице|приятельницы,приятельниц,приятельниц,приятельницам,приятельницах
1569|m|anim|партнёр,партнёра,партнёра,партнёру,партнёре|партнёры,партнёров,партнёров,партнёрам,партнёрах
1570|m|anim|шеф,шефа,шефа,шефу,шефе|шефы,шефов,шефов,шефам,шефах
1571|m|anim|начальник,начальника,начальника,начальнику,начальнике|начальники,начальников,начальников,начальникам,начальниках
1572|m|anim|подчинённый,подчинённого,подчинённого,подчинённому,подчинённом|подчинённые,подчинённых,подчинённых,подчинённым,подчинённых
1573|m|anim|коллега,коллеги,коллегу,коллеге,коллеге|коллеги,коллег,коллег,коллегам,коллегах
1574|m|anim|знакомый,знакомого,знакомого,знакомому,знакомом|знакомые,знакомых,знакомых,знакомым,знакомых
1575|m|anim|попутчик,попутчика,попутчика,попутчику,попутчике|попутчики,попутчиков,попутчиков,попутчикам,попутчиках
1576|m|anim|одноклассник,одноклассника,одноклассника,однокласснику,однокласснике|одноклассники,одноклассников,одноклассников,одноклассникам,одноклассниках
1577|m|anim|сосед,соседа,соседа,соседу,соседе|соседи,соседей,соседей,соседям,соседях
1578|f|anim|соседка,соседки,соседку,соседке,соседке|соседки,соседок,соседок,соседкам,соседках
1581|f|anim|девушка,девушки,девушку,девушке,девушке|девушки,девушек,девушек,девушкам,девушках
1582|f|anim|невеста,невесты,невесту,невесте,невесте|невесты,невест,невест,невестам,невестах
1601|f|inan|сила,силы,силу,силе,силе|силы,сил,силы,силам,силах
1607|f|inan|юность,юности,юность,юности,юности|юности,юностей,юности,юностям,юностях
1613|m|anim|парень,парня,парня,парню,парне|парни,парней,парней,парням,парнях
1621|m|anim|пенсионер,пенсионера,пенсионера,пенсионеру,пенсионере|пенсионеры,пенсионеров,пенсионеров,пенсионерам,пенсионерах
1625|f|inan|люлька,люльки,люльку,люльке,люльке|люльки,люлек,люльки,люлькам,люльках
1626|f|inan|погремушка,погремушки,погремушку,погремушке,погремушке|погремушки,погремушек,погремушки,погремушкам,погремушках
1627|m|inan|подгузник,подгузника,подгузник,подгузнику,подгузнике|подгузники,подгузников,подгузники,подгузникам,подгузниках
1628|f|inan|соска,соски,соску,соске,соске|соски,сосок,соски,соскам,сосках
1629|f|inan|коляска,коляски,коляску,коляске,коляске|коляски,колясок,коляски,коляскам,колясках
1631|f|anim|няня,няни,няню,няне,няне|няни,нянь,нянь,няням,нянях
1632|n|inan|детство,детства,детство,детству,детстве|детства,детств,детства,детствам,детствах
1633|f|anim|кукла,куклы,куклу,кукле,кукле|куклы,кукол,кукол,куклам,куклах
1634|f|inan|игрушка,игрушки,игрушку,игрушке,игрушке|игрушки,игрушек,игрушки,игрушкам,игрушках
1635|m|inan|конструктор,конструктора,конструктор,конструктору,конструкторе|конструкторы,конструкторов,конструкторы,конструкторам,конструкторах
1641|f|inan|шалость,шалости,шалость,шалости,шалости|шалости,шалостей,шалости,шалостям,шалостях
1642|m|anim|шалун,шалуна,шалуна,шалуну,шалуне|шалуны,шалунов,шалунов,шалунам,шалунах
1647|m|anim|вундеркинд,вундеркинда,вундеркинда,вундеркинду,вундеркинде|вундеркинды,вундеркиндов,вундеркиндов,вундеркиндам,вундеркиндах
1652|m|inan|брак,брака,брак,браку,браке|браки,браков,браки,бракам,браках
1654|f|inan|династия,династии,династию,династии,династии|династии,династий,династии,династиям,династиях
1655|n|inan|свидание,свидания,свидание,свиданию,свидании|свидания,свиданий,свидания,свиданиям,свиданиях
1656|m|inan|поцелуй,поцелуя,поцелуй,поцелую,поцелуе|поцелуи,поцелуев,поцелуи,поцелуям,поцелуях
1657|f|inan|любовь,любви,любовь,любви,любви|любви,любвей,любви,любвям,любвях
1660|f|inan|нежность,нежности,нежность,нежности,нежности|нежности,нежностей,нежности,нежностям,нежностях
1662|f|inan|верность,верности,верность,верности,верности|верности,верностей,верности,верностям,верностях
1664|f|inan|забота,заботы,заботу,заботе,заботе|заботы,забот,заботы,заботам,заботах
1672|f|inan|годовщина,годовщины,годовщину,годовщине,годовщине|годовщины,годовщин,годовщины,годовщинам,годовщинах
1673|m|anim|любовник,любовника,любовника,любовнику,любовнике|любовники,любовников,любовников,любовникам,любовниках
1674|f|anim|любовница,любовницы,любовницу,любовнице,любовнице|любовницы,любовниц,любовниц,любовницам,любовницах
1675|f|inan|измена,измены,измену,измене,измене|измены,измен,измены,изменам,изменах
1679|m|inan|развод,развода,развод,разводу,разводе|разводы,разводов,разводы,разводам,разводах
1684|m|inan|секс,секса,секс,сексу,сексе|сексы,сексов,сексы,сексам,сексах
1685|n|inan|счастье,счастья,счастье,счастью,счастье|счастье,счастья,счастье,счастью,счастье
1687|n|inan|несчастье,несчастья,несчастье,несчастью,несчастье|несчастья,несчастий,несчастья,несчастьям,несчастьях
1689|n|inan|чувство,чувства,чувство,чувству,чувстве|чувства,чувств,чувства,чувствам,чувствах
1692|m|inan|голод,голода,голод,голоду,голоде|голоды,голодов,голоды,голодам,голодах
1694|f|inan|жажда,жажды,жажду,жажде,жажде|жажды,жажд,жажды,жаждам,жаждах
1696|f|inan|сонливость,сонливости,сонливость,сонливости,сонливости|сонливости,сонливостей,сонливости,сонливостям,сонливостях
1698|f|inan|усталость,усталости,усталость,усталости,усталости|усталости,усталостей,усталости,усталостям,усталостях
1701|n|inan|настроение,настроения,настроение,настроению,настроении|настроения,настроений,настроения,настроениям,настроениях
1702|f|inan|скука,скуки,скуку,скуке,скуке|скуки,скук,скуки,скукам,скуках
1704|n|inan|уединение,уединения,уединение,уединению,уединении|уединения,уединений,уединения,уединениям,уединениях
1708|n|inan|беспокойство,беспокойства,беспокойство,беспокойству,беспокойстве|беспокойства,беспокойств,беспокойства,беспокойствам,беспокойствах
1709|f|inan|тревога,тревоги,тревогу,тревоге,тревоге|тревоги,тревог,тревоги,тревогам,тревогах
1713|f|inan|надежда,надежды,надежду,надежде,надежде|надежды,надежд,надежды,надеждам,надеждах
1715|f|inan|уверенность,уверенности,уверенность,уверенности,уверенности|уверенности,уверенностей,уверенности,уверенностям,уверенностях
1717|f|inan|неуверенность,неуверенности,неуверенность,неуверенности,неуверенности|неуверенности,неуверенностей,неуверенности,неуверенностям,неуверенностях
1724|n|inan|бешенство,бешенства,бешенство,бешенству,бешенстве|бешенства,бешенств,бешенства,бешенствам,бешенствах
1727|m|inan|дискомфорт,дискомфорта,дискомфорт,дискомфорту,дискомфорте|дискомфорты,дискомфортов,дискомфорты,дискомфортам,дискомфортах
1728|m|inan|комфорт,комфорта,комфорт,комфорту,комфорте|комфорты,комфортов,комфорты,комфортам,комфортах
1730|n|inan|сожаление,сожаления,сожаление,сожалению,сожалении|сожаления,сожалений,сожаления,сожалениям,сожалениях
1731|n|inan|невезение,невезения,невезение,невезению,невезении|невезения,невезений,невезения,невезениям,невезениях
1732|n|inan|огорчение,огорчения,огорчение,огорчению,огорчении|огорчения,огорчений,огорчения,огорчениям,огорчениях
1733|m|inan|стыд,стыда,стыд,стыду,стыде|стыды,стыдов,стыды,стыдам,стыдах
1734|n|inan|веселье,веселья,веселье,веселью,веселье|веселья,веселий,веселья,весельям,весельях
1735|f|inan|инициатива,инициативы,инициативу,инициативе,инициативе|инициативы,инициатив,инициативы,инициативам,инициативах
1736|m|anim|инициатор,инициатора,инициатора,инициатору,инициаторе|инициаторы,инициаторов,инициаторов,инициаторам,инициаторах
1739|m|inan|недостаток,недостатка,недостаток,недостатку,недостатке|недостатки,недостатков,недостатки,недостаткам,недостатках
1740|m|inan|ум,ума,ум,уму,уме|умы,умов,умы,умам,умах
1741|m|inan|разум,разума,разум,разуму,разуме|разумы,разумов,разумы,разумам,разумах
1742|f|inan|совесть,совести,совесть,совести,совести|совести,совестей,совести,совестям,совестях
1743|f|inan|привычка,привычки,привычку,привычке,привычке|привычки,привычек,привычки,привычкам,привычках
1744|f|inan|способность,способности,способность,способности,способности|способности,способностей,способности,способностям,способностях
1749|n|inan|любопытство,любопытства,любопытство,любопытству,любопытстве|любопытства,любопытств,любопытства,любопытствам,любопытствах
1750|f|inan|скромность,скромности,скромность,скромности,скромности|скромности,скромностей,скромности,скромностям,скромностях
1754|m|anim|лентяй,лентяя,лентяя,лентяю,лентяе|лентяи,лентяев,лентяев,лентяям,лентяях
1755|f|inan|хитрость,хитрости,хитрость,хитрости,хитрости|хитрости,хитростей,хитрости,хитростям,хитростях
1757|n|inan|недоверие,недоверия,недоверие,недоверию,недоверии|недоверия,недоверий,недоверия,недовериям,недовериях
1759|f|inan|щедрость,щедрости,щедрость,щедрости,щедрости|щедрости,щедростей,щедрости,щедростям,щедростях
1762|m|inan|талант,таланта,талант,таланту,таланте|таланты,талантов,таланты,талантам,талантах
1764|f|inan|смелость,смелости,смелость,смелости,смелости|смелости,смелостей,смелости,смелостям,смелостях
1766|f|inan|честность,честности,честность,честности,честности|честности,честностей,честности,честностям,честностях
1774|f|inan|робость,робости,робость,робости,робости|робости,робостей,робости,робостям,робостях
1775|n|inan|доверие,доверия,доверие,доверию,доверии|доверия,доверий,доверия,довериям,довериях
1780|f|inan|искренность,искренности,искренность,искренности,искренности|искренности,искренностей,искренности,искренностям,искренностях
1787|f|inan|жадность,жадности,жадность,жадности,жадности|жадности,жадностей,жадности,жадностям,жадностях
1793|m|anim|эгоист,эгоиста,эгоиста,эгоисту,эгоисте|эгоисты,эгоистов,эгоистов,эгоистам,эгоистах
1795|m|anim|трус,труса,труса,трусу,трусе|трусы,трусов,трусов,трусам,трусах
1798|m|inan|сон,сна,сон,сну,сне|сны,снов,сны,снам,снах
1799|m|inan|сон,сна,сон,сну,сне|сны,снов,сны,снам,снах
1802|f|inan|кровать,кровати,кровать,кровати,кровати|кровати,кроватей,кровати,кроватям,кроватях
1803|m|inan|матрас,матраса,матрас,матрасу,матрасе|матрасы,матрасов,матрасы,матрасам,матрасах
1807|f|inan|бессонница,бессонницы,бессонницу,бессоннице,бессоннице|бессонницы,бессонниц,бессонницы,бессонницам,бессонницах
1816|m|inan|кошмар,кошмара,кошмар,кошмару,кошмаре|кошмары,кошмаров,кошмары,кошмарам,кошмарах
1817|m|inan|храп,храпа,храп,храпу,храпе|храпы,храпов,храпы,храпам,храпах
1824|m|inan|юмор,юмора,юмор,юмору,юморе|юморы,юморов,юморы,юморам,юморах
1828|n|inan|веселье,веселья,веселье,веселью,веселье|веселья,веселий,веселья,весельям,весельях
1829|f|inan|улыбка,улыбки,улыбку,улыбке,улыбке|улыбки,улыбок,улыбки,улыбкам,улыбках
1833|m|inan|смех,смеха,смех,смеху,смехе|смехи,смехов,смехи,смехам,смехах
1834|m|inan|анекдот,анекдота,анекдот,анекдоту,анекдоте|анекдоты,анекдотов,анекдоты,анекдотам,анекдотах
1838|f|inan|шутка,шутки,шутку,шутке,шутке|шутки,шуток,шутки,шуткам,шутках
1839|f|inan|радость,радости,радость,радости,радости|радости,радостей,радости,радостям,радостях
1842|n|inan|общение,общения,общение,общению,общении|общения,общений,общения,общениям,общениях
1844|m|inan|разговор,разговора,разговор,разговору,разговоре|разговоры,разговоров,разговоры,разговорам,разговорах
1845|m|inan|диалог,диалога,диалог,диалогу,диалоге|диалоги,диалогов,диалоги,диалогам,диалогах
1846|f|inan|дискуссия,дискуссии,дискуссию,дискуссии,дискуссии|дискуссии,дискуссий,дискуссии,дискуссиям,дискуссиях
1847|m|inan|спор,спора,спор,спору,споре|споры,споров,споры,спорам,спорах
1849|m|anim|собеседник,собеседника,собеседника,собеседнику,собеседнике|собеседники,собеседников,собеседников,собеседникам,собеседниках
1850|f|inan|тема,темы,тему,теме,теме|темы,тем,темы,темам,темах
1852|n|inan|мнение,мнения,мнение,мнению,мнении|мнения,мнений,мнения,мнениям,мнениях
1853|f|inan|речь,речи,речь,речи,речи|речи,речей,речи,речам,речах
1854|n|inan|обсуждение,обсуждения,обсуждение,обсуждению,обсуждении|обсуждения,обсуждений,обсуждения,обсуждениям,обсуждениях
1856|f|inan|беседа,беседы,беседу,беседе,беседе|беседы,бесед,беседы,беседам,беседах
1858|f|inan|встреча,встречи,встречу,встрече,встрече|встречи,встреч,встречи,встречам,встречах
1860|f|inan|пословица,пословицы,пословицу,пословице,пословице|пословицы,пословиц,пословицы,пословицам,пословицах
1861|f|inan|поговорка,поговорки,поговорку,поговорке,поговорке|поговорки,поговорок,поговорки,поговоркам,поговорках
1864|m|inan|пароль,пароля,пароль,паролю,пароле|пароли,паролей,пароли,паролям,паролях
1865|m|inan|секрет,секрета,секрет,секрету,секрете|секреты,секретов,секреты,секретам,секретах
1866|f|inan|клятва,клятвы,клятву,клятве,клятве|клятвы,клятв,клятвы,клятвам,клятвах
1868|n|inan|обещание,обещания,обещание,обещанию,обещании|обещания,обещаний,обещания,обещаниям,обещаниях
1870|m|inan|совет,совета,совет,совету,совете|советы,советов,советы,советам,советах
1873|f|inan|новость,новости,новость,новости,новости|новости,новостей,новости,новостям,новостях
1875|n|inan|сведения,сведений,сведения,сведениям,сведениях|сведения,сведений,сведения,сведениям,сведениях
1876|m|inan|вывод,вывода,вывод,выводу,выводе|выводы,выводов,выводы,выводам,выводах
1877|m|inan|голос,голоса,голос,голосу,голосе|голоса,голосов,голоса,голосам,голосах
1878|f|inan|лесть,лести,лесть,лести,лести|лести,лестей,лести,лестям,лестях
1879|f|inan|любезность,любезности,любезность,любезности,любезности|любезности,любезностей,любезности,любезностям,любезностях
1880|n|inan|слово,слова,слово,слову,слове|слова,слов,слова,словам,словах
1881|f|inan|фраза,фразы,фразу,фразе,фразе|фразы,фраз,фразы,фразам,фразах
1882|m|inan|ответ,ответа,ответ,ответу,ответе|ответы,ответов,ответы,ответам,ответах
1883|f|inan|правда,правды,правду,правде,правде|правды,правд,правды,правдам,правдах
1884|f|inan|ложь,лжи,ложь,лжи,лжи|лжи,лжей,лжи,лжам,лжах
1885|f|inan|мысль,мысли,мысль,мысли,мысли|мысли,мыслей,мысли,мыслям,мыслях
1886|f|inan|мысль,мысли,мысль,мысли,мысли|мысли,мыслей,мысли,мыслям,мыслях
1887|f|inan|фантазия,фантазии,фантазию,фантазии,фантазии|фантазии,фантазий,фантазии,фантазиям,фантазиях
1890|n|inan|уважение,уважения,уважение,уважению,уважении|уважения,уважений,уважения,уважениям,уважениях
1893|n|inan|намерение,намерения,намерение,намерению,намерении|намерения,намерений,намерения,намерениям,намерениях
1895|n|inan|пожелание,пожелания,пожелание,пожеланию,пожелании|пожелания,пожеланий,пожелания,пожеланиям,пожеланиях
1897|n|inan|удивление,удивления,удивление,удивлению,удивлении|удивления,удивлений,удивления,удивлениям,удивлениях
1905|n|inan|извинение,извинения,извинение,извинению,извинении|извинения,извинений,извинения,извинениям,извинениях
1915|f|inan|просьба,просьбы,просьбу,просьбе,просьбе|просьбы,просьб,просьбы,просьбам,просьбах
1917|n|inan|требование,требования,требование,требованию,требовании|требования,требований,требования,требованиям,требованиях
1922|n|inan|прозвище,прозвища,прозвище,прозвищу,прозвище|прозвища,прозвищ,прозвища,прозвищам,прозвищах
1923|m|inan|намёк,намёка,намёк,намёку,намёке|намёки,намёков,намёки,намёкам,намёках
1926|n|inan|описание,описания,описание,описанию,описании|описания,описаний,описания,описаниям,описаниях
1928|f|inan|похвала,похвалы,похвалу,похвале,похвале|похвалы,похвал,похвалы,похвалам,похвалах
1933|n|inan|предположение,предположения,предположение,предположению,предположении|предположения,предположений,предположения,предположениям,предположениях
1935|n|inan|предостережение,предостережения,предостережение,предостережению,предостережении|предостережения,предостережений,предостережения,предостережениям,предостережениях
1942|m|inan|шёпот,шёпота,шёпот,шёпоту,шёпоте|шёпоты,шёпотов,шёпоты,шёпотам,шёпотах
1944|f|inan|подробность,подробности,подробность,подробности,подробности|подробности,подробностей,подробности,подробностям,подробностях
1947|f|inan|подсказка,подсказки,подсказку,подсказке,подсказке|подсказки,подсказок,подсказки,подсказкам,подсказках
1949|m|inan|взгляд,взгляда,взгляд,взгляду,взгляде|взгляды,взглядов,взгляды,взглядам,взглядах
1955|m|inan|вздох,вздоха,вздох,вздоху,вздохе|вздохи,вздохов,вздохи,вздохам,вздохах
1968|n|inan|согласие,согласия,согласие,согласию,согласии|согласия,согласий,согласия,согласиям,согласиях
1970|n|inan|одобрение,одобрения,одобрение,одобрению,одобрении|одобрения,одобрений,одобрения,одобрениям,одобрениях
1985|n|inan|подтверждение,подтверждения,подтверждение,подтверждению,подтверждении|подтверждения,подтверждений,подтверждения,подтверждениям,подтверждениях
1986|n|inan|разрешение,разрешения,разрешение,разрешению,разрешении|разрешения,разрешений,разрешения,разрешениям,разрешениях
1988|n|inan|решение,решения,решение,решению,решении|решения,решений,решения,решениям,решениях
1990|n|inan|условие,условия,условие,условию,условии|условия,условий,условия,условиям,условиях
1991|f|inan|отговорка,отговорки,отговорку,отговорке,отговорке|отговорки,отговорок,отговорки,отговоркам,отговорках
1994|m|inan|успех,успеха,успех,успеху,успехе|успехи,успехов,успехи,успехам,успехах
1997|f|inan|удача,удачи,удачу,удаче,удаче|удачи,удач,удачи,удачам,удачах
2001|f|inan|неудача,неудачи,неудачу,неудаче,неудаче|неудачи,неудач,неудачи,неудачам,неудачах
2002|f|inan|неудача,неудачи,неудачу,неудаче,неудаче|неудачи,неудач,неудачи,неудачам,неудачах
2005|f|inan|катастрофа,катастрофы,катастрофу,катастрофе,катастрофе|катастрофы,катастроф,катастрофы,катастрофам,катастрофах
2006|f|inan|гордость,гордости,гордость,гордости,гордости|гордости,гордостей,гордости,гордостям,гордостях
2009|m|anim|победитель,победителя,победителя,победителю,победителе|победители,победителей,победителей,победителям,победителях
2012|f|inan|попытка,попытки,попытку,попытке,попытке|попытки,попыток,попытки,попыткам,попытках
2014|m|inan|шанс,шанса,шанс,шансу,шансе|шансы,шансов,шансы,шансам,шансах
2015|m|inan|крик,крика,крик,крику,крике|крики,криков,крики,крикам,криках
2018|f|inan|ссора,ссоры,ссору,ссоре,ссоре|ссоры,ссор,ссоры,ссорам,ссорах
2020|m|inan|скандал,скандала,скандал,скандалу,скандале|скандалы,скандалов,скандалы,скандалам,скандалах
2022|m|inan|конфликт,конфликта,конфликт,конфликту,конфликте|конфликты,конфликтов,конфликты,конфликтам,конфликтах
2023|n|inan|недоразумение,недоразумения,недоразумение,недоразумению,недоразумении|недоразумения,недоразумений,недоразумения,недоразумениям,недоразумениях
2024|n|inan|оскорбление,оскорбления,оскорбление,оскорблению,оскорблении|оскорбления,оскорблений,оскорбления,оскорблениям,оскорблениях
2030|n|inan|возмущение,возмущения,возмущение,возмущению,возмущении|возмущения,возмущений,возмущения,возмущениям,возмущениях
2032|f|inan|жалоба,жалобы,жалобу,жалобе,жалобе|жалобы,жалоб,жалобы,жалобам,жалобах
2037|f|inan|критика,критики,критику,критике,критике|критики,критик,критики,критикам,критиках
2039|n|inan|обвинение,обвинения,обвинение,обвинению,обвинении|обвинения,обвинений,обвинения,обвинениям,обвинениях
2041|f|inan|месть,мести,месть,мести,мести|мести,местей,мести,местям,местях
2044|n|inan|презрение,презрения,презрение,презрению,презрении|презрения,презрений,презрения,презрениям,презрениях
2046|f|inan|ненависть,ненависти,ненависть,ненависти,ненависти|ненависти,ненавистей,ненависти,ненавистям,ненавистях
2053|n|inan|унижение,унижения,унижение,унижению,унижении|унижения,унижений,унижения,унижениям,унижениях
2058|f|inan|неприятность,неприятности,неприятность,неприятности,неприятности|неприятности,неприятностей,неприятности,неприятностям,неприятностях
2060|m|inan|страх,страха,страх,страху,страхе|страхи,страхов,страхи,страхам,страхах
2063|m|inan|ужас,ужаса,ужас,ужасу,ужасе|ужасы,ужасов,ужасы,ужасам,ужасах
2069|f|inan|вина,вины,вину,вине,вине|вины,вин,вины,винам,винах
2070|f|inan|вина,вины,вину,вине,вине|вины,вин,вины,винам,винах
2071|m|inan|позор,позора,позор,позору,позоре|позоры,позоров,позоры,позорам,позорах
2086|f|inan|болезнь,болезни,болезнь,болезни,болезни|болезни,болезней,болезни,болезням,болезнях
2088|n|inan|здоровье,здоровья,здоровье,здоровью,здоровье|здоровье,здоровья,здоровье,здоровью,здоровье
2089|m|inan|насморк,насморка,насморк,насморку,насморке|насморки,насморков,насморки,насморкам,насморках
2090|f|inan|ангина,ангины,ангину,ангине,ангине|ангины,ангин,ангины,ангинам,ангинах
2091|f|inan|простуда,простуды,простуду,простуде,простуде|простуды,простуд,простуды,простудам,простудах
2093|m|inan|бронхит,бронхита,бронхит,бронхиту,бронхите|бронхиты,бронхитов,бронхиты,бронхитам,бронхитах
2095|m|inan|грипп,гриппа,грипп,гриппу,гриппе|гриппы,гриппов,гриппы,гриппам,гриппах
2098|n|inan|косоглазие,косоглазия,косоглазие,косоглазию,косоглазии|косоглазия,косоглазий,косоглазия,косоглазиям,косоглазиях
2100|f|inan|катаракта,катаракты,катаракту,катаракте,катаракте|катаракты,катаракт,катаракты,катарактам,катарактах
2101|f|inan|глаукома,глаукомы,глаукому,глаукоме,глаукоме|глаукомы,глауком,глаукомы,глаукомам,глаукомах
2102|m|inan|инсульт,инсульта,инсульт,инсульту,инсульте|инсульты,инсультов,инсульты,инсультам,инсультах
2103|m|inan|инфаркт,инфаркта,инфаркт,инфаркту,инфаркте|инфаркты,инфарктов,инфаркты,инфарктам,инфарктах
2105|m|inan|паралич,паралича,паралич,параличу,параличе|параличи,параличей,параличи,параличам,параличах
2107|f|inan|аллергия,аллергии,аллергию,аллергии,аллергии|аллергии,аллергий,аллергии,аллергиям,аллергиях
2108|f|inan|астма,астмы,астму,астме,астме|астмы,астм,астмы,астмам,астмах
2109|m|inan|диабет,диабета,диабет,диабету,диабете|диабеты,диабетов,диабеты,диабетам,диабетах
2111|m|inan|кариес,кариеса,кариес,кариесу,кариесе|кариесы,кариесов,кариесы,кариесам,кариесах
2112|f|inan|диарея,диареи,диарею,диарее,диарее|диареи,диарей,диареи,диареям,диареях
2113|m|inan|запор,запора,запор,запору,запоре|запоры,запоров,запоры,запорам,запорах
2115|n|inan|отравление,отравления,отравление,отравлению,отравлении|отравления,отравлений,отравления,отравлениям,отравлениях
2117|m|inan|артрит,артрита,артрит,артриту,артрите|артриты,артритов,артриты,артритам,артритах
2118|m|inan|рахит,рахита,рахит,рахиту,рахите|рахиты,рахитов,рахиты,рахитам,рахитах
2119|m|inan|ревматизм,ревматизма,ревматизм,ревматизму,ревматизме|ревматизмы,ревматизмов,ревматизмы,ревматизмам,ревматизмах
2120|m|inan|атеросклероз,атеросклероза,атеросклероз,атеросклерозу,атеросклерозе|атеросклерозы,атеросклерозов,атеросклерозы,атеросклерозам,атеросклерозах
2121|m|inan|гастрит,гастрита,гастрит,гастриту,гастрите|гастриты,гастритов,гастриты,гастритам,гастритах
2122|m|inan|аппендицит,аппендицита,аппендицит,аппендициту,аппендиците|аппендициты,аппендицитов,аппендициты,аппендицитам,аппендицитах
2123|m|inan|холецистит,холецистита,холецистит,холециститу,холецистите|холециститы,холециститов,холециститы,холециститам,холециститах
2125|f|inan|корь,кори,корь,кори,кори|кори,корей,кори,корям,корях
2126|f|inan|краснуха,краснухи,краснуху,краснухе,краснухе|краснухи,краснух,краснухи,краснухам,краснухах
2128|m|inan|гепатит,гепатита,гепатит,гепатиту,гепатите|гепатиты,гепатитов,гепатиты,гепатитам,гепатитах
2129|f|inan|шизофрения,шизофрении,шизофрению,шизофрении,шизофрении|шизофрении,шизофрений,шизофрении,шизофрениям,шизофрениях
2131|m|inan|невроз,невроза,невроз,неврозу,неврозе|неврозы,неврозов,неврозы,неврозам,неврозах
2133|m|inan|рак,рака,рак,раку,раке|раки,раков,раки,ракам,раках
2134|m|inan|склероз,склероза,склероз,склерозу,склерозе|склерозы,склерозов,склерозы,склерозам,склерозах
2136|m|inan|алкоголизм,алкоголизма,алкоголизм,алкоголизму,алкоголизме|алкоголизмы,алкоголизмов,алкоголизмы,алкоголизмам,алкоголизмах
2137|m|anim|алкоголик,алкоголика,алкоголика,алкоголику,алкоголике|алкоголики,алкоголиков,алкоголиков,алкоголикам,алкоголиках
2138|m|inan|сифилис,сифилиса,сифилис,сифилису,сифилисе|сифилисы,сифилисов,сифилисы,сифилисам,сифилисах
2139|m|inan|СПИД,СПИДа,СПИД,СПИДу,СПИДе|СПИДы,СПИДов,СПИДы,СПИДам,СПИДах
2140|f|inan|опухоль,опухоли,опухоль,опухоли,опухоли|опухоли,опухолей,опухоли,опухолям,опухолях
2142|f|inan|малярия,малярии,малярию,малярии,малярии|малярии,малярий,малярии,маляриям,маляриях
2143|f|inan|гангрена,гангрены,гангрену,гангрене,гангрене|гангрены,гангрен,гангрены,гангренам,гангренах
2145|f|inan|эпилепсия,эпилепсии,эпилепсию,эпилепсии,эпилепсии|эпилепсии,эпилепсий,эпилепсии,эпилепсиям,эпилепсиях
2146|f|inan|эпидемия,эпидемии,эпидемию,эпидемии,эпидемии|эпидемии,эпидемий,эпидемии,эпидемиям,эпидемиях
2147|m|inan|тиф,тифа,тиф,тифу,тифе|тифы,тифов,тифы,тифам,тифах
2148|m|inan|туберкулёз,туберкулёза,туберкулёз,туберкулёзу,туберкулёзе|туберкулёзы,туберкулёзов,туберкулёзы,туберкулёзам,туберкулёзах
2149|f|inan|холера,холеры,холеру,холере,холере|холеры,холер,холеры,холерам,холерах
2150|f|inan|чума,чумы,чуму,чуме,чуме|чумы,чум,чумы,чумам,чумах
2151|m|inan|симптом,симптома,симптом,симптому,симптоме|симптомы,симптомов,симптомы,симптомам,симптомах
2152|f|inan|температура,температуры,температуру,температуре,температуре|температуры,температур,температуры,температурам,температурах
2154|m|inan|пульс,пульса,пульс,пульсу,пульсе|пульсы,пульсов,пульсы,пульсам,пульсах
2157|m|inan|озноб,озноба,озноб,ознобу,ознобе|ознобы,ознобов,ознобы,ознобам,ознобах
2159|m|inan|кашель,кашля,кашель,кашлю,кашле|кашли,кашлей,кашли,кашлям,кашлях
2162|m|inan|обморок,обморока,обморок,обмороку,обмороке|обмороки,обмороков,обмороки,обморокам,обмороках
2164|m|inan|синяк,синяка,синяк,синяку,синяке|синяки,синяков,синяки,синякам,синяках
2165|f|inan|шишка,шишки,шишку,шишке,шишке|шишки,шишек,шишки,шишкам,шишках
2169|f|inan|хромота,хромоты,хромоту,хромоте,хромоте|хромоты,хромот,хромоты,хромотам,хромотах
2170|m|inan|вывих,вывиха,вывих,вывиху,вывихе|вывихи,вывихов,вывихи,вывихам,вывихах
2172|m|inan|перелом,перелома,перелом,перелому,переломе|переломы,переломов,переломы,переломам,переломах
2177|m|inan|ожог,ожога,ожог,ожогу,ожоге|ожоги,ожогов,ожоги,ожогам,ожогах
2182|n|inan|повреждение,повреждения,повреждение,повреждению,повреждении|повреждения,повреждений,повреждения,повреждениям,повреждениях
2183|f|inan|рана,раны,рану,ране,ране|раны,ран,раны,ранам,ранах
2184|f|inan|травма,травмы,травму,травме,травме|травмы,травм,травмы,травмам,травмах
2188|f|inan|боль,боли,боль,боли,боли|боли,болей,боли,болям,болях
2189|f|inan|заноза,занозы,занозу,занозе,занозе|занозы,заноз,занозы,занозам,занозах
2190|m|inan|пот,пота,пот,поту,поте|поты,потов,поты,потам,потах
2196|m|inan|роды,родов,роды,родам,родах|роды,родов,роды,родам,родах
2198|m|inan|аборт,аборта,аборт,аборту,аборте|аборты,абортов,аборты,абортам,абортах
2199|n|inan|дыхание,дыхания,дыхание,дыханию,дыхании|дыхания,дыханий,дыхания,дыханиям,дыханиях
2204|m|anim|инвалид,инвалида,инвалида,инвалиду,инвалиде|инвалиды,инвалидов,инвалидов,инвалидам,инвалидах
2205|m|anim|калека,калеки,калеку,калеке,калеке|калеки,калек,калек,калекам,калеках
2206|m|anim|наркоман,наркомана,наркомана,наркоману,наркомане|наркоманы,наркоманов,наркоманов,наркоманам,наркоманах
2214|m|inan|ген,гена,ген,гену,гене|гены,генов,гены,генам,генах
2215|m|inan|иммунитет,иммунитета,иммунитет,иммунитету,иммунитете|иммунитеты,иммунитетов,иммунитеты,иммунитетам,иммунитетах
2219|m|anim|микроб,микроба,микроба,микробу,микробе|микробы,микробов,микробов,микробам,микробах
2220|f|inan|бактерия,бактерии,бактерию,бактерии,бактерии|бактерии,бактерий,бактерии,бактериям,бактериях
2221|f|inan|инфекция,инфекции,инфекцию,инфекции,инфекции|инфекции,инфекций,инфекции,инфекциям,инфекциях
2222|f|inan|больница,больницы,больницу,больнице,больнице|больницы,больниц,больницы,больницам,больницах
2223|m|anim|пациент,пациента,пациента,пациенту,пациенте|пациенты,пациентов,пациентов,пациентам,пациентах
2224|m|inan|диагноз,диагноза,диагноз,диагнозу,диагнозе|диагнозы,диагнозов,диагнозы,диагнозам,диагнозах
2225|n|inan|лечение,лечения,лечение,лечению,лечении|лечения,лечений,лечения,лечениям,лечениях
2226|n|inan|лечение,лечения,лечение,лечению,лечении|лечения,лечений,лечения,лечениям,лечениях
2230|m|inan|уход,ухода,уход,уходу,уходе|уходы,уходов,уходы,уходам,уходах
2231|f|inan|операция,операции,операцию,операции,операции|операции,операций,операции,операциям,операциях
2234|f|inan|прививка,прививки,прививку,прививке,прививке|прививки,прививок,прививки,прививкам,прививках
2236|m|inan|укол,укола,укол,уколу,уколе|уколы,уколов,уколы,уколам,уколах
2240|f|inan|кома,комы,кому,коме,коме|комы,ком,комы,комам,комах
2242|f|inan|реанимация,реанимации,реанимацию,реанимации,реанимации|реанимации,реанимаций,реанимации,реанимациям,реанимациях
2244|n|inan|состояние,состояния,состояние,состоянию,состоянии|состояния,состояний,состояния,состояниям,состояниях
2245|n|inan|сознание,сознания,сознание,сознанию,сознании|сознания,сознаний,сознания,сознаниям,сознаниях
2248|f|inan|пломба,пломбы,пломбу,пломбе,пломбе|пломбы,пломб,пломбы,пломбам,пломбах
2250|m|inan|гипноз,гипноза,гипноз,гипнозу,гипнозе|гипнозы,гипнозов,гипнозы,гипнозам,гипнозах
2252|m|anim|врач,врача,врача,врачу,враче|врачи,врачей,врачей,врачам,врачах
2257|m|anim|терапевт,терапевта,терапевта,терапевту,терапевте|терапевты,терапевтов,терапевтов,терапевтам,терапевтах
2258|m|anim|хирург,хирурга,хирурга,хирургу,хирурге|хирурги,хирургов,хирургов,хирургам,хирургах
2259|m|anim|психиатр,психиатра,психиатра,психиатру,психиатре|психиатры,психиатров,психиатров,психиатрам,психиатрах
2260|m|anim|педиатр,педиатра,педиатра,педиатру,педиатре|педиатры,педиатров,педиатров,педиатрам,педиатрах
2261|m|anim|психолог,психолога,психолога,психологу,психологе|психологи,психологов,психологов,психологам,психологах
2262|m|anim|гинеколог,гинеколога,гинеколога,гинекологу,гинекологе|гинекологи,гинекологов,гинекологов,гинекологам,гинекологах
2263|m|anim|кардиолог,кардиолога,кардиолога,кардиологу,кардиологе|кардиологи,кардиологов,кардиологов,кардиологам,кардиологах
2267|m|inan|рецепт,рецепта,рецепт,рецепту,рецепте|рецепты,рецептов,рецепты,рецептам,рецептах
2270|f|inan|ампула,ампулы,ампулу,ампуле,ампуле|ампулы,ампул,ампулы,ампулам,ампулах
2272|m|inan|сироп,сиропа,сироп,сиропу,сиропе|сиропы,сиропов,сиропы,сиропам,сиропах
2273|f|inan|пилюля,пилюли,пилюлю,пилюле,пилюле|пилюли,пилюль,пилюли,пилюлям,пилюлях
2275|m|inan|бинт,бинта,бинт,бинту,бинте|бинты,бинтов,бинты,бинтам,бинтах
2276|f|inan|вата,ваты,вату,вате,вате|ваты,ват,ваты,ватам,ватах
2277|m|inan|йод,йода,йод,йоду,йоде|йоды,йодов,йоды,йодам,йодах
2278|m|inan|лейкопластырь,лейкопластыря,лейкопластырь,лейкопластырю,лейкопластыре|лейкопластыри,лейкопластырей,лейкопластыри,лейкопластырям,лейкопластырях
2279|f|inan|пипетка,пипетки,пипетку,пипетке,пипетке|пипетки,пипеток,пипетки,пипеткам,пипетках
2281|m|inan|шприц,шприца,шприц,шприцу,шприце|шприцы,шприцев,шприцы,шприцам,шприцах
2282|f|inan|инвалидная коляска,инвалидной коляски,инвалидную коляску,инвалидной коляске,инвалидной коляске|инвалидные коляски,инвалидных колясок,инвалидные коляски,инвалидным коляскам,инвалидных колясках
2283|m|inan|костыли,костылей,костыли,костылям,костылях|костыли,костылей,костыли,костылям,костылях
2284|n|inan|обезболивающее,обезболивающего,обезболивающее,обезболивающему,обезболивающем|обезболивающие,обезболивающих,обезболивающие,обезболивающим,обезболивающих
2286|m|inan|спирт,спирта,спирт,спирту,спирте|спирты,спиртов,спирты,спиртам,спиртах
2289|m|inan|табак,табака,табак,табаку,табаке|табаки,табаков,табаки,табакам,табаках
2290|f|inan|сигарета,сигареты,сигарету,сигарете,сигарете|сигареты,сигарет,сигареты,сигаретам,сигаретах
2291|f|inan|сигара,сигары,сигару,сигаре,сигаре|сигары,сигар,сигары,сигарам,сигарах
2292|f|inan|трубка,трубки,трубку,трубке,трубке|трубки,трубок,трубки,трубкам,трубках
2293|f|inan|пачка,пачки,пачку,пачке,пачке|пачки,пачек,пачки,пачкам,пачках
2294|f|inan|спички,спичек,спички,спичкам,спичках|спички,спичек,спички,спичкам,спичках
2296|f|inan|зажигалка,зажигалки,зажигалку,зажигалке,зажигалке|зажигалки,зажигалок,зажигалки,зажигалкам,зажигалках
2298|m|inan|портсигар,портсигара,портсигар,портсигару,портсигаре|портсигары,портсигаров,портсигары,портсигарам,портсигарах
2299|m|inan|мундштук,мундштука,мундштук,мундштуку,мундштуке|мундштуки,мундштуков,мундштуки,мундштукам,мундштуках
2303|n|inan|курение,курения,курение,курению,курении|курения,курений,курения,курениям,курениях
2306|m|inan|дым,дыма,дым,дыму,дыме|дымы,дымов,дымы,дымам,дымах
2307|m|inan|пепел,пепла,пепел,пеплу,пепле|пеплы,пеплов,пеплы,пеплам,пеплах
2308|m|inan|город,города,город,городу,городе|города,городов,города,городам,городах
2309|f|inan|столица,столицы,столицу,столице,столице|столицы,столиц,столицы,столицам,столицах
2310|f|inan|деревня,деревни,деревню,деревне,деревне|деревни,деревень,деревни,деревням,деревнях
2317|m|inan|квартал,квартала,квартал,кварталу,квартале|кварталы,кварталов,кварталы,кварталам,кварталах
2319|n|inan|уличное движение,уличного движения,уличное движение,уличному движению,уличном движении|уличные движения,уличных движений,уличные движения,уличным движениям,уличных движениях
2320|m|inan|светофор,светофора,светофор,светофору,светофоре|светофоры,светофоров,светофоры,светофорам,светофорах
2322|m|inan|перекрёсток,перекрёстка,перекрёсток,перекрёстку,перекрёстке|перекрёстки,перекрёстков,перекрёстки,перекрёсткам,перекрёстках
2326|m|anim|пешеход,пешехода,пешехода,пешеходу,пешеходе|пешеходы,пешеходов,пешеходов,пешеходам,пешеходах
2327|m|inan|тротуар,тротуара,тротуар,тротуару,тротуаре|тротуары,тротуаров,тротуары,тротуарам,тротуарах
2328|m|inan|мост,моста,мост,мосту,мосте|мосты,мостов,мосты,мостам,мостах
2330|f|inan|аллея,аллеи,аллею,аллее,аллее|аллеи,аллей,аллеи,аллеям,аллеях
2331|m|inan|парк,парка,парк,парку,парке|парки,парков,парки,паркам,парках
2332|m|inan|бульвар,бульвара,бульвар,бульвару,бульваре|бульвары,бульваров,бульвары,бульварам,бульварах
2335|f|inan|улица,улицы,улицу,улице,улице|улицы,улиц,улицы,улицам,улицах
2338|m|inan|дом,дома,дом,дому,доме|дома,домов,дома,домам,домах
2339|n|inan|здание,здания,здание,зданию,здании|здания,зданий,здания,зданиям,зданиях
2341|m|inan|фасад,фасада,фасад,фасаду,фасаде|фасады,фасадов,фасады,фасадам,фасадах
2342|f|inan|крыша,крыши,крышу,крыше,крыше|крыши,крыш,крыши,крышам,крышах
2343|n|inan|окно,окна,окно,окну,окне|окна,окон,окна,окнам,окнах
2344|f|inan|арка,арки,арку,арке,арке|арки,арок,арки,аркам,арках
2345|f|inan|колонна,колонны,колонну,колонне,колонне|колонны,колонн,колонны,колоннам,колоннах
2346|m|inan|угол,угла,угол,углу,угле|углы,углов,углы,углам,углах
2347|f|inan|витрина,витрины,витрину,витрине,витрине|витрины,витрин,витрины,витринам,витринах
2348|f|inan|вывеска,вывески,вывеску,вывеске,вывеске|вывески,вывесок,вывески,вывескам,вывесках
2349|f|inan|афиша,афиши,афишу,афише,афише|афиши,афиш,афиши,афишам,афишах
2352|m|inan|мусор,мусора,мусор,мусору,мусоре|мусоры,мусоров,мусоры,мусорам,мусорах
2353|f|inan|урна,урны,урну,урне,урне|урны,урн,урны,урнам,урнах
2355|f|inan|свалка,свалки,свалку,свалке,свалке|свалки,свалок,свалки,свалкам,свалках
2358|f|inan|скамейка,скамейки,скамейку,скамейке,скамейке|скамейки,скамеек,скамейки,скамейкам,скамейках
2359|m|anim|полицейский,полицейского,полицейского,полицейскому,полицейском|полицейские,полицейских,полицейских,полицейским,полицейских
2360|f|inan|полиция,полиции,полицию,полиции,полиции|полиции,полиций,полиции,полициям,полициях
2361|m|anim|нищий,нищего,нищего,нищему,нищем|нищие,нищих,нищих,нищим,нищих
2362|m|anim|бездомный,бездомного,бездомного,бездомному,бездомном|бездомные,бездомных,бездомных,бездомным,бездомных
2363|m|inan|магазин,магазина,магазин,магазину,магазине|магазины,магазинов,магазины,магазинам,магазинах
2364|f|inan|аптека,аптеки,аптеку,аптеке,аптеке|аптеки,аптек,аптеки,аптекам,аптеках
2365|f|inan|оптика,оптики,оптику,оптике,оптике|оптики,оптик,оптики,оптикам,оптиках
2367|m|inan|супермаркет,супермаркета,супермаркет,супермаркету,супермаркете|супермаркеты,супермаркетов,супермаркеты,супермаркетам,супермаркетах
2369|m|anim|пекарь,пекаря,пекаря,пекарю,пекаре|пекари,пекарей,пекарей,пекарям,пекарях
2371|f|inan|бакалея,бакалеи,бакалею,бакалее,бакалее|бакалеи,бакалей,бакалеи,бакалеям,бакалеях
2374|m|inan|рынок,рынка,рынок,рынку,рынке|рынки,рынков,рынки,рынкам,рынках
2375|f|inan|кофейня,кофейни,кофейню,кофейне,кофейне|кофейни,кофеен,кофейни,кофейням,кофейнях
2377|f|inan|пивная,пивной,пивную,пивной,пивной|пивные,пивных,пивные,пивным,пивных
2378|f|inan|пиццерия,пиццерии,пиццерию,пиццерии,пиццерии|пиццерии,пиццерий,пиццерии,пиццериям,пиццериях
2379|f|inan|парикмахерская,парикмахерской,парикмахерскую,парикмахерской,парикмахерской|парикмахерские,парикмахерских,парикмахерские,парикмахерским,парикмахерских
2380|f|inan|почта,почты,почту,почте,почте|почты,почт,почты,почтам,почтах
2381|f|inan|химчистка,химчистки,химчистку,химчистке,химчистке|химчистки,химчисток,химчистки,химчисткам,химчистках
2382|n|inan|фотоателье,фотоателье,фотоателье,фотоателье,фотоателье|фотоателье,фотоателье,фотоателье,фотоателье,фотоателье
2389|m|inan|цирк,цирка,цирк,цирку,цирке|цирки,цирков,цирки,циркам,цирках
2391|m|inan|кинотеатр,кинотеатра,кинотеатр,кинотеатру,кинотеатре|кинотеатры,кинотеатров,кинотеатры,кинотеатрам,кинотеатрах
2392|m|inan|музей,музея,музей,музею,музее|музеи,музеев,музеи,музеям,музеях
2393|f|inan|библиотека,библиотеки,библиотеку,библиотеке,библиотеке|библиотеки,библиотек,библиотеки,библиотекам,библиотеках
2394|m|inan|театр,театра,театр,театру,театре|театры,театров,театры,театрам,театрах
2395|f|inan|опера,оперы,оперу,опере,опере|оперы,опер,оперы,операм,операх
2397|n|inan|казино,казино,казино,казино,казино|казино,казино,казино,казино,казино
2398|f|inan|мечеть,мечети,мечеть,мечети,мечети|мечети,мечетей,мечети,мечетям,мечетях
2399|f|inan|синагога,синагоги,синагогу,синагоге,синагоге|синагоги,синагог,синагоги,синагогам,синагогах
2401|m|inan|храм,храма,храм,храму,храме|храмы,храмов,храмы,храмам,храмах
2402|f|inan|церковь,церкви,церковь,церкви,церкви|церкви,церквей,церкви,церквям,церквях
2403|m|inan|институт,института,институт,институту,институте|институты,институтов,институты,институтам,институтах
2404|m|inan|университет,университета,университет,университету,университете|университеты,университетов,университеты,университетам,университетах
2405|f|inan|школа,школы,школу,школе,школе|школы,школ,школы,школам,школах
2406|f|inan|префектура,префектуры,префектуру,префектуре,префектуре|префектуры,префектур,префектуры,префектурам,префектурах
2407|f|inan|мэрия,мэрии,мэрию,мэрии,мэрии|мэрии,мэрий,мэрии,мэриям,мэриях
2408|f|inan|гостиница,гостиницы,гостиницу,гостинице,гостинице|гостиницы,гостиниц,гостиницы,гостиницам,гостиницах
2409|m|inan|банк,банка,банк,банку,банке|банки,банков,банки,банкам,банках
2410|n|inan|посольство,посольства,посольство,посольству,посольстве|посольства,посольств,посольства,посольствам,посольствах
2412|n|inan|справочное бюро,справочного бюро,справочное бюро,справочному бюро,справочном бюро|справочные бюро,справочных бюро,справочные бюро,справочным бюро,справочных бюро
2414|n|inan|метро,метро,метро,метро,метро|метро,метро,метро,метро,метро
2419|f|inan|надпись,надписи,надпись,надписи,надписи|надписи,надписей,надписи,надписям,надписях
2420|m|inan|плакат,плаката,плакат,плакату,плакате|плакаты,плакатов,плакаты,плакатам,плакатах
2421|m|inan|указатель,указателя,указатель,указателю,указателе|указатели,указателей,указатели,указателям,указателях
2422|f|inan|стрелка,стрелки,стрелку,стрелке,стрелке|стрелки,стрелок,стрелки,стрелкам,стрелках
2424|n|inan|предупреждение,предупреждения,предупреждение,предупреждению,предупреждении|предупреждения,предупреждений,предупреждения,предупреждениям,предупреждениях
2427|n|inan|расписание,расписания,расписание,расписанию,расписании|расписания,расписаний,расписания,расписаниям,расписаниях
2430|m|inan|вход,входа,вход,входу,входе|входы,входов,входы,входам,входах
2431|m|inan|выход,выхода,выход,выходу,выходе|выходы,выходов,выходы,выходам,выходах
2445|f|inan|администрация,администрации,администрацию,администрации,администрации|администрации,администраций,администрации,администрациям,администрациях
2451|f|inan|опасность,опасности,опасность,опасности,опасности|опасности,опасностей,опасности,опасностям,опасностях
2459|m|inan|автобус,автобуса,автобус,автобусу,автобусе|автобусы,автобусов,автобусы,автобусам,автобусах
2460|m|inan|трамвай,трамвая,трамвай,трамваю,трамвае|трамваи,трамваев,трамваи,трамваям,трамваях
2461|m|inan|троллейбус,троллейбуса,троллейбус,троллейбусу,троллейбусе|троллейбусы,троллейбусов,троллейбусы,троллейбусам,троллейбусах
2462|m|inan|маршрут,маршрута,маршрут,маршруту,маршруте|маршруты,маршрутов,маршруты,маршрутам,маршрутах
2466|f|inan|остановка,остановки,остановку,остановке,остановке|остановки,остановок,остановки,остановкам,остановках
2471|m|inan|билет,билета,билет,билету,билете|билеты,билетов,билеты,билетам,билетах
2473|m|anim|кассир,кассира,кассира,кассиру,кассире|кассиры,кассиров,кассиров,кассирам,кассирах
2474|m|inan|контроль,контроля,контроль,контролю,контроле|контроли,контролей,контроли,контролям,контролях
2475|m|anim|контролёр,контролёра,контролёра,контролёру,контролёре|контролёры,контролёров,контролёров,контролёрам,контролёрах
2479|n|inan|такси,такси,такси,такси,такси|такси,такси,такси,такси,такси
2480|m|anim|таксист,таксиста,таксиста,таксисту,таксисте|таксисты,таксистов,таксистов,таксистам,таксистах
2486|f|inan|пробка,пробки,пробку,пробке,пробке|пробки,пробок,пробки,пробкам,пробках
2492|f|inan|станция,станции,станцию,станции,станции|станции,станций,станции,станциям,станциях
2494|m|inan|поезд,поезда,поезд,поезду,поезде|поезда,поездов,поезда,поездам,поездах
2495|m|inan|вокзал,вокзала,вокзал,вокзалу,вокзале|вокзалы,вокзалов,вокзалы,вокзалам,вокзалах
2496|m|inan|памятник,памятника,памятник,памятнику,памятнике|памятники,памятников,памятники,памятникам,памятниках
2497|f|inan|крепость,крепости,крепость,крепости,крепости|крепости,крепостей,крепости,крепостям,крепостях
2498|m|inan|дворец,дворца,дворец,дворцу,дворце|дворцы,дворцов,дворцы,дворцам,дворцах
2499|m|inan|замок,замка,замок,замку,замке|замки,замков,замки,замкам,замках
2500|f|inan|башня,башни,башню,башне,башне|башни,башен,башни,башням,башнях
2501|m|inan|мавзолей,мавзолея,мавзолей,мавзолею,мавзолее|мавзолеи,мавзолеев,мавзолеи,мавзолеям,мавзолеях
2502|f|inan|архитектура,архитектуры,архитектуру,архитектуре,архитектуре|архитектуры,архитектур,архитектуры,архитектурам,архитектурах
2514|f|inan|схема,схемы,схему,схеме,схеме|схемы,схем,схемы,схемам,схемах
2516|m|inan|сувенир,сувенира,сувенир,сувениру,сувенире|сувениры,сувениров,сувениры,сувенирам,сувенирах
2523|m|inan|шоппинг,шоппинга,шоппинг,шоппингу,шоппинге|шоппинги,шоппингов,шоппинги,шоппингам,шоппингах
2529|m|inan|подарок,подарка,подарок,подарку,подарке|подарки,подарков,подарки,подаркам,подарках
2530|m|anim|продавец,продавца,продавца,продавцу,продавце|продавцы,продавцов,продавцов,продавцам,продавцах
2531|f|anim|продавщица,продавщицы,продавщицу,продавщице,продавщице|продавщицы,продавщиц,продавщиц,продавщицам,продавщицах
2532|f|inan|касса,кассы,кассу,кассе,кассе|кассы,касс,кассы,кассам,кассах
2533|n|inan|зеркало,зеркала,зеркало,зеркалу,зеркале|зеркала,зеркал,зеркала,зеркалам,зеркалах
2534|m|inan|прилавок,прилавка,прилавок,прилавку,прилавке|прилавки,прилавков,прилавки,прилавкам,прилавках
2539|f|inan|цена,цены,цену,цене,цене|цены,цен,цены,ценам,ценах
2540|m|inan|ценник,ценника,ценник,ценнику,ценнике|ценники,ценников,ценники,ценникам,ценниках
2550|m|inan|кредит,кредита,кредит,кредиту,кредите|кредиты,кредитов,кредиты,кредитам,кредитах
2552|m|inan|деньги,денег,деньги,деньгам,деньгах|деньги,денег,деньги,деньгам,деньгах
2553|m|inan|обмен,обмена,обмен,обмену,обмене|обмены,обменов,обмены,обменам,обменах
2554|m|inan|курс,курса,курс,курсу,курсе|курсы,курсов,курсы,курсам,курсах
2555|m|inan|банкомат,банкомата,банкомат,банкомату,банкомате|банкоматы,банкоматов,банкоматы,банкоматам,банкоматах
2556|f|inan|монета,монеты,монету,монете,монете|монеты,монет,монеты,монетам,монетах
2557|m|inan|доллар,доллара,доллар,доллару,долларе|доллары,долларов,доллары,долларам,долларах
2558|m|inan|евро,евро,евро,евро,евро|евро,евро,евро,евро,евро
2559|f|inan|итальянская лира,итальянской лиры,итальянскую лиру,итальянской лире,итальянской лире|итальянские лиры,итальянских лир,итальянские лиры,итальянским лирам,итальянских лирах
2560|f|inan|немецкая марка,немецкой марки,немецкую марку,немецкой марке,немецкой марке|немецкие марки,немецких марок,немецкие марки,немецким маркам,немецких марках
2561|m|inan|франк,франка,франк,франку,франке|франки,франков,франки,франкам,франках
2563|f|inan|йена,йены,йену,йене,йене|йены,йен,йены,йенам,йенах
2564|m|inan|долг,долга,долг,долгу,долге|долги,долгов,долги,долгам,долгах
2565|m|anim|должник,должника,должника,должнику,должнике|должники,должников,должников,должникам,должниках
2574|m|inan|чек,чека,чек,чеку,чеке|чеки,чеков,чеки,чекам,чеках
2577|m|inan|бумажник,бумажника,бумажник,бумажнику,бумажнике|бумажники,бумажников,бумажники,бумажникам,бумажниках
2578|m|inan|кошелёк,кошелька,кошелёк,кошельку,кошельке|кошельки,кошельков,кошельки,кошелькам,кошельках
2579|n|inan|портмоне,портмоне,портмоне,портмоне,портмоне|портмоне,портмоне,портмоне,портмоне,портмоне
2580|m|inan|сейф,сейфа,сейф,сейфу,сейфе|сейфы,сейфов,сейфы,сейфам,сейфах
2581|m|anim|наследник,наследника,наследника,наследнику,наследнике|наследники,наследников,наследников,наследникам,наследниках
2582|n|inan|наследство,наследства,наследство,наследству,наследстве|наследства,наследств,наследства,наследствам,наследствах
2583|n|inan|состояние,состояния,состояние,состоянию,состоянии|состояния,состояний,состояния,состояниям,состояниях
2584|f|inan|аренда,аренды,аренду,аренде,аренде|аренды,аренд,аренды,арендам,арендах
2588|f|inan|стоимость,стоимости,стоимость,стоимости,стоимости|стоимости,стоимостей,стоимости,стоимостям,стоимостях
2595|f|inan|оплата,оплаты,оплату,оплате,оплате|оплаты,оплат,оплаты,оплатам,оплатах
2596|f|inan|сдача,сдачи,сдачу,сдаче,сдаче|сдачи,сдач,сдачи,сдачам,сдачах
2597|m|inan|налог,налога,налог,налогу,налоге|налоги,налогов,налоги,налогам,налогах
2598|m|inan|штраф,штрафа,штраф,штрафу,штрафе|штрафы,штрафов,штрафы,штрафам,штрафах
2600|f|inan|почта,почты,почту,почте,почте|почты,почт,почты,почтам,почтах
2601|f|inan|почта,почты,почту,почте,почте|почты,почт,почты,почтам,почтах
2604|n|inan|письмо,письма,письмо,письму,письме|письма,писем,письма,письмам,письмах
2606|f|inan|открытка,открытки,открытку,открытке,открытке|открытки,открыток,открытки,открыткам,открытках
2607|f|inan|телеграмма,телеграммы,телеграмму,телеграмме,телеграмме|телеграммы,телеграмм,телеграммы,телеграммам,телеграммах
2608|f|inan|посылка,посылки,посылку,посылке,посылке|посылки,посылок,посылки,посылкам,посылках
2612|f|inan|отправка,отправки,отправку,отправке,отправке|отправки,отправок,отправки,отправкам,отправках
2613|m|inan|адрес,адреса,адрес,адресу,адресе|адреса,адресов,адреса,адресам,адресах
2614|m|inan|индекс,индекса,индекс,индексу,индексе|индексы,индексов,индексы,индексам,индексах
2615|m|anim|отправитель,отправителя,отправителя,отправителю,отправителе|отправители,отправителей,отправителей,отправителям,отправителях
2616|m|anim|получатель,получателя,получателя,получателю,получателе|получатели,получателей,получателей,получателям,получателях
2619|m|inan|тариф,тарифа,тариф,тарифу,тарифе|тарифы,тарифов,тарифы,тарифам,тарифах
2624|m|inan|конверт,конверта,конверт,конверту,конверте|конверты,конвертов,конверты,конвертам,конвертах
2625|f|inan|марка,марки,марку,марке,марке|марки,марок,марки,маркам,марках
2628|m|inan|двор,двора,двор,двору,дворе|дворы,дворов,дворы,дворам,дворах
2629|f|inan|ограда,ограды,ограду,ограде,ограде|ограды,оград,ограды,оградам,оградах
2630|m|inan|кирпич,кирпича,кирпич,кирпичу,кирпиче|кирпичи,кирпичей,кирпичи,кирпичам,кирпичах
2634|m|inan|бетон,бетона,бетон,бетону,бетоне|бетоны,бетонов,бетоны,бетонам,бетонах
2642|m|inan|этаж,этажа,этаж,этажу,этаже|этажи,этажей,этажи,этажам,этажах
2647|f|inan|труба,трубы,трубу,трубе,трубе|трубы,труб,трубы,трубам,трубах
2648|f|inan|черепица,черепицы,черепицу,черепице,черепице|черепицы,черепиц,черепицы,черепицам,черепицах
2650|m|inan|чердак,чердака,чердак,чердаку,чердаке|чердаки,чердаков,чердаки,чердакам,чердаках
2652|n|inan|стекло,стекла,стекло,стеклу,стекле|стёкла,стёкол,стёкла,стёклам,стёклах
2653|m|inan|подоконник,подоконника,подоконник,подоконнику,подоконнике|подоконники,подоконников,подоконники,подоконникам,подоконниках
2655|f|inan|стена,стены,стену,стене,стене|стены,стен,стены,стенам,стенах
2656|m|inan|балкон,балкона,балкон,балкону,балконе|балконы,балконов,балконы,балконам,балконах
2657|f|inan|водосточная труба,водосточной трубы,водосточную трубу,водосточной трубе,водосточной трубе|водосточные трубы,водосточных труб,водосточные трубы,водосточным трубам,водосточных трубах
2662|m|inan|подъезд,подъезда,подъезд,подъезду,подъезде|подъезды,подъездов,подъезды,подъездам,подъездах
2663|f|inan|лестница,лестницы,лестницу,лестнице,лестнице|лестницы,лестниц,лестницы,лестницам,лестницах
2666|m|inan|холл,холла,холл,холлу,холле|холлы,холлов,холлы,холлам,холлах
2670|m|inan|лифт,лифта,лифт,лифту,лифте|лифты,лифтов,лифты,лифтам,лифтах
2672|f|inan|кабина,кабины,кабину,кабине,кабине|кабины,кабин,кабины,кабинам,кабинах
2674|f|inan|квартира,квартиры,квартиру,квартире,квартире|квартиры,квартир,квартиры,квартирам,квартирах
2677|n|inan|электричество,электричества,электричество,электричеству,электричестве|электричество,электричества,электричество,электричеству,электричестве
2678|f|inan|лампочка,лампочки,лампочку,лампочке,лампочке|лампочки,лампочек,лампочки,лампочкам,лампочках
2679|m|inan|выключатель,выключателя,выключатель,выключателю,выключателе|выключатели,выключателей,выключатели,выключателям,выключателях
2680|f|inan|пробка,пробки,пробку,пробке,пробке|пробки,пробок,пробки,пробкам,пробках
2681|m|inan|провод,провода,провод,проводу,проводе|провода,проводов,провода,проводам,проводах
2683|m|inan|электросчётчик,электросчётчика,электросчётчик,электросчётчику,электросчётчике|электросчётчики,электросчётчиков,электросчётчики,электросчётчикам,электросчётчиках
2684|n|inan|показание,показания,показание,показанию,показании|показания,показаний,показания,показаниям,показаниях
2685|f|inan|дверь,двери,дверь,двери,двери|двери,дверей,двери,дверям,дверях
2686|n|inan|ворота,ворот,ворота,воротам,воротах|ворота,ворот,ворота,воротам,воротах
2687|f|inan|ручка,ручки,ручку,ручке,ручке|ручки,ручек,ручки,ручкам,ручках
2691|m|inan|ключ,ключа,ключ,ключу,ключе|ключи,ключей,ключи,ключам,ключах
2692|f|inan|связка,связки,связку,связке,связке|связки,связок,связки,связкам,связках
2694|m|inan|скрип,скрипа,скрип,скрипу,скрипе|скрипы,скрипов,скрипы,скрипам,скрипах
2696|m|inan|коврик,коврика,коврик,коврику,коврике|коврики,ковриков,коврики,коврикам,ковриках
2698|m|inan|засов,засова,засов,засову,засове|засовы,засовов,засовы,засовам,засовах
2699|f|inan|задвижка,задвижки,задвижку,задвижке,задвижке|задвижки,задвижек,задвижки,задвижкам,задвижках
2702|m|inan|звонок,звонка,звонок,звонку,звонке|звонки,звонков,звонки,звонкам,звонках
2703|m|inan|звонок,звонка,звонок,звонку,звонке|звонки,звонков,звонки,звонкам,звонках
2704|f|inan|кнопка,кнопки,кнопку,кнопке,кнопке|кнопки,кнопок,кнопки,кнопкам,кнопках
2705|m|inan|стук,стука,стук,стуку,стуке|стуки,стуков,стуки,стукам,стуках
2707|m|inan|код,кода,код,коду,коде|коды,кодов,коды,кодам,кодах
2709|m|inan|домофон,домофона,домофон,домофону,домофоне|домофоны,домофонов,домофоны,домофонам,домофонах
2711|f|inan|табличка,таблички,табличку,табличке,табличке|таблички,табличек,таблички,табличкам,табличках
2712|m|inan|глазок,глазка,глазок,глазку,глазке|глазки,глазков,глазки,глазкам,глазках
2714|m|inan|огород,огорода,огород,огороду,огороде|огороды,огородов,огороды,огородам,огородах
2715|m|inan|забор,забора,забор,забору,заборе|заборы,заборов,заборы,заборам,заборах
2718|m|inan|амбар,амбара,амбар,амбару,амбаре|амбары,амбаров,амбары,амбарам,амбарах
2719|m|inan|погреб,погреба,погреб,погребу,погребе|погреба,погребов,погреба,погребам,погребах
2720|m|inan|сарай,сарая,сарай,сараю,сарае|сараи,сараев,сараи,сараям,сараях
2721|m|inan|колодец,колодца,колодец,колодцу,колодце|колодцы,колодцев,колодцы,колодцам,колодцах
2722|f|inan|печь,печи,печь,печи,печи|печи,печей,печи,печам,печах
2724|n|inan|дрова,дров,дрова,дровам,дровах|дрова,дров,дрова,дровам,дровах
2725|n|inan|полено,полена,полено,полену,полене|поленья,поленьев,поленья,поленьям,поленьях
2726|f|inan|веранда,веранды,веранду,веранде,веранде|веранды,веранд,веранды,верандам,верандах
2727|f|inan|терраса,террасы,террасу,террасе,террасе|террасы,террас,террасы,террасам,террасах
2729|f|inan|качели,качелей,качели,качелям,качелях|качели,качелей,качели,качелям,качелях
2731|f|inan|вилла,виллы,виллу,вилле,вилле|виллы,вилл,виллы,виллам,виллах
2732|n|inan|крыло,крыла,крыло,крылу,крыле|крылья,крыльев,крылья,крыльям,крыльях
2733|m|inan|сад,сада,сад,саду,саде|сады,садов,сады,садам,садах
2735|f|inan|оранжерея,оранжереи,оранжерею,оранжерее,оранжерее|оранжереи,оранжерей,оранжереи,оранжереям,оранжереях
2741|m|inan|гараж,гаража,гараж,гаражу,гараже|гаражи,гаражей,гаражи,гаражам,гаражах
2746|f|inan|охрана,охраны,охрану,охране,охране|охраны,охран,охраны,охранам,охранах
2748|f|inan|сигнализация,сигнализации,сигнализацию,сигнализации,сигнализации|сигнализации,сигнализаций,сигнализации,сигнализациям,сигнализациях
2749|m|inan|замок,замка,замок,замку,замке|замки,замков,замки,замкам,замках
2752|f|inan|стена,стены,стену,стене,стене|стены,стен,стены,стенам,стенах
2757|m|inan|ров,рва,ров,рву,рве|рвы,рвов,рвы,рвам,рвах
2758|f|inan|цепь,цепи,цепь,цепи,цепи|цепи,цепей,цепи,цепям,цепях
2759|f|inan|бойница,бойницы,бойницу,бойнице,бойнице|бойницы,бойниц,бойницы,бойницам,бойницах
2765|f|inan|комната,комнаты,комнату,комнате,комнате|комнаты,комнат,комнаты,комнатам,комнатах
2766|f|inan|спальня,спальни,спальню,спальне,спальне|спальни,спален,спальни,спальням,спальнях
2767|f|inan|столовая,столовой,столовую,столовой,столовой|столовые,столовых,столовые,столовым,столовых
2768|f|inan|гостиная,гостиной,гостиную,гостиной,гостиной|гостиные,гостиных,гостиные,гостиным,гостиных
2769|m|inan|кабинет,кабинета,кабинет,кабинету,кабинете|кабинеты,кабинетов,кабинеты,кабинетам,кабинетах
2770|f|inan|прихожая,прихожей,прихожую,прихожей,прихожей|прихожие,прихожих,прихожие,прихожим,прихожих
2771|f|inan|ванная комната,ванной комнаты,ванную комнату,ванной комнате,ванной комнате|ванные комнаты,ванных комнат,ванные комнаты,ванным комнатам,ванных комнатах
2772|m|inan|туалет,туалета,туалет,туалету,туалете|туалеты,туалетов,туалеты,туалетам,туалетах
2773|m|inan|потолок,потолка,потолок,потолку,потолке|потолки,потолков,потолки,потолкам,потолках
2774|m|inan|пол,пола,пол,полу,поле|полы,полов,полы,полам,полах
2775|m|inan|угол,угла,угол,углу,угле|углы,углов,углы,углам,углах
2778|f|inan|пыль,пыли,пыль,пыли,пыли|пыли,пылей,пыли,пылям,пылях
2781|m|inan|пылесос,пылесоса,пылесос,пылесосу,пылесосе|пылесосы,пылесосов,пылесосы,пылесосам,пылесосах
2784|m|inan|мусор,мусора,мусор,мусору,мусоре|мусоры,мусоров,мусоры,мусорам,мусорах
2785|m|inan|порядок,порядка,порядок,порядку,порядке|порядки,порядков,порядки,порядкам,порядках
2786|m|inan|беспорядок,беспорядка,беспорядок,беспорядку,беспорядке|беспорядки,беспорядков,беспорядки,беспорядкам,беспорядках
2787|f|inan|швабра,швабры,швабру,швабре,швабре|швабры,швабр,швабры,швабрам,швабрах
2788|f|inan|тряпка,тряпки,тряпку,тряпке,тряпке|тряпки,тряпок,тряпки,тряпкам,тряпках
2789|m|inan|веник,веника,веник,венику,венике|веники,веников,веники,веникам,вениках
2790|m|inan|совок для мусора,совка для мусора,совок для мусора,совку для мусора,совке для мусора|совки для мусора,совков для мусора,совки для мусора,совкам для мусора,совках для мусора
2791|f|inan|мебель,мебели,мебель,мебели,мебели|мебель,мебели,мебель,мебели,мебели
2792|m|inan|стол,стола,стол,столу,столе|столы,столов,столы,столам,столах
2793|m|inan|стул,стула,стул,стулу,стуле|стулья,стульев,стулья,стульям,стульях
2795|m|inan|диван,дивана,диван,дивану,диване|диваны,диванов,диваны,диванам,диванах
2796|n|inan|кресло,кресла,кресло,креслу,кресле|кресла,кресел,кресла,креслам,креслах
2797|m|inan|шкаф,шкафа,шкаф,шкафу,шкафе|шкафы,шкафов,шкафы,шкафам,шкафах
2798|f|inan|полка,полки,полку,полке,полке|полки,полок,полки,полкам,полках
2800|m|inan|шкаф,шкафа,шкаф,шкафу,шкафе|шкафы,шкафов,шкафы,шкафам,шкафах
2803|m|inan|комод,комода,комод,комоду,комоде|комоды,комодов,комоды,комодам,комодах
2806|m|inan|ковёр,ковра,ковёр,ковру,ковре|ковры,ковров,ковры,коврам,коврах
2808|m|inan|камин,камина,камин,камину,камине|камины,каминов,камины,каминам,каминах
2809|f|inan|свеча,свечи,свечу,свече,свече|свечи,свечей,свечи,свечам,свечах
2810|m|inan|подсвечник,подсвечника,подсвечник,подсвечнику,подсвечнике|подсвечники,подсвечников,подсвечники,подсвечникам,подсвечниках
2811|f|inan|шторы,штор,шторы,шторам,шторах|шторы,штор,шторы,шторам,шторах
2812|m|inan|обои,обоев,обои,обоям,обоях|обои,обоев,обои,обоям,обоях
2815|m|inan|светильник,светильника,светильник,светильнику,светильнике|светильники,светильников,светильники,светильникам,светильниках
2816|m|inan|торшер,торшера,торшер,торшеру,торшере|торшеры,торшеров,торшеры,торшерам,торшерах
2817|f|inan|люстра,люстры,люстру,люстре,люстре|люстры,люстр,люстры,люстрам,люстрах
2818|f|inan|ножка,ножки,ножку,ножке,ножке|ножки,ножек,ножки,ножкам,ножках
2819|m|inan|подлокотник,подлокотника,подлокотник,подлокотнику,подлокотнике|подлокотники,подлокотников,подлокотники,подлокотникам,подлокотниках
2820|f|inan|спинка,спинки,спинку,спинке,спинке|спинки,спинок,спинки,спинкам,спинках
2821|m|inan|ящик,ящика,ящик,ящику,ящике|ящики,ящиков,ящики,ящикам,ящиках
2822|n|inan|постельное бельё,постельного белья,постельное бельё,постельному белью,постельном белье|постельное бельё,постельного белья,постельное бельё,постельному белью,постельном белье
2823|f|inan|подушка,подушки,подушку,подушке,подушке|подушки,подушек,подушки,подушкам,подушках
2825|n|inan|одеяло,одеяла,одеяло,одеялу,одеяле|одеяла,одеял,одеяла,одеялам,одеялах
2826|f|inan|простыня,простыни,простыню,простыне,простыне|простыни,простынь,простыни,простыням,простынях
2828|f|inan|кухня,кухни,кухню,кухне,кухне|кухни,кухонь,кухни,кухням,кухнях
2829|m|inan|газ,газа,газ,газу,газе|газы,газов,газы,газам,газах
2832|f|inan|духовка,духовки,духовку,духовке,духовке|духовки,духовок,духовки,духовкам,духовках
2834|m|inan|холодильник,холодильника,холодильник,холодильнику,холодильнике|холодильники,холодильников,холодильники,холодильникам,холодильниках
2835|m|inan|морозильник,морозильника,морозильник,морозильнику,морозильнике|морозильники,морозильников,морозильники,морозильникам,морозильниках
2837|f|inan|мясорубка,мясорубки,мясорубку,мясорубке,мясорубке|мясорубки,мясорубок,мясорубки,мясорубкам,мясорубках
2838|f|inan|соковыжималка,соковыжималки,соковыжималку,соковыжималке,соковыжималке|соковыжималки,соковыжималок,соковыжималки,соковыжималкам,соковыжималках
2839|m|inan|тостер,тостера,тостер,тостеру,тостере|тостеры,тостеров,тостеры,тостерам,тостерах
2840|m|inan|миксер,миксера,миксер,миксеру,миксере|миксеры,миксеров,миксеры,миксерам,миксерах
2844|m|inan|чайник,чайника,чайник,чайнику,чайнике|чайники,чайников,чайники,чайникам,чайниках
2845|m|inan|чайник,чайника,чайник,чайнику,чайнике|чайники,чайников,чайники,чайникам,чайниках
2846|f|inan|крышка,крышки,крышку,крышке,крышке|крышки,крышек,крышки,крышкам,крышках
2856|f|inan|рюмка,рюмки,рюмку,рюмке,рюмке|рюмки,рюмок,рюмки,рюмкам,рюмках
2859|f|inan|сахарница,сахарницы,сахарницу,сахарнице,сахарнице|сахарницы,сахарниц,сахарницы,сахарницам,сахарницах
2860|f|inan|солонка,солонки,солонку,солонке,солонке|солонки,солонок,солонки,солонкам,солонках
2861|f|inan|перечница,перечницы,перечницу,перечнице,перечнице|перечницы,перечниц,перечницы,перечницам,перечницах
2864|f|inan|сковородка,сковородки,сковородку,сковородке,сковородке|сковородки,сковородок,сковородки,сковородкам,сковородках
2865|m|inan|половник,половника,половник,половнику,половнике|половники,половников,половники,половникам,половниках
2866|m|inan|дуршлаг,дуршлага,дуршлаг,дуршлагу,дуршлаге|дуршлаги,дуршлагов,дуршлаги,дуршлагам,дуршлагах
2867|m|inan|поднос,подноса,поднос,подносу,подносе|подносы,подносов,подносы,подносам,подносах
2871|f|inan|открывалка,открывалки,открывалку,открывалке,открывалке|открывалки,открывалок,открывалки,открывалкам,открывалках
2872|f|inan|открывалка,открывалки,открывалку,открывалке,открывалке|открывалки,открывалок,открывалки,открывалкам,открывалках
2873|m|inan|штопор,штопора,штопор,штопору,штопоре|штопоры,штопоров,штопоры,штопорам,штопорах
2874|m|inan|фильтр,фильтра,фильтр,фильтру,фильтре|фильтры,фильтров,фильтры,фильтрам,фильтрах
2876|m|inan|мусор,мусора,мусор,мусору,мусоре|мусоры,мусоров,мусоры,мусорам,мусорах
2880|m|inan|кран,крана,кран,крану,кране|краны,кранов,краны,кранам,кранах
2890|m|inan|душ,душа,душ,душу,душе|души,душей,души,душам,душах
2892|f|inan|ванна,ванны,ванну,ванне,ванне|ванны,ванн,ванны,ваннам,ваннах
2893|m|inan|унитаз,унитаза,унитаз,унитазу,унитазе|унитазы,унитазов,унитазы,унитазам,унитазах
2894|f|inan|раковина,раковины,раковину,раковине,раковине|раковины,раковин,раковины,раковинам,раковинах
2897|f|inan|губка,губки,губку,губке,губке|губки,губок,губки,губкам,губках
2899|n|inan|полотенце,полотенца,полотенце,полотенцу,полотенце|полотенца,полотенец,полотенца,полотенцам,полотенцах
2905|m|inan|телевизор,телевизора,телевизор,телевизору,телевизоре|телевизоры,телевизоров,телевизоры,телевизорам,телевизорах
2906|m|inan|магнитофон,магнитофона,магнитофон,магнитофону,магнитофоне|магнитофоны,магнитофонов,магнитофоны,магнитофонам,магнитофонах
2907|m|inan|видеомагнитофон,видеомагнитофона,видеомагнитофон,видеомагнитофону,видеомагнитофоне|видеомагнитофоны,видеомагнитофонов,видеомагнитофоны,видеомагнитофонам,видеомагнитофонах
2908|m|inan|приёмник,приёмника,приёмник,приёмнику,приёмнике|приёмники,приёмников,приёмники,приёмникам,приёмниках
2909|m|inan|плеер,плеера,плеер,плееру,плеере|плееры,плееров,плееры,плеерам,плеерах
2910|m|inan|видеопроектор,видеопроектора,видеопроектор,видеопроектору,видеопроекторе|видеопроекторы,видеопроекторов,видеопроекторы,видеопроекторам,видеопроекторах
2913|m|inan|усилитель,усилителя,усилитель,усилителю,усилителе|усилители,усилителей,усилители,усилителям,усилителях
2915|f|inan|видеокамера,видеокамеры,видеокамеру,видеокамере,видеокамере|видеокамеры,видеокамер,видеокамеры,видеокамерам,видеокамерах
2916|m|inan|фотоаппарат,фотоаппарата,фотоаппарат,фотоаппарату,фотоаппарате|фотоаппараты,фотоаппаратов,фотоаппараты,фотоаппаратам,фотоаппаратах
2919|m|inan|утюг,утюга,утюг,утюгу,утюге|утюги,утюгов,утюги,утюгам,утюгах
2921|m|inan|телефон,телефона,телефон,телефону,телефоне|телефоны,телефонов,телефоны,телефонам,телефонах
2925|m|inan|микрофон,микрофона,микрофон,микрофону,микрофоне|микрофоны,микрофонов,микрофоны,микрофонам,микрофонах
2927|m|inan|пульт,пульта,пульт,пульту,пульте|пульты,пультов,пульты,пультам,пультах
2929|f|inan|кассета,кассеты,кассету,кассете,кассете|кассеты,кассет,кассеты,кассетам,кассетах
2930|f|inan|пластинка,пластинки,пластинку,пластинке,пластинке|пластинки,пластинок,пластинки,пластинкам,пластинках
2936|f|inan|краска,краски,краску,краске,краске|краски,красок,краски,краскам,красках
2938|m|anim|маляр,маляра,маляра,маляру,маляре|маляры,маляров,маляров,малярам,малярах
2939|f|inan|кисть,кисти,кисть,кисти,кисти|кисти,кистей,кисти,кистям,кистях
2940|f|inan|побелка,побелки,побелку,побелке,побелке|побелки,побелок,побелки,побелкам,побелках
2944|m|inan|лак,лака,лак,лаку,лаке|лаки,лаков,лаки,лакам,лаках
2950|f|inan|капля,капли,каплю,капле,капле|капли,капель,капли,каплям,каплях
2956|m|inan|вентиль,вентиля,вентиль,вентилю,вентиле|вентили,вентилей,вентили,вентилям,вентилях
2964|m|inan|подвал,подвала,подвал,подвалу,подвале|подвалы,подвалов,подвалы,подвалам,подвалах
2965|f|inan|канализация,канализации,канализацию,канализации,канализации|канализации,канализаций,канализации,канализациям,канализациях
2966|m|inan|огонь,огня,огонь,огню,огне|огни,огней,огни,огням,огнях
2967|n|inan|пламя,пламени,пламя,пламени,пламени|пламена,пламён,пламена,пламенам,пламенах
2968|f|inan|искра,искры,искру,искре,искре|искры,искр,искры,искрам,искрах
2970|m|inan|факел,факела,факел,факелу,факеле|факелы,факелов,факелы,факелам,факелах
2971|m|inan|костёр,костра,костёр,костру,костре|костры,костров,костры,кострам,кострах
2972|m|inan|бензин,бензина,бензин,бензину,бензине|бензины,бензинов,бензины,бензинам,бензинах
2973|m|inan|керосин,керосина,керосин,керосину,керосине|керосины,керосинов,керосины,керосинам,керосинах
2977|f|inan|безопасность,безопасности,безопасность,безопасности,безопасности|безопасности,безопасностей,безопасности,безопасностям,безопасностях
2981|m|inan|взрыв,взрыва,взрыв,взрыву,взрыве|взрывы,взрывов,взрывы,взрывам,взрывах
2993|m|inan|шланг,шланга,шланг,шлангу,шланге|шланги,шлангов,шланги,шлангам,шлангах
2994|m|inan|огнетушитель,огнетушителя,огнетушитель,огнетушителю,огнетушителе|огнетушители,огнетушителей,огнетушители,огнетушителям,огнетушителях
2996|f|inan|сирена,сирены,сирену,сирене,сирене|сирены,сирен,сирены,сиренам,сиренах
2999|m|anim|спасатель,спасателя,спасателя,спасателю,спасателе|спасатели,спасателей,спасателей,спасателям,спасателях
3013|m|inan|офис,офиса,офис,офису,офисе|офисы,офисов,офисы,офисам,офисах
3014|m|inan|кабинет,кабинета,кабинет,кабинету,кабинете|кабинеты,кабинетов,кабинеты,кабинетам,кабинетах
3015|m|inan|ресепшн,ресепшна,ресепшн,ресепшну,ресепшне|ресепшны,ресепшнов,ресепшны,ресепшнам,ресепшнах
3016|m|anim|секретарь,секретаря,секретаря,секретарю,секретаре|секретари,секретарей,секретарей,секретарям,секретарях
3017|m|anim|секретарь,секретаря,секретаря,секретарю,секретаре|секретари,секретарей,секретарей,секретарям,секретарях
3018|m|anim|директор,директора,директора,директору,директоре|директора,директоров,директоров,директорам,директорах
3019|m|anim|менеджер,менеджера,менеджера,менеджеру,менеджере|менеджеры,менеджеров,менеджеров,менеджерам,менеджерах
3020|m|anim|бухгалтер,бухгалтера,бухгалтера,бухгалтеру,бухгалтере|бухгалтеры,бухгалтеров,бухгалтеров,бухгалтерам,бухгалтерах
3021|m|anim|сотрудник,сотрудника,сотрудника,сотруднику,сотруднике|сотрудники,сотрудников,сотрудников,сотрудникам,сотрудниках
3025|f|inan|тумбочка,тумбочки,тумбочку,тумбочке,тумбочке|тумбочки,тумбочек,тумбочки,тумбочкам,тумбочках
3027|m|inan|компьютер,компьютера,компьютер,компьютеру,компьютере|компьютеры,компьютеров,компьютеры,компьютерам,компьютерах
3028|m|inan|принтер,принтера,принтер,принтеру,принтере|принтеры,принтеров,принтеры,принтерам,принтерах
3029|m|inan|факс,факса,факс,факсу,факсе|факсы,факсов,факсы,факсам,факсах
3033|m|inan|коврик для мыши,коврика для мыши,коврик для мыши,коврику для мыши,коврике для мыши|коврики для мыши,ковриков для мыши,коврики для мыши,коврикам для мыши,ковриках для мыши
3034|m|inan|лист,листа,лист,листу,листе|листы,листов,листы,листам,листах
3035|f|inan|папка,папки,папку,папке,папке|папки,папок,папки,папкам,папках
3036|m|inan|каталог,каталога,каталог,каталогу,каталоге|каталоги,каталогов,каталоги,каталогам,каталогах
3037|m|inan|справочник,справочника,справочник,справочнику,справочнике|справочники,справочников,справочники,справочникам,справочниках
3039|f|inan|брошюра,брошюры,брошюру,брошюре,брошюре|брошюры,брошюр,брошюры,брошюрам,брошюрах
3040|f|inan|листовка,листовки,листовку,листовке,листовке|листовки,листовок,листовки,листовкам,листовках
3041|m|inan|образец,образца,образец,образцу,образце|образцы,образцов,образцы,образцам,образцах
3042|m|inan|тренинг,тренинга,тренинг,тренингу,тренинге|тренинги,тренингов,тренинги,тренингам,тренингах
3043|n|inan|совещание,совещания,совещание,совещанию,совещании|совещания,совещаний,совещания,совещаниям,совещаниях
3055|m|inan|пропуск,пропуска,пропуск,пропуску,пропуске|пропуски,пропусков,пропуски,пропускам,пропусках
3056|n|inan|дело,дела,дело,делу,деле|дела,дел,дела,делам,делах
3057|f|inan|фирма,фирмы,фирму,фирме,фирме|фирмы,фирм,фирмы,фирмам,фирмах
3058|f|inan|компания,компании,компанию,компании,компании|компании,компаний,компании,компаниям,компаниях
3059|f|inan|корпорация,корпорации,корпорацию,корпорации,корпорации|корпорации,корпораций,корпорации,корпорациям,корпорациях
3060|n|inan|предприятие,предприятия,предприятие,предприятию,предприятии|предприятия,предприятий,предприятия,предприятиям,предприятиях
3061|n|inan|агентство,агентства,агентство,агентству,агентстве|агентства,агентств,агентства,агентствам,агентствах
3062|m|inan|договор,договора,договор,договору,договоре|договоры,договоров,договоры,договорам,договорах
3063|m|inan|контракт,контракта,контракт,контракту,контракте|контракты,контрактов,контракты,контрактам,контрактах
3064|f|inan|сделка,сделки,сделку,сделке,сделке|сделки,сделок,сделки,сделкам,сделках
3065|m|inan|заказ,заказа,заказ,заказу,заказе|заказы,заказов,заказы,заказам,заказах
3066|n|inan|условие,условия,условие,условию,условии|условия,условий,условия,условиям,условиях
3072|m|anim|конкурент,конкурента,конкурента,конкуренту,конкуренте|конкуренты,конкурентов,конкурентов,конкурентам,конкурентах
3073|f|inan|конкуренция,конкуренции,конкуренцию,конкуренции,конкуренции|конкуренции,конкуренций,конкуренции,конкуренциям,конкуренциях
3075|m|anim|партнёр,партнёра,партнёра,партнёру,партнёре|партнёры,партнёров,партнёров,партнёрам,партнёрах
3076|n|inan|партнёрство,партнёрства,партнёрство,партнёрству,партнёрстве|партнёрства,партнёрств,партнёрства,партнёрствам,партнёрствах
3077|m|inan|кризис,кризиса,кризис,кризису,кризисе|кризисы,кризисов,кризисы,кризисам,кризисах
3078|n|inan|банкротство,банкротства,банкротство,банкротству,банкротстве|банкротства,банкротств,банкротства,банкротствам,банкротствах
3080|f|inan|трудность,трудности,трудность,трудности,трудности|трудности,трудностей,трудности,трудностям,трудностях
3081|f|inan|проблема,проблемы,проблему,проблеме,проблеме|проблемы,проблем,проблемы,проблемам,проблемах
3083|f|inan|экономика,экономики,экономику,экономике,экономике|экономики,экономик,экономики,экономикам,экономиках
3086|f|inan|цель,цели,цель,цели,цели|цели,целей,цели,целям,целях
3087|f|inan|задача,задачи,задачу,задаче,задаче|задачи,задач,задачи,задачам,задачах
3090|m|inan|склад,склада,склад,складу,складе|склады,складов,склады,складам,складах
3091|m|inan|ассортимент,ассортимента,ассортимент,ассортименту,ассортименте|ассортименты,ассортиментов,ассортименты,ассортиментам,ассортиментах
3092|m|anim|лидер,лидера,лидера,лидеру,лидере|лидеры,лидеров,лидеров,лидерам,лидерах
3094|f|inan|монополия,монополии,монополию,монополии,монополии|монополии,монополий,монополии,монополиям,монополиях
3095|f|inan|теория,теории,теорию,теории,теории|теории,теорий,теории,теориям,теориях
3096|f|inan|практика,практики,практику,практике,практике|практики,практик,практики,практикам,практиках
3097|m|inan|опыт,опыта,опыт,опыту,опыте|опыты,опытов,опыты,опытам,опытах
3098|f|inan|тенденция,тенденции,тенденцию,тенденции,тенденции|тенденции,тенденций,тенденции,тенденциям,тенденциях
3099|n|inan|развитие,развития,развитие,развитию,развитии|развития,развитий,развития,развитиям,развитиях
3100|f|inan|выгода,выгоды,выгоду,выгоде,выгоде|выгоды,выгод,выгоды,выгодам,выгодах
3102|f|inan|делегация,делегации,делегацию,делегации,делегации|делегации,делегаций,делегации,делегациям,делегациях
3106|f|inan|комиссия,комиссии,комиссию,комиссии,комиссии|комиссии,комиссий,комиссии,комиссиям,комиссиях
3108|f|inan|конференция,конференции,конференцию,конференции,конференции|конференции,конференций,конференции,конференциям,конференциях
3109|f|inan|лицензия,лицензии,лицензию,лицензии,лицензии|лицензии,лицензий,лицензии,лицензиям,лицензиях
3111|n|inan|начинание,начинания,начинание,начинанию,начинании|начинания,начинаний,начинания,начинаниям,начинаниях
3112|f|inan|норма,нормы,норму,норме,норме|нормы,норм,нормы,нормам,нормах
3113|n|inan|обстоятельство,обстоятельства,обстоятельство,обстоятельству,обстоятельстве|обстоятельства,обстоятельств,обстоятельства,обстоятельствам,обстоятельствах
3114|f|inan|обязанность,обязанности,обязанность,обязанности,обязанности|обязанности,обязанностей,обязанности,обязанностям,обязанностях
3115|f|inan|организация,организации,организацию,организации,организации|организации,организаций,организации,организациям,организациях
3116|f|inan|организация,организации,организацию,организации,организации|организации,организаций,организации,организациям,организациях
3120|m|inan|отчёт,отчёта,отчёт,отчёту,отчёте|отчёты,отчётов,отчёты,отчётам,отчётах
3121|m|inan|патент,патента,патент,патенту,патенте|патенты,патентов,патенты,патентам,патентах
3124|f|inan|премия,премии,премию,премии,премии|премии,премий,премии,премиям,премиях
3129|f|inan|репутация,репутации,репутацию,репутации,репутации|репутации,репутаций,репутации,репутациям,репутациях
3130|m|inan|риск,риска,риск,риску,риске|риски,рисков,риски,рискам,рисках
3133|f|inan|собственность,собственности,собственность,собственности,собственности|собственности,собственностей,собственности,собственностям,собственностях
3134|m|inan|союз,союза,союз,союзу,союзе|союзы,союзов,союзы,союзам,союзах
3137|f|inan|страховка,страховки,страховку,страховке,страховке|страховки,страховок,страховки,страховкам,страховках
3140|n|inan|управление,управления,управление,управлению,управлении|управления,управлений,управления,управлениям,управлениях
3141|f|inan|услуга,услуги,услугу,услуге,услуге|услуги,услуг,услуги,услугам,услугах
3142|m|inan|форум,форума,форум,форуму,форуме|форумы,форумов,форумы,форумам,форумах
3144|m|inan|этап,этапа,этап,этапу,этапе|этапы,этапов,этапы,этапам,этапах
3146|m|anim|юрист,юриста,юриста,юристу,юристе|юристы,юристов,юристов,юристам,юристах
3147|m|inan|завод,завода,завод,заводу,заводе|заводы,заводов,заводы,заводам,заводах
3148|f|inan|фабрика,фабрики,фабрику,фабрике,фабрике|фабрики,фабрик,фабрики,фабрикам,фабриках
3149|m|inan|цех,цеха,цех,цеху,цехе|цеха,цехов,цеха,цехам,цехах
3151|f|inan|промышленность,промышленности,промышленность,промышленности,промышленности|промышленности,промышленностей,промышленности,промышленностям,промышленностях
3155|f|inan|продукция,продукции,продукцию,продукции,продукции|продукции,продукций,продукции,продукциям,продукциях
3157|n|inan|сырьё,сырья,сырьё,сырью,сырье|сырьё,сырья,сырьё,сырью,сырье
3159|f|inan|бригада,бригады,бригаду,бригаде,бригаде|бригады,бригад,бригады,бригадам,бригадах
3160|m|anim|рабочий,рабочего,рабочего,рабочему,рабочем|рабочие,рабочих,рабочих,рабочим,рабочих
3163|n|inan|собрание,собрания,собрание,собранию,собрании|собрания,собраний,собрания,собраниям,собраниях
3165|m|inan|план,плана,план,плану,плане|планы,планов,планы,планам,планах
3167|f|inan|норма выработки,нормы выработки,норму выработки,норме выработки,норме выработки|нормы выработки,норм выработки,нормы выработки,нормам выработки,нормах выработки
3168|n|inan|качество,качества,качество,качеству,качестве|качества,качеств,качества,качествам,качествах
3169|m|inan|контроль,контроля,контроль,контролю,контроле|контроли,контролей,контроли,контролям,контролях
3172|f|inan|дисциплина,дисциплины,дисциплину,дисциплине,дисциплине|дисциплины,дисциплин,дисциплины,дисциплинам,дисциплинах
3173|n|inan|нарушение,нарушения,нарушение,нарушению,нарушении|нарушения,нарушений,нарушения,нарушениям,нарушениях
3180|n|inan|изобретение,изобретения,изобретение,изобретению,изобретении|изобретения,изобретений,изобретения,изобретениям,изобретениях
3181|n|inan|исследование,исследования,исследование,исследованию,исследовании|исследования,исследований,исследования,исследованиям,исследованиях
3183|f|inan|технология,технологии,технологию,технологии,технологии|технологии,технологий,технологии,технологиям,технологиях
3184|m|inan|чертёж,чертёжа,чертёж,чертёжу,чертёже|чертёжи,чертёжей,чертёжи,чертёжам,чертёжах
3185|m|inan|груз,груза,груз,грузу,грузе|грузы,грузов,грузы,грузам,грузах
3188|f|inan|погрузка,погрузки,погрузку,погрузке,погрузке|погрузки,погрузок,погрузки,погрузкам,погрузках
3191|m|inan|транспорт,транспорта,транспорт,транспорту,транспорте|транспорты,транспортов,транспорты,транспортам,транспортах
3194|m|inan|вагон,вагона,вагон,вагону,вагоне|вагоны,вагонов,вагоны,вагонам,вагонах
3197|m|inan|станок,станка,станок,станку,станке|станки,станков,станки,станкам,станках
3198|m|inan|механизм,механизма,механизм,механизму,механизме|механизмы,механизмов,механизмы,механизмам,механизмах
3200|f|inan|упаковка,упаковки,упаковку,упаковке,упаковке|упаковки,упаковок,упаковки,упаковкам,упаковках
3204|n|inan|приложение,приложения,приложение,приложению,приложении|приложения,приложений,приложения,приложениям,приложениях
3206|f|inan|подпись,подписи,подпись,подписи,подписи|подписи,подписей,подписи,подписям,подписях
3214|n|inan|обязательство,обязательства,обязательство,обязательству,обязательстве|обязательства,обязательств,обязательства,обязательствам,обязательствах
3215|f|inan|ответственность,ответственности,ответственность,ответственности,ответственности|ответственности,ответственностей,ответственности,ответственностям,ответственностях
3217|m|inan|спор,спора,спор,спору,споре|споры,споров,споры,спорам,спорах
3219|m|inan|импорт,импорта,импорт,импорту,импорте|импорты,импортов,импорты,импортам,импортах
3220|m|anim|импортёр,импортёра,импортёра,импортёру,импортёре|импортёры,импортёров,импортёров,импортёрам,импортёрах
3223|m|anim|экспортёр,экспортёра,экспортёра,экспортёру,экспортёре|экспортёры,экспортёров,экспортёров,экспортёрам,экспортёрах
3225|m|inan|товар,товара,товар,товару,товаре|товары,товаров,товары,товарам,товарах
3226|f|inan|партия,партии,партию,партии,партии|партии,партий,партии,партиям,партиях
3232|m|inan|контейнер,контейнера,контейнер,контейнеру,контейнере|контейнеры,контейнеров,контейнеры,контейнерам,контейнерах
3233|f|inan|граница,границы,границу,границе,границе|границы,границ,границы,границам,границах
3239|f|inan|акция,акции,акцию,акции,акции|акции,акций,акции,акциям,акциях
3240|f|inan|облигация,облигации,облигацию,облигации,облигации|облигации,облигаций,облигации,облигациям,облигациях
3241|m|inan|вексель,векселя,вексель,векселю,векселе|векселя,векселей,векселя,векселям,векселях
3242|f|inan|биржа,биржи,биржу,бирже,бирже|биржи,бирж,биржи,биржам,биржах
3249|m|inan|процент,процента,процент,проценту,проценте|проценты,процентов,проценты,процентам,процентах
3251|f|inan|прибыль,прибыли,прибыль,прибыли,прибыли|прибыли,прибылей,прибыли,прибылям,прибылях
3254|f|inan|валюта,валюты,валюту,валюте,валюте|валюты,валют,валюты,валютам,валютах
3258|f|inan|бухгалтерия,бухгалтерии,бухгалтерию,бухгалтерии,бухгалтерии|бухгалтерии,бухгалтерий,бухгалтерии,бухгалтериям,бухгалтериях
3263|f|inan|инфляция,инфляции,инфляцию,инфляции,инфляции|инфляции,инфляций,инфляции,инфляциям,инфляциях
3264|f|inan|девальвация,девальвации,девальвацию,девальвации,девальвации|девальвации,девальваций,девальвации,девальвациям,девальвациях
3265|m|inan|капитал,капитала,капитал,капиталу,капитале|капиталы,капиталов,капиталы,капиталам,капиталах
3266|m|inan|доход,дохода,доход,доходу,доходе|доходы,доходов,доходы,доходам,доходах
3267|m|inan|оборот,оборота,оборот,обороту,обороте|обороты,оборотов,обороты,оборотам,оборотах
3272|m|inan|маркетинг,маркетинга,маркетинг,маркетингу,маркетинге|маркетинги,маркетингов,маркетинги,маркетингам,маркетингах
3275|m|inan|продукт,продукта,продукт,продукту,продукте|продукты,продуктов,продукты,продуктам,продуктах
3279|m|inan|логотип,логотипа,логотип,логотипу,логотипе|логотипы,логотипов,логотипы,логотипам,логотипах
3280|m|inan|спрос,спроса,спрос,спросу,спросе|спросы,спросов,спросы,спросам,спросах
3281|n|inan|предложение,предложения,предложение,предложению,предложении|предложения,предложений,предложения,предложениям,предложениях
3282|f|inan|потребность,потребности,потребность,потребности,потребности|потребности,потребностей,потребности,потребностям,потребностях
3283|m|anim|потребитель,потребителя,потребителя,потребителю,потребителе|потребители,потребителей,потребителей,потребителям,потребителях
3284|m|inan|анализ,анализа,анализ,анализу,анализе|анализы,анализов,анализы,анализам,анализах
3286|n|inan|позиционирование,позиционирования,позиционирование,позиционированию,позиционировании|позиционирования,позиционирований,позиционирования,позиционированиям,позиционированиях
3291|f|inan|реклама,рекламы,рекламу,рекламе,рекламе|рекламы,реклам,рекламы,рекламам,рекламах
3293|m|inan|бюджет,бюджета,бюджет,бюджету,бюджете|бюджеты,бюджетов,бюджеты,бюджетам,бюджетах
3294|f|inan|реклама,рекламы,рекламу,рекламе,рекламе|рекламы,реклам,рекламы,рекламам,рекламах
3295|f|inan|телереклама,телерекламы,телерекламу,телерекламе,телерекламе|телерекламы,телереклам,телерекламы,телерекламам,телерекламах
3300|m|inan|имидж,имиджа,имидж,имиджу,имидже|имиджи,имиджей,имиджи,имиджам,имиджах
3301|m|inan|лозунг,лозунга,лозунг,лозунгу,лозунге|лозунги,лозунгов,лозунги,лозунгам,лозунгах
3302|m|inan|девиз,девиза,девиз,девизу,девизе|девизы,девизов,девизы,девизам,девизах
3308|m|inan|буклет,буклета,буклет,буклету,буклете|буклеты,буклетов,буклеты,буклетам,буклетах
3309|m|inan|бюллетень,бюллетеня,бюллетень,бюллетеню,бюллетене|бюллетени,бюллетеней,бюллетени,бюллетеням,бюллетенях
3314|n|inan|отделение,отделения,отделение,отделению,отделении|отделения,отделений,отделения,отделениям,отделениях
3315|m|anim|консультант,консультанта,консультанта,консультанту,консультанте|консультанты,консультантов,консультантов,консультантам,консультантах
3316|m|anim|управляющий,управляющего,управляющего,управляющему,управляющем|управляющие,управляющих,управляющих,управляющим,управляющих
3325|m|inan|вклад,вклада,вклад,вкладу,вкладе|вклады,вкладов,вклады,вкладам,вкладах
3327|m|inan|перевод,перевода,перевод,переводу,переводе|переводы,переводов,переводы,переводам,переводах
3344|f|inan|гарантия,гарантии,гарантию,гарантии,гарантии|гарантии,гарантий,гарантии,гарантиям,гарантиях
3349|m|inan|звонок,звонка,звонок,звонку,звонке|звонки,звонков,звонки,звонкам,звонках
3358|f|inan|трубка,трубки,трубку,трубке,трубке|трубки,трубок,трубки,трубкам,трубках
3371|m|inan|дисплей,дисплея,дисплей,дисплею,дисплее|дисплеи,дисплеев,дисплеи,дисплеям,дисплеях
3372|f|inan|кнопка,кнопки,кнопку,кнопке,кнопке|кнопки,кнопок,кнопки,кнопкам,кнопках
3374|f|inan|батарея,батареи,батарею,батарее,батарее|батареи,батарей,батареи,батареям,батареях
3377|n|inan|меню,меню,меню,меню,меню|меню,меню,меню,меню,меню
3379|f|inan|мелодия,мелодии,мелодию,мелодии,мелодии|мелодии,мелодий,мелодии,мелодиям,мелодиях
3381|m|inan|калькулятор,калькулятора,калькулятор,калькулятору,калькуляторе|калькуляторы,калькуляторов,калькуляторы,калькуляторам,калькуляторах
3386|m|anim|абонент,абонента,абонента,абоненту,абоненте|абоненты,абонентов,абонентов,абонентам,абонентах
3387|f|inan|шариковая ручка,шариковой ручки,шариковую ручку,шариковой ручке,шариковой ручке|шариковые ручки,шариковых ручек,шариковые ручки,шариковым ручкам,шариковых ручках
3390|m|inan|маркер,маркера,маркер,маркеру,маркере|маркеры,маркеров,маркеры,маркерам,маркерах
3391|m|inan|фломастер,фломастера,фломастер,фломастеру,фломастере|фломастеры,фломастеров,фломастеры,фломастерам,фломастерах
3394|f|inan|линейка,линейки,линейку,линейке,линейке|линейки,линеек,линейки,линейкам,линейках
3397|f|inan|кнопка,кнопки,кнопку,кнопке,кнопке|кнопки,кнопок,кнопки,кнопкам,кнопках
3398|f|inan|скрепка,скрепки,скрепку,скрепке,скрепке|скрепки,скрепок,скрепки,скрепкам,скрепках
3399|m|inan|клей,клея,клей,клею,клее|клеи,клеев,клеи,клеям,клеях
3400|m|inan|степлер,степлера,степлер,степлеру,степлере|степлеры,степлеров,степлеры,степлерам,степлерах
3401|m|inan|дырокол,дырокола,дырокол,дыроколу,дыроколе|дыроколы,дыроколов,дыроколы,дыроколам,дыроколах
3402|f|inan|точилка,точилки,точилку,точилке,точилке|точилки,точилок,точилки,точилкам,точилках
3403|f|inan|анкета,анкеты,анкету,анкете,анкете|анкеты,анкет,анкеты,анкетам,анкетах
3404|m|inan|билет,билета,билет,билету,билете|билеты,билетов,билеты,билетам,билетах
3405|m|inan|бланк,бланка,бланк,бланку,бланке|бланки,бланков,бланки,бланкам,бланках
3406|m|inan|бэдж,бэджа,бэдж,бэджу,бэдже|бэджи,бэджей,бэджи,бэджам,бэджах
3410|f|inan|таможенная декларация,таможенной декларации,таможенную декларацию,таможенной декларации,таможенной декларации|таможенные декларации,таможенных деклараций,таможенные декларации,таможенным декларациям,таможенных декларациях
3412|m|inan|документ,документа,документ,документу,документе|документы,документов,документы,документам,документах
3413|n|inan|завещание,завещания,завещание,завещанию,завещании|завещания,завещаний,завещания,завещаниям,завещаниях
3414|m|inan|закон,закона,закон,закону,законе|законы,законов,законы,законам,законах
3419|f|inan|заявка,заявки,заявку,заявке,заявке|заявки,заявок,заявки,заявкам,заявках
3420|f|inan|квитанция,квитанции,квитанцию,квитанции,квитанции|квитанции,квитанций,квитанции,квитанциям,квитанциях
3421|f|inan|конституция,конституции,конституцию,конституции,конституции|конституции,конституций,конституции,конституциям,конституциях
3422|f|inan|копия,копии,копию,копии,копии|копии,копий,копии,копиям,копиях
3426|f|inan|печать,печати,печать,печати,печати|печати,печатей,печати,печатям,печатях
3432|m|inan|пригласительный билет,пригласительного билета,пригласительный билет,пригласительному билету,пригласительном билете|пригласительные билеты,пригласительных билетов,пригласительные билеты,пригласительным билетам,пригласительных билетах
3433|n|inan|приложение,приложения,приложение,приложению,приложении|приложения,приложений,приложения,приложениям,приложениях
3434|m|inan|пропуск,пропуска,пропуск,пропуску,пропуске|пропуска,пропусков,пропуска,пропускам,пропусках
3436|m|inan|рапорт,рапорта,рапорт,рапорту,рапорте|рапорты,рапортов,рапорты,рапортам,рапортах
3437|f|inan|расписка,расписки,расписку,расписке,расписке|расписки,расписок,расписки,распискам,расписках
3438|n|inan|резюме,резюме,резюме,резюме,резюме|резюме,резюме,резюме,резюме,резюме
3439|f|inan|рукопись,рукописи,рукопись,рукописи,рукописи|рукописи,рукописей,рукописи,рукописям,рукописях
3440|m|inan|сертификат,сертификата,сертификат,сертификату,сертификате|сертификаты,сертификатов,сертификаты,сертификатам,сертификатах
3441|n|inan|соглашение,соглашения,соглашение,соглашению,соглашении|соглашения,соглашений,соглашения,соглашениям,соглашениях
3442|m|inan|список,списка,список,списку,списке|списки,списков,списки,спискам,списках
3443|m|inan|счёт,счёта,счёт,счёту,счёте|счета,счетов,счета,счетам,счетах
3444|m|inan|счёт,счёта,счёт,счёту,счёте|счета,счетов,счета,счетам,счетах
3446|n|inan|удостоверение,удостоверения,удостоверение,удостоверению,удостоверении|удостоверения,удостоверений,удостоверения,удостоверениям,удостоверениях
3447|m|inan|чек,чека,чек,чеку,чеке|чеки,чеков,чеки,чекам,чеках
3448|m|inan|чек,чека,чек,чеку,чеке|чеки,чеков,чеки,чекам,чеках
3449|m|inan|экземпляр,экземпляра,экземпляр,экземпляру,экземпляре|экземпляры,экземпляров,экземпляры,экземплярам,экземплярах
3450|f|inan|авиакомпания,авиакомпании,авиакомпанию,авиакомпании,авиакомпании|авиакомпании,авиакомпаний,авиакомпании,авиакомпаниям,авиакомпаниях
3451|m|inan|антиквариат,антиквариата,антиквариат,антиквариату,антиквариате|антиквариаты,антиквариатов,антиквариаты,антиквариатам,антиквариатах
3453|n|inan|ателье,ателье,ателье,ателье,ателье|ателье,ателье,ателье,ателье,ателье
3464|f|inan|газета,газеты,газету,газете,газете|газеты,газет,газеты,газетам,газетах
3467|m|inan|дизайн,дизайна,дизайн,дизайну,дизайне|дизайны,дизайнов,дизайны,дизайнам,дизайнах
3468|m|inan|журнал,журнала,журнал,журналу,журнале|журналы,журналов,журналы,журналам,журналах
3469|n|inan|издательство,издательства,издательство,издательству,издательстве|издательства,издательств,издательства,издательствам,издательствах
3478|m|inan|консалтинг,консалтинга,консалтинг,консалтингу,консалтинге|консалтинги,консалтингов,консалтинги,консалтингам,консалтингах
3483|f|inan|медицина,медицины,медицину,медицине,медицине|медицины,медицин,медицины,медицинам,медицинах
3487|f|inan|нефть,нефти,нефть,нефти,нефти|нефти,нефтей,нефти,нефтям,нефтях
3492|f|inan|полиграфия,полиграфии,полиграфию,полиграфии,полиграфии|полиграфии,полиграфий,полиграфии,полиграфиям,полиграфиях
3497|n|inan|радио,радио,радио,радио,радио|радио,радио,радио,радио,радио
3502|m|inan|склад,склада,склад,складу,складе|склады,складов,склады,складам,складах
3504|m|inan|спорт,спорта,спорт,спорту,спорте|спорты,спортов,спорты,спортам,спортах
3505|f|inan|стоматология,стоматологии,стоматологию,стоматологии,стоматологии|стоматологии,стоматологий,стоматологии,стоматологиям,стоматологиях
3506|n|inan|страхование,страхования,страхование,страхованию,страховании|страхования,страхований,страхования,страхованиям,страхованиях
3507|n|inan|строительство,строительства,строительство,строительству,строительстве|строительства,строительств,строительства,строительствам,строительствах
3510|n|inan|телевидение,телевидения,телевидение,телевидению,телевидении|телевидения,телевидений,телевидения,телевидениям,телевидениях
3511|f|inan|торговля,торговли,торговлю,торговле,торговле|торговля,торговли,торговлю,торговле,торговле
3514|f|inan|фармацевтика,фармацевтики,фармацевтику,фармацевтике,фармацевтике|фармацевтики,фармацевтик,фармацевтики,фармацевтикам,фармацевтиках
3517|m|anim|ювелир,ювелира,ювелира,ювелиру,ювелире|ювелиры,ювелиров,ювелиров,ювелирам,ювелирах
3520|f|inan|выставка,выставки,выставку,выставке,выставке|выставки,выставок,выставки,выставкам,выставках
3524|m|anim|участник,участника,участника,участнику,участнике|участники,участников,участников,участникам,участниках
3527|m|anim|организатор,организатора,организатора,организатору,организаторе|организаторы,организаторов,организаторов,организаторам,организаторах
3539|m|inan|павильон,павильона,павильон,павильону,павильоне|павильоны,павильонов,павильоны,павильонам,павильонах
3542|m|inan|выставочный стенд,выставочного стенда,выставочный стенд,выставочному стенду,выставочном стенде|выставочные стенды,выставочных стендов,выставочные стенды,выставочным стендам,выставочных стендах
3545|m|inan|светильник,светильника,светильник,светильнику,светильнике|светильники,светильников,светильники,светильникам,светильниках
3549|m|anim|дистрибьютор,дистрибьютора,дистрибьютора,дистрибьютору,дистрибьюторе|дистрибьюторы,дистрибьюторов,дистрибьюторов,дистрибьюторам,дистрибьюторах
3555|f|inan|ассоциация,ассоциации,ассоциацию,ассоциации,ассоциации|ассоциации,ассоциаций,ассоциации,ассоциациям,ассоциациях
3557|m|inan|конгресс,конгресса,конгресс,конгрессу,конгрессе|конгрессы,конгрессов,конгрессы,конгрессам,конгрессах
3558|m|inan|конкурс,конкурса,конкурс,конкурсу,конкурсе|конкурсы,конкурсов,конкурсы,конкурсам,конкурсах
3561|m|anim|заказчик,заказчика,заказчика,заказчику,заказчике|заказчики,заказчиков,заказчиков,заказчикам,заказчиках
3564|f|inan|пресса,прессы,прессу,прессе,прессе|прессы,пресс,прессы,прессам,прессах
3566|f|inan|радиостанция,радиостанции,радиостанцию,радиостанции,радиостанции|радиостанции,радиостанций,радиостанции,радиостанциям,радиостанциях
3568|m|anim|ведущий,ведущего,ведущего,ведущему,ведущем|ведущие,ведущих,ведущих,ведущим,ведущих
3569|m|anim|диктор,диктора,диктора,диктору,дикторе|дикторы,дикторов,дикторов,дикторам,дикторах
3570|m|anim|комментатор,комментатора,комментатора,комментатору,комментаторе|комментаторы,комментаторов,комментаторов,комментаторам,комментаторах
3571|m|anim|журналист,журналиста,журналиста,журналисту,журналисте|журналисты,журналистов,журналистов,журналистам,журналистах
3572|m|anim|корреспондент,корреспондента,корреспондента,корреспонденту,корреспонденте|корреспонденты,корреспондентов,корреспондентов,корреспондентам,корреспондентах
3573|m|anim|фотокорреспондент,фотокорреспондента,фотокорреспондента,фотокорреспонденту,фотокорреспонденте|фотокорреспонденты,фотокорреспондентов,фотокорреспондентов,фотокорреспондентам,фотокорреспондентах
3574|m|anim|репортёр,репортёра,репортёра,репортёру,репортёре|репортёры,репортёров,репортёров,репортёрам,репортёрах
3575|m|anim|редактор,редактора,редактора,редактору,редакторе|редакторы,редакторов,редакторов,редакторам,редакторах
3578|f|inan|подписка,подписки,подписку,подписке,подписке|подписки,подписок,подписки,подпискам,подписках
3579|m|anim|подписчик,подписчика,подписчика,подписчику,подписчике|подписчики,подписчиков,подписчиков,подписчикам,подписчиках
3582|m|inan|тираж,тиража,тираж,тиражу,тираже|тиражи,тиражей,тиражи,тиражам,тиражах
3585|m|inan|номер,номера,номер,номеру,номере|номера,номеров,номера,номерам,номерах
3587|m|inan|заголовок,заголовка,заголовок,заголовку,заголовке|заголовки,заголовков,заголовки,заголовкам,заголовках
3588|f|inan|заметка,заметки,заметку,заметке,заметке|заметки,заметок,заметки,заметкам,заметках
3589|f|inan|рубрика,рубрики,рубрику,рубрике,рубрике|рубрики,рубрик,рубрики,рубрикам,рубриках
3590|f|inan|статья,статьи,статью,статье,статье|статьи,статей,статьи,статьям,статьях
3592|m|inan|репортаж,репортажа,репортаж,репортажу,репортаже|репортажи,репортажей,репортажи,репортажам,репортажах
3593|n|inan|событие,события,событие,событию,событии|события,событий,события,событиям,событиях
3595|m|inan|скандал,скандала,скандал,скандалу,скандале|скандалы,скандалов,скандалы,скандалам,скандалах
3598|f|inan|передача,передачи,передачу,передаче,передаче|передачи,передач,передачи,передачам,передачах
3599|n|inan|интервью,интервью,интервью,интервью,интервью|интервью,интервью,интервью,интервью,интервью
3601|m|inan|канал,канала,канал,каналу,канале|каналы,каналов,каналы,каналам,каналах
3603|m|anim|крестьянин,крестьянина,крестьянина,крестьянину,крестьянине|крестьяне,крестьян,крестьян,крестьянам,крестьянах
3605|m|anim|фермер,фермера,фермера,фермеру,фермере|фермеры,фермеров,фермеров,фермерам,фермерах
3606|m|inan|трактор,трактора,трактор,трактору,тракторе|тракторы,тракторов,тракторы,тракторам,тракторах
3607|m|inan|комбайн,комбайна,комбайн,комбайну,комбайне|комбайны,комбайнов,комбайны,комбайнам,комбайнах
3608|m|inan|плуг,плуга,плуг,плугу,плуге|плуги,плугов,плуги,плугам,плугах
3610|f|inan|пашня,пашни,пашню,пашне,пашне|пашни,пашен,пашни,пашням,пашнях
3611|f|inan|борозда,борозды,борозду,борозде,борозде|борозды,борозд,борозды,бороздам,бороздах
3613|f|inan|сеялка,сеялки,сеялку,сеялке,сеялке|сеялки,сеялок,сеялки,сеялкам,сеялках
3614|m|inan|посев,посева,посев,посеву,посеве|посевы,посевов,посевы,посевам,посевах
3615|f|inan|коса,косы,косу,косе,косе|косы,кос,косы,косам,косах
3617|f|inan|лопата,лопаты,лопату,лопате,лопате|лопаты,лопат,лопаты,лопатам,лопатах
3619|f|inan|тяпка,тяпки,тяпку,тяпке,тяпке|тяпки,тяпок,тяпки,тяпкам,тяпках
3622|f|inan|лейка,лейки,лейку,лейке,лейке|лейки,леек,лейки,лейкам,лейках
3624|m|inan|полив,полива,полив,поливу,поливе|поливы,поливов,поливы,поливам,поливах
3625|f|inan|вилы,вил,вилы,вилам,вилах|вилы,вил,вилы,вилам,вилах
3626|m|inan|грабли,грабель,грабли,граблям,граблях|грабли,грабель,грабли,граблям,граблях
3627|n|inan|удобрение,удобрения,удобрение,удобрению,удобрении|удобрения,удобрений,удобрения,удобрениям,удобрениях
3629|m|inan|навоз,навоза,навоз,навозу,навозе|навозы,навозов,навозы,навозам,навозах
3630|n|inan|поле,поля,поле,полю,поле|поля,полей,поля,полям,полях
3631|m|inan|луг,луга,луг,лугу,луге|луга,лугов,луга,лугам,лугах
3632|m|inan|огород,огорода,огород,огороду,огороде|огороды,огородов,огороды,огородам,огородах
3636|n|inan|пастбище,пастбища,пастбище,пастбищу,пастбище|пастбища,пастбищ,пастбища,пастбищам,пастбищах
3637|n|inan|животноводство,животноводства,животноводство,животноводству,животноводстве|животноводства,животноводств,животноводства,животноводствам,животноводствах
3638|n|inan|овцеводство,овцеводства,овцеводство,овцеводству,овцеводстве|овцеводства,овцеводств,овцеводства,овцеводствам,овцеводствах
3639|f|inan|плантация,плантации,плантацию,плантации,плантации|плантации,плантаций,плантации,плантациям,плантациях
3640|f|inan|грядка,грядки,грядку,грядке,грядке|грядки,грядок,грядки,грядкам,грядках
3641|m|inan|парник,парника,парник,парнику,парнике|парники,парников,парники,парникам,парниках
3642|f|inan|засуха,засухи,засуху,засухе,засухе|засухи,засух,засухи,засухам,засухах
3646|m|anim|мельник,мельника,мельника,мельнику,мельнике|мельники,мельников,мельников,мельникам,мельниках
3647|f|inan|мельница,мельницы,мельницу,мельнице,мельнице|мельницы,мельниц,мельницы,мельницам,мельницах
3650|f|inan|солома,соломы,солому,соломе,соломе|соломы,солом,соломы,соломам,соломах
3651|f|inan|стройка,стройки,стройку,стройке,стройке|стройки,строек,стройки,стройкам,стройках
3653|m|anim|строитель,строителя,строителя,строителю,строителе|строители,строителей,строителей,строителям,строителях
3654|m|inan|проект,проекта,проект,проекту,проекте|проекты,проектов,проекты,проектам,проектах
3655|m|anim|архитектор,архитектора,архитектора,архитектору,архитекторе|архитекторы,архитекторов,архитекторов,архитекторам,архитекторах
3657|m|inan|фундамент,фундамента,фундамент,фундаменту,фундаменте|фундаменты,фундаментов,фундаменты,фундаментам,фундаментах
3659|f|inan|свая,сваи,сваю,свае,свае|сваи,свай,сваи,сваям,сваях
3661|f|inan|арматура,арматуры,арматуру,арматуре,арматуре|арматуры,арматур,арматуры,арматурам,арматурах
3664|m|inan|гранит,гранита,гранит,граниту,граните|граниты,гранитов,граниты,гранитам,гранитах
3668|m|inan|цемент,цемента,цемент,цементу,цементе|цементы,цементов,цементы,цементам,цементах
3669|f|inan|штукатурка,штукатурки,штукатурку,штукатурке,штукатурке|штукатурки,штукатурок,штукатурки,штукатуркам,штукатурках
3674|m|inan|строительный кран,строительного крана,строительный кран,строительному крану,строительном кране|строительные краны,строительных кранов,строительные краны,строительным кранам,строительных кранах
3677|m|inan|бульдозер,бульдозера,бульдозер,бульдозеру,бульдозере|бульдозеры,бульдозеров,бульдозеры,бульдозерам,бульдозерах
3678|m|inan|экскаватор,экскаватора,экскаватор,экскаватору,экскаваторе|экскаваторы,экскаваторов,экскаваторы,экскаваторам,экскаваторах
3679|m|inan|ковш,ковша,ковш,ковшу,ковше|ковши,ковшей,ковши,ковшам,ковшах
3686|f|inan|аксиома,аксиомы,аксиому,аксиоме,аксиоме|аксиомы,аксиом,аксиомы,аксиомам,аксиомах
3689|m|inan|аргумент,аргумента,аргумент,аргументу,аргументе|аргументы,аргументов,аргументы,аргументам,аргументах
3690|n|inan|вещество,вещества,вещество,веществу,веществе|вещества,веществ,вещества,веществам,веществах
3691|f|inan|гипотеза,гипотезы,гипотезу,гипотезе,гипотезе|гипотезы,гипотез,гипотезы,гипотезам,гипотезах
3692|f|inan|дилемма,дилеммы,дилемму,дилемме,дилемме|дилеммы,дилемм,дилеммы,дилеммам,дилеммах
3693|f|inan|диссертация,диссертации,диссертацию,диссертации,диссертации|диссертации,диссертаций,диссертации,диссертациям,диссертациях
3694|f|inan|догма,догмы,догму,догме,догме|догмы,догм,догмы,догмам,догмах
3695|f|inan|доктрина,доктрины,доктрину,доктрине,доктрине|доктрины,доктрин,доктрины,доктринам,доктринах
3700|m|inan|метод,метода,метод,методу,методе|методы,методов,методы,методам,методах
3701|f|inan|молекула,молекулы,молекулу,молекуле,молекуле|молекулы,молекул,молекулы,молекулам,молекулах
3702|m|inan|мониторинг,мониторинга,мониторинг,мониторингу,мониторинге|мониторинги,мониторингов,мониторинги,мониторингам,мониторингах
3703|n|inan|открытие,открытия,открытие,открытию,открытии|открытия,открытий,открытия,открытиям,открытиях
3704|m|inan|постулат,постулата,постулат,постулату,постулате|постулаты,постулатов,постулаты,постулатам,постулатах
3708|m|inan|синтез,синтеза,синтез,синтезу,синтезе|синтезы,синтезов,синтезы,синтезам,синтезах
3710|f|inan|теорема,теоремы,теорему,теореме,теореме|теоремы,теорем,теоремы,теоремам,теоремах
3711|n|inan|учение,учения,учение,учению,учении|учения,учений,учения,учениям,учениях
3713|f|inan|экспедиция,экспедиции,экспедицию,экспедиции,экспедиции|экспедиции,экспедиций,экспедиции,экспедициям,экспедициях
3714|m|inan|эксперимент,эксперимента,эксперимент,эксперименту,эксперименте|эксперименты,экспериментов,эксперименты,экспериментам,экспериментах
3715|m|anim|академик,академика,академика,академику,академике|академики,академиков,академиков,академикам,академиках
3716|m|anim|бакалавр,бакалавра,бакалавра,бакалавру,бакалавре|бакалавры,бакалавров,бакалавров,бакалаврам,бакалаврах
3717|m|anim|доктор,доктора,доктора,доктору,докторе|доктора,докторов,докторов,докторам,докторах
3718|m|anim|доцент,доцента,доцента,доценту,доценте|доценты,доцентов,доцентов,доцентам,доцентах
3719|m|anim|магистр,магистра,магистра,магистру,магистре|магистры,магистров,магистров,магистрам,магистрах
3721|f|inan|работа,работы,работу,работе,работе|работы,работ,работы,работам,работах
3722|m|inan|кадры,кадров,кадры,кадрам,кадрах|кадры,кадров,кадры,кадрам,кадрах
3723|f|inan|карьера,карьеры,карьеру,карьере,карьере|карьеры,карьер,карьеры,карьерам,карьерах
3724|f|inan|перспективы,перспектив,перспективы,перспективам,перспективах|перспективы,перспектив,перспективы,перспективам,перспективах
3725|n|inan|мастерство,мастерства,мастерство,мастерству,мастерстве|мастерства,мастерств,мастерства,мастерствам,мастерствах
3726|m|inan|подбор,подбора,подбор,подбору,подборе|подборы,подборов,подборы,подборам,подборах
3729|n|inan|собеседование,собеседования,собеседование,собеседованию,собеседовании|собеседования,собеседований,собеседования,собеседованиям,собеседованиях
3732|m|inan|оклад,оклада,оклад,окладу,окладе|оклады,окладов,оклады,окладам,окладах
3733|f|inan|оплата,оплаты,оплату,оплате,оплате|оплаты,оплат,оплаты,оплатам,оплатах
3734|f|inan|должность,должности,должность,должности,должности|должности,должностей,должности,должностям,должностях
3735|f|inan|обязанность,обязанности,обязанность,обязанности,обязанности|обязанности,обязанностей,обязанности,обязанностям,обязанностях
3740|f|inan|безработица,безработицы,безработицу,безработице,безработице|безработицы,безработиц,безработицы,безработицам,безработицах
3741|m|anim|безработный,безработного,безработного,безработному,безработном|безработные,безработных,безработных,безработным,безработных
3742|f|inan|пенсия,пенсии,пенсию,пенсии,пенсии|пенсии,пенсий,пенсии,пенсиям,пенсиях
3746|m|anim|руководитель,руководителя,руководителя,руководителю,руководителе|руководители,руководителей,руководителей,руководителям,руководителях
3749|m|anim|президент,президента,президента,президенту,президенте|президенты,президентов,президентов,президентам,президентах
3750|m|anim|председатель,председателя,председателя,председателю,председателе|председатели,председателей,председателей,председателям,председателях
3751|m|anim|заместитель,заместителя,заместителя,заместителю,заместителе|заместители,заместителей,заместителей,заместителям,заместителях
3752|m|anim|помощник,помощника,помощника,помощнику,помощнике|помощники,помощников,помощников,помощникам,помощниках
3755|m|anim|бизнесмен,бизнесмена,бизнесмена,бизнесмену,бизнесмене|бизнесмены,бизнесменов,бизнесменов,бизнесменам,бизнесменах
3756|m|anim|предприниматель,предпринимателя,предпринимателя,предпринимателю,предпринимателе|предприниматели,предпринимателей,предпринимателей,предпринимателям,предпринимателях
3757|m|anim|основатель,основателя,основателя,основателю,основателе|основатели,основателей,основателей,основателям,основателях
3759|m|anim|учредитель,учредителя,учредителя,учредителю,учредителе|учредители,учредителей,учредителей,учредителям,учредителях
3761|m|anim|акционер,акционера,акционера,акционеру,акционере|акционеры,акционеров,акционеров,акционерам,акционерах
3762|m|anim|миллионер,миллионера,миллионера,миллионеру,миллионере|миллионеры,миллионеров,миллионеров,миллионерам,миллионерах
3763|m|anim|миллиардер,миллиардера,миллиардера,миллиардеру,миллиардере|миллиардеры,миллиардеров,миллиардеров,миллиардерам,миллиардерах
3764|m|anim|владелец,владельца,владельца,владельцу,владельце|владельцы,владельцев,владельцев,владельцам,владельцах
3766|m|anim|клиент,клиента,клиента,клиенту,клиенте|клиенты,клиентов,клиентов,клиентам,клиентах
3768|m|anim|покупатель,покупателя,покупателя,покупателю,покупателе|покупатели,покупателей,покупателей,покупателям,покупателях
3769|m|anim|посетитель,посетителя,посетителя,посетителю,посетителе|посетители,посетителей,посетителей,посетителям,посетителях
3770|m|anim|профессионал,профессионала,профессионала,профессионалу,профессионале|профессионалы,профессионалов,профессионалов,профессионалам,профессионалах
3771|m|anim|эксперт,эксперта,эксперта,эксперту,эксперте|эксперты,экспертов,экспертов,экспертам,экспертах
3772|m|anim|специалист,специалиста,специалиста,специалисту,специалисте|специалисты,специалистов,специалистов,специалистам,специалистах
3773|m|anim|банкир,банкира,банкира,банкиру,банкире|банкиры,банкиров,банкиров,банкирам,банкирах
3774|m|anim|брокер,брокера,брокера,брокеру,брокере|брокеры,брокеров,брокеров,брокерам,брокерах
3778|m|anim|инвестор,инвестора,инвестора,инвестору,инвесторе|инвесторы,инвесторов,инвесторов,инвесторам,инвесторах
3780|m|anim|кредитор,кредитора,кредитора,кредитору,кредиторе|кредиторы,кредиторов,кредиторов,кредиторам,кредиторах
3786|m|anim|посредник,посредника,посредника,посреднику,посреднике|посредники,посредников,посредников,посредникам,посредниках
3788|m|anim|представитель,представителя,представителя,представителю,представителе|представители,представителей,представителей,представителям,представителях
3789|m|anim|агент,агента,агента,агенту,агенте|агенты,агентов,агентов,агентам,агентах
3791|m|anim|повар,повара,повара,повару,поваре|повара,поваров,поваров,поварам,поварах
3797|m|anim|адвокат,адвоката,адвоката,адвокату,адвокате|адвокаты,адвокатов,адвокатов,адвокатам,адвокатах
3799|m|anim|нотариус,нотариуса,нотариуса,нотариусу,нотариусе|нотариусы,нотариусов,нотариусов,нотариусам,нотариусах
3800|m|anim|электрик,электрика,электрика,электрику,электрике|электрики,электриков,электриков,электрикам,электриках
3801|m|anim|сантехник,сантехника,сантехника,сантехнику,сантехнике|сантехники,сантехников,сантехников,сантехникам,сантехниках
3802|m|anim|плотник,плотника,плотника,плотнику,плотнике|плотники,плотников,плотников,плотникам,плотниках
3803|m|anim|массажист,массажиста,массажиста,массажисту,массажисте|массажисты,массажистов,массажистов,массажистам,массажистах
3807|m|anim|шофёр,шофёра,шофёра,шофёру,шофёре|шофёры,шофёров,шофёров,шофёрам,шофёрах
3808|m|anim|курьер,курьера,курьера,курьеру,курьере|курьеры,курьеров,курьеров,курьерам,курьерах
3809|f|anim|горничная,горничной,горничную,горничной,горничной|горничные,горничных,горничных,горничным,горничных
3810|m|anim|охранник,охранника,охранника,охраннику,охраннике|охранники,охранников,охранников,охранникам,охранниках
3811|f|anim|стюардесса,стюардессы,стюардессу,стюардессе,стюардессе|стюардессы,стюардесс,стюардесс,стюардессам,стюардессах
3812|m|anim|учитель,учителя,учителя,учителю,учителе|учителя,учителей,учителей,учителям,учителях
3813|m|anim|библиотекарь,библиотекаря,библиотекаря,библиотекарю,библиотекаре|библиотекари,библиотекарей,библиотекарей,библиотекарям,библиотекарях
3814|m|anim|переводчик,переводчика,переводчика,переводчику,переводчике|переводчики,переводчиков,переводчиков,переводчикам,переводчиках
3815|m|anim|переводчик,переводчика,переводчика,переводчику,переводчике|переводчики,переводчиков,переводчиков,переводчикам,переводчиках
3816|m|anim|гид,гида,гида,гиду,гиде|гиды,гидов,гидов,гидам,гидах
3817|m|anim|парикмахер,парикмахера,парикмахера,парикмахеру,парикмахере|парикмахеры,парикмахеров,парикмахеров,парикмахерам,парикмахерах
3818|m|anim|почтальон,почтальона,почтальона,почтальону,почтальоне|почтальоны,почтальонов,почтальонов,почтальонам,почтальонах
3820|m|anim|садовник,садовника,садовника,садовнику,садовнике|садовники,садовников,садовников,садовникам,садовниках
3821|m|anim|слуга,слуги,слугу,слуге,слуге|слуги,слуг,слуг,слугам,слугах
3823|f|anim|уборщица,уборщицы,уборщицу,уборщице,уборщице|уборщицы,уборщиц,уборщиц,уборщицам,уборщицах
3831|m|anim|маршал,маршала,маршала,маршалу,маршале|маршалы,маршалов,маршалов,маршалам,маршалах
3832|m|anim|адмирал,адмирала,адмирала,адмиралу,адмирале|адмиралы,адмиралов,адмиралов,адмиралам,адмиралах
3833|m|anim|военный,военного,военного,военному,военном|военные,военных,военных,военным,военных
3834|m|anim|солдат,солдата,солдата,солдату,солдате|солдаты,солдат,солдат,солдатам,солдатах
3836|m|anim|командир,командира,командира,командиру,командире|командиры,командиров,командиров,командирам,командирах
3837|m|anim|пограничник,пограничника,пограничника,пограничнику,пограничнике|пограничники,пограничников,пограничников,пограничникам,пограничниках
3838|m|anim|радист,радиста,радиста,радисту,радисте|радисты,радистов,радистов,радистам,радистах
3840|m|anim|сапёр,сапёра,сапёра,сапёру,сапёре|сапёры,сапёров,сапёров,сапёрам,сапёрах
3841|m|anim|стрелок,стрелка,стрелка,стрелку,стрелке|стрелки,стрелков,стрелков,стрелкам,стрелках
3842|m|anim|штурман,штурмана,штурмана,штурману,штурмане|штурманы,штурманов,штурманов,штурманам,штурманах
3844|f|anim|королева,королевы,королеву,королеве,королеве|королевы,королев,королев,королевам,королевах
3845|m|anim|принц,принца,принца,принцу,принце|принцы,принцев,принцев,принцам,принцах
3846|f|anim|принцесса,принцессы,принцессу,принцессе,принцессе|принцессы,принцесс,принцесс,принцессам,принцессах
3847|m|anim|царь,царя,царя,царю,царе|цари,царей,царей,царям,царях
3848|f|anim|царица,царицы,царицу,царице,царице|царицы,цариц,цариц,царицам,царицах
3850|m|anim|министр,министра,министра,министру,министре|министры,министров,министров,министрам,министрах
3852|m|anim|сенатор,сенатора,сенатора,сенатору,сенаторе|сенаторы,сенаторов,сенаторов,сенаторам,сенаторах
3853|m|anim|дипломат,дипломата,дипломата,дипломату,дипломате|дипломаты,дипломатов,дипломатов,дипломатам,дипломатах
3854|m|anim|консул,консула,консула,консулу,консуле|консулы,консулов,консулов,консулам,консулах
3855|m|anim|посол,посла,посла,послу,после|послы,послов,послов,послам,послах
3856|m|anim|советник,советника,советника,советнику,советнике|советники,советников,советников,советникам,советниках
3857|m|anim|чиновник,чиновника,чиновника,чиновнику,чиновнике|чиновники,чиновников,чиновников,чиновникам,чиновниках
3858|m|anim|префект,префекта,префекта,префекту,префекте|префекты,префектов,префектов,префектам,префектах
3859|m|anim|мэр,мэра,мэра,мэру,мэре|мэры,мэров,мэров,мэрам,мэрах
3860|m|anim|судья,судьи,судью,судье,судье|судьи,судей,судей,судьям,судьях
3861|m|anim|прокурор,прокурора,прокурора,прокурору,прокуроре|прокуроры,прокуроров,прокуроров,прокурорам,прокурорах
3862|m|anim|миссионер,миссионера,миссионера,миссионеру,миссионере|миссионеры,миссионеров,миссионеров,миссионерам,миссионерах
3863|m|anim|монах,монаха,монаха,монаху,монахе|монахи,монахов,монахов,монахам,монахах
3864|m|anim|аббат,аббата,аббата,аббату,аббате|аббаты,аббатов,аббатов,аббатам,аббатах
3865|m|anim|раввин,раввина,раввина,раввину,раввине|раввины,раввинов,раввинов,раввинам,раввинах
3866|m|anim|визирь,визиря,визиря,визирю,визире|визири,визирей,визирей,визирям,визирях
3868|m|anim|шейх,шейха,шейха,шейху,шейхе|шейхи,шейхов,шейхов,шейхам,шейхах
3869|m|anim|пчеловод,пчеловода,пчеловода,пчеловоду,пчеловоде|пчеловоды,пчеловодов,пчеловодов,пчеловодам,пчеловодах
3870|m|anim|пастух,пастуха,пастуха,пастуху,пастухе|пастухи,пастухов,пастухов,пастухам,пастухах
3871|m|anim|агроном,агронома,агронома,агроному,агрономе|агрономы,агрономов,агрономов,агрономам,агрономах
3872|m|anim|животновод,животновода,животновода,животноводу,животноводе|животноводы,животноводов,животноводов,животноводам,животноводах
3873|m|anim|ветеринар,ветеринара,ветеринара,ветеринару,ветеринаре|ветеринары,ветеринаров,ветеринаров,ветеринарам,ветеринарах
3875|m|anim|винодел,винодела,винодела,виноделу,виноделе|виноделы,виноделов,виноделов,виноделам,виноделах
3876|m|anim|зоолог,зоолога,зоолога,зоологу,зоологе|зоологи,зоологов,зоологов,зоологам,зоологах
3877|m|anim|ковбой,ковбоя,ковбоя,ковбою,ковбое|ковбои,ковбоев,ковбоев,ковбоям,ковбоях
3880|m|anim|певец,певца,певца,певцу,певце|певцы,певцов,певцов,певцам,певцах
3881|f|anim|певица,певицы,певицу,певице,певице|певицы,певиц,певиц,певицам,певицах
3882|m|anim|танцор,танцора,танцора,танцору,танцоре|танцоры,танцоров,танцоров,танцорам,танцорах
3883|f|anim|танцовщица,танцовщицы,танцовщицу,танцовщице,танцовщице|танцовщицы,танцовщиц,танцовщиц,танцовщицам,танцовщицах
3884|m|anim|артист,артиста,артиста,артисту,артисте|артисты,артистов,артистов,артистам,артистах
3885|f|anim|артистка,артистки,артистку,артистке,артистке|артистки,артисток,артисток,артисткам,артистках
3887|m|anim|пианист,пианиста,пианиста,пианисту,пианисте|пианисты,пианистов,пианистов,пианистам,пианистах
3888|m|anim|гитарист,гитариста,гитариста,гитаристу,гитаристе|гитаристы,гитаристов,гитаристов,гитаристам,гитаристах
3889|m|anim|дирижёр,дирижёра,дирижёра,дирижёру,дирижёре|дирижёры,дирижёров,дирижёров,дирижёрам,дирижёрах
3890|m|anim|композитор,композитора,композитора,композитору,композиторе|композиторы,композиторов,композиторов,композиторам,композиторах
3891|m|anim|импресарио,импресарио,импресарио,импресарио,импресарио|импресарио,импресарио,импресарио,импресарио,импресарио
3892|m|anim|режиссёр,режиссёра,режиссёра,режиссёру,режиссёре|режиссёры,режиссёров,режиссёров,режиссёрам,режиссёрах
3893|m|anim|продюсер,продюсера,продюсера,продюсеру,продюсере|продюсеры,продюсеров,продюсеров,продюсерам,продюсерах
3894|m|anim|сценарист,сценариста,сценариста,сценаристу,сценаристе|сценаристы,сценаристов,сценаристов,сценаристам,сценаристах
3895|m|anim|критик,критика,критика,критику,критике|критики,критиков,критиков,критикам,критиках
3897|m|anim|поэт,поэта,поэта,поэту,поэте|поэты,поэтов,поэтов,поэтам,поэтах
3898|m|anim|скульптор,скульптора,скульптора,скульптору,скульпторе|скульпторы,скульпторов,скульпторов,скульпторам,скульпторах
3899|m|anim|художник,художника,художника,художнику,художнике|художники,художников,художников,художникам,художниках
3900|m|anim|жонглёр,жонглёра,жонглёра,жонглёру,жонглёре|жонглёры,жонглёров,жонглёров,жонглёрам,жонглёрах
3901|m|anim|клоун,клоуна,клоуна,клоуну,клоуне|клоуны,клоунов,клоунов,клоунам,клоунах
3902|m|anim|акробат,акробата,акробата,акробату,акробате|акробаты,акробатов,акробатов,акробатам,акробатах
3903|m|anim|фокусник,фокусника,фокусника,фокуснику,фокуснике|фокусники,фокусников,фокусников,фокусникам,фокусниках
3907|m|anim|стоматолог,стоматолога,стоматолога,стоматологу,стоматологе|стоматологи,стоматологов,стоматологов,стоматологам,стоматологах
3909|m|anim|астронавт,астронавта,астронавта,астронавту,астронавте|астронавты,астронавтов,астронавтов,астронавтам,астронавтах
3910|m|anim|астроном,астронома,астронома,астроному,астрономе|астрономы,астрономов,астрономов,астрономам,астрономах
3911|m|anim|лётчик,лётчика,лётчика,лётчику,лётчике|лётчики,лётчиков,лётчиков,лётчикам,лётчиках
3912|m|anim|водитель,водителя,водителя,водителю,водителе|водители,водителей,водителей,водителям,водителях
3913|m|anim|машинист,машиниста,машиниста,машинисту,машинисте|машинисты,машинистов,машинистов,машинистам,машинистах
3914|m|anim|механик,механика,механика,механику,механике|механики,механиков,механиков,механикам,механиках
3915|m|anim|шахтёр,шахтёра,шахтёра,шахтёру,шахтёре|шахтёры,шахтёров,шахтёров,шахтёрам,шахтёрах
3917|m|anim|слесарь,слесаря,слесаря,слесарю,слесаре|слесари,слесарей,слесарей,слесарям,слесарях
3918|m|anim|столяр,столяра,столяра,столяру,столяре|столяры,столяров,столяров,столярам,столярах
3919|m|anim|токарь,токаря,токаря,токарю,токаре|токари,токарей,токарей,токарям,токарях
3921|m|anim|сварщик,сварщика,сварщика,сварщику,сварщике|сварщики,сварщиков,сварщиков,сварщикам,сварщиках
3922|m|anim|профессор,профессора,профессора,профессору,профессоре|профессора,профессоров,профессоров,профессорам,профессорах
3924|m|anim|историк,историка,историка,историку,историке|историки,историков,историков,историкам,историках
3925|m|anim|учёный,учёного,учёного,учёному,учёном|учёные,учёных,учёных,учёным,учёных
3926|m|anim|физик,физика,физика,физику,физике|физики,физиков,физиков,физикам,физиках
3927|m|anim|химик,химика,химика,химику,химике|химики,химиков,химиков,химикам,химиках
3928|m|anim|археолог,археолога,археолога,археологу,археологе|археологи,археологов,археологов,археологам,археологах
3929|m|anim|геолог,геолога,геолога,геологу,геологе|геологи,геологов,геологов,геологам,геологах
3930|m|anim|исследователь,исследователя,исследователя,исследователю,исследователе|исследователи,исследователей,исследователей,исследователям,исследователях
3932|m|anim|учитель,учителя,учителя,учителю,учителе|учителя,учителей,учителей,учителям,учителях
3936|f|anim|машинистка,машинистки,машинистку,машинистке,машинистке|машинистки,машинисток,машинисток,машинисткам,машинистках
3937|m|anim|дизайнер,дизайнера,дизайнера,дизайнеру,дизайнере|дизайнеры,дизайнеров,дизайнеров,дизайнерам,дизайнерах
3938|m|anim|компьютерщик,компьютерщика,компьютерщика,компьютерщику,компьютерщике|компьютерщики,компьютерщиков,компьютерщиков,компьютерщикам,компьютерщиках
3940|m|anim|инженер,инженера,инженера,инженеру,инженере|инженеры,инженеров,инженеров,инженерам,инженерах
3941|m|anim|моряк,моряка,моряка,моряку,моряке|моряки,моряков,моряков,морякам,моряках
3942|m|anim|матрос,матроса,матроса,матросу,матросе|матросы,матросов,матросов,матросам,матросах
3946|m|anim|сторож,сторожа,сторожа,сторожу,стороже|сторожа,сторожей,сторожей,сторожам,сторожах
3947|m|anim|сыщик,сыщика,сыщика,сыщику,сыщике|сыщики,сыщиков,сыщиков,сыщикам,сыщиках
3950|m|anim|охранник,охранника,охранника,охраннику,охраннике|охранники,охранников,охранников,охранникам,охранниках
3951|m|anim|инспектор,инспектора,инспектора,инспектору,инспекторе|инспектора,инспекторов,инспекторов,инспекторам,инспекторах
3954|m|anim|мясник,мясника,мясника,мяснику,мяснике|мясники,мясников,мясников,мясникам,мясниках
3956|m|anim|коммерсант,коммерсанта,коммерсанта,коммерсанту,коммерсанте|коммерсанты,коммерсантов,коммерсантов,коммерсантам,коммерсантах
3957|m|anim|грузчик,грузчика,грузчика,грузчику,грузчике|грузчики,грузчиков,грузчиков,грузчикам,грузчиках
3959|f|anim|модель,модели,модель,модели,модели|модели,моделей,моделей,моделям,моделях
3961|m|anim|студент,студента,студента,студенту,студенте|студенты,студентов,студентов,студентам,студентах
3962|m|anim|философ,философа,философа,философу,философе|философы,философов,философов,философам,философах
3963|m|anim|экономист,экономиста,экономиста,экономисту,экономисте|экономисты,экономистов,экономистов,экономистам,экономистах
3964|m|anim|изобретатель,изобретателя,изобретателя,изобретателю,изобретателе|изобретатели,изобретателей,изобретателей,изобретателям,изобретателях
3967|m|anim|шпион,шпиона,шпиона,шпиону,шпионе|шпионы,шпионов,шпионов,шпионам,шпионах
3968|m|anim|заключённый,заключённого,заключённого,заключённому,заключённом|заключённые,заключённых,заключённых,заключённым,заключённых
3970|m|anim|бюрократ,бюрократа,бюрократа,бюрократу,бюрократе|бюрократы,бюрократов,бюрократов,бюрократам,бюрократах
3971|m|anim|путешественник,путешественника,путешественника,путешественнику,путешественнике|путешественники,путешественников,путешественников,путешественникам,путешественниках
3972|m|anim|гомосексуалист,гомосексуалиста,гомосексуалиста,гомосексуалисту,гомосексуалисте|гомосексуалисты,гомосексуалистов,гомосексуалистов,гомосексуалистам,гомосексуалистах
3973|m|anim|хакер,хакера,хакера,хакеру,хакере|хакеры,хакеров,хакеров,хакерам,хакерах
3974|m|anim|хиппи,хиппи,хиппи,хиппи,хиппи|хиппи,хиппи,хиппи,хиппи,хиппи
3975|m|anim|бандит,бандита,бандита,бандиту,бандите|бандиты,бандитов,бандитов,бандитам,бандитах
3979|f|anim|проститутка,проститутки,проститутку,проститутке,проститутке|проститутки,проституток,проституток,проституткам,проститутках
3980|m|anim|сутенёр,сутенёра,сутенёра,сутенёру,сутенёре|сутенёры,сутенёров,сутенёров,сутенёрам,сутенёрах
3981|m|anim|колдун,колдуна,колдуна,колдуну,колдуне|колдуны,колдунов,колдунов,колдунам,колдунах
3984|m|anim|раб,раба,раба,рабу,рабе|рабы,рабов,рабов,рабам,рабах
3985|m|anim|самурай,самурая,самурая,самураю,самурае|самураи,самураев,самураев,самураям,самураях
3987|m|anim|спортсмен,спортсмена,спортсмена,спортсмену,спортсмене|спортсмены,спортсменов,спортсменов,спортсменам,спортсменах
3989|m|inan|баскетбол,баскетбола,баскетбол,баскетболу,баскетболе|баскетболы,баскетболов,баскетболы,баскетболам,баскетболах
3990|m|anim|баскетболист,баскетболиста,баскетболиста,баскетболисту,баскетболисте|баскетболисты,баскетболистов,баскетболистов,баскетболистам,баскетболистах
3991|m|inan|бейсбол,бейсбола,бейсбол,бейсболу,бейсболе|бейсболы,бейсболов,бейсболы,бейсболам,бейсболах
3992|m|anim|бейсболист,бейсболиста,бейсболиста,бейсболисту,бейсболисте|бейсболисты,бейсболистов,бейсболистов,бейсболистам,бейсболистах
3993|m|inan|футбол,футбола,футбол,футболу,футболе|футболы,футболов,футболы,футболам,футболах
3994|m|anim|футболист,футболиста,футболиста,футболисту,футболисте|футболисты,футболистов,футболистов,футболистам,футболистах
3995|m|anim|вратарь,вратаря,вратаря,вратарю,вратаре|вратари,вратарей,вратарей,вратарям,вратарях
3996|m|inan|хоккей,хоккея,хоккей,хоккею,хоккее|хоккеи,хоккеев,хоккеи,хоккеям,хоккеях
3997|m|anim|хоккеист,хоккеиста,хоккеиста,хоккеисту,хоккеисте|хоккеисты,хоккеистов,хоккеистов,хоккеистам,хоккеистах
3998|m|inan|волейбол,волейбола,волейбол,волейболу,волейболе|волейболы,волейболов,волейболы,волейболам,волейболах
3999|m|anim|волейболист,волейболиста,волейболиста,волейболисту,волейболисте|волейболисты,волейболистов,волейболистов,волейболистам,волейболистах
4000|m|inan|бокс,бокса,бокс,боксу,боксе|боксы,боксов,боксы,боксам,боксах
4001|m|anim|боксёр,боксёра,боксёра,боксёру,боксёре|боксёры,боксёров,боксёров,боксёрам,боксёрах
4002|f|inan|борьба,борьбы,борьбу,борьбе,борьбе|борьба,борьбы,борьбу,борьбе,борьбе
4003|m|anim|борец,борца,борца,борцу,борце|борцы,борцов,борцов,борцам,борцах
4004|n|inan|карате,карате,карате,карате,карате|карате,карате,карате,карате,карате
4005|m|anim|каратист,каратиста,каратиста,каратисту,каратисте|каратисты,каратистов,каратистов,каратистам,каратистах
4006|n|inan|дзюдо,дзюдо,дзюдо,дзюдо,дзюдо|дзюдо,дзюдо,дзюдо,дзюдо,дзюдо
4007|m|anim|дзюдоист,дзюдоиста,дзюдоиста,дзюдоисту,дзюдоисте|дзюдоисты,дзюдоистов,дзюдоистов,дзюдоистам,дзюдоистах
4008|m|inan|теннис,тенниса,теннис,теннису,теннисе|теннисы,теннисов,теннисы,теннисам,теннисах
4009|m|anim|теннисист,теннисиста,теннисиста,теннисисту,теннисисте|теннисисты,теннисистов,теннисистов,теннисистам,теннисистах
4010|n|inan|плавание,плавания,плавание,плаванию,плавании|плавания,плаваний,плавания,плаваниям,плаваниях
4011|m|anim|пловец,пловца,пловца,пловцу,пловце|пловцы,пловцов,пловцов,пловцам,пловцах
4012|n|inan|фехтование,фехтования,фехтование,фехтованию,фехтовании|фехтования,фехтований,фехтования,фехтованиям,фехтованиях
4013|m|anim|фехтовальщик,фехтовальщика,фехтовальщика,фехтовальщику,фехтовальщике|фехтовальщики,фехтовальщиков,фехтовальщиков,фехтовальщикам,фехтовальщиках
4014|m|inan|шахматы,шахмат,шахматы,шахматам,шахматах|шахматы,шахмат,шахматы,шахматам,шахматах
4015|m|anim|шахматист,шахматиста,шахматиста,шахматисту,шахматисте|шахматисты,шахматистов,шахматистов,шахматистам,шахматистах
4016|m|inan|альпинизм,альпинизма,альпинизм,альпинизму,альпинизме|альпинизмы,альпинизмов,альпинизмы,альпинизмам,альпинизмах
4017|m|anim|альпинист,альпиниста,альпиниста,альпинисту,альпинисте|альпинисты,альпинистов,альпинистов,альпинистам,альпинистах
4018|m|inan|бег,бега,бег,бегу,беге|беги,бегов,беги,бегам,бегах
4019|m|anim|бегун,бегуна,бегуна,бегуну,бегуне|бегуны,бегунов,бегунов,бегунам,бегунах
4021|m|anim|атлет,атлета,атлета,атлету,атлете|атлеты,атлетов,атлетов,атлетам,атлетах
4023|m|anim|наездник,наездника,наездника,наезднику,наезднике|наездники,наездников,наездников,наездникам,наездниках
4025|m|anim|фигурист,фигуриста,фигуриста,фигуристу,фигуристе|фигуристы,фигуристов,фигуристов,фигуристам,фигуристах
4026|f|anim|фигуристка,фигуристки,фигуристку,фигуристке,фигуристке|фигуристки,фигуристок,фигуристок,фигуристкам,фигуристках
4029|m|anim|гонщик,гонщика,гонщика,гонщику,гонщике|гонщики,гонщиков,гонщиков,гонщикам,гонщиках
4031|m|anim|велосипедист,велосипедиста,велосипедиста,велосипедисту,велосипедисте|велосипедисты,велосипедистов,велосипедистов,велосипедистам,велосипедистах
4034|m|anim|прыгун,прыгуна,прыгуна,прыгуну,прыгуне|прыгуны,прыгунов,прыгунов,прыгунам,прыгунах
4036|m|inan|бадминтон,бадминтона,бадминтон,бадминтону,бадминтоне|бадминтоны,бадминтонов,бадминтоны,бадминтонам,бадминтонах
4037|m|inan|биатлон,биатлона,биатлон,биатлону,биатлоне|биатлоны,биатлонов,биатлоны,биатлонам,биатлонах
4038|m|inan|бильярд,бильярда,бильярд,бильярду,бильярде|бильярды,бильярдов,бильярды,бильярдам,бильярдах
4039|m|inan|бобслей,бобслея,бобслей,бобслею,бобслее|бобслеи,бобслеев,бобслеи,бобслеям,бобслеях
4040|m|inan|бодибилдинг,бодибилдинга,бодибилдинг,бодибилдингу,бодибилдинге|бодибилдинги,бодибилдингов,бодибилдинги,бодибилдингам,бодибилдингах
4042|m|inan|гандбол,гандбола,гандбол,гандболу,гандболе|гандболы,гандболов,гандболы,гандболам,гандболах
4043|m|inan|гольф,гольфа,гольф,гольфу,гольфе|гольфы,гольфов,гольфы,гольфам,гольфах
4045|m|inan|дайвинг,дайвинга,дайвинг,дайвингу,дайвинге|дайвинги,дайвингов,дайвинги,дайвингам,дайвингах
4049|n|inan|ралли,ралли,ралли,ралли,ралли|ралли,ралли,ралли,ралли,ралли
4050|n|inan|регби,регби,регби,регби,регби|регби,регби,регби,регби,регби
4051|m|inan|сноуборд,сноуборда,сноуборд,сноуборду,сноуборде|сноуборды,сноубордов,сноуборды,сноубордам,сноубордах
4053|f|inan|штанга,штанги,штангу,штанге,штанге|штанги,штанг,штанги,штангам,штангах
4055|m|inan|тренажёр,тренажёра,тренажёр,тренажёру,тренажёре|тренажёры,тренажёров,тренажёры,тренажёрам,тренажёрах
4056|m|inan|велотренажёр,велотренажёра,велотренажёр,велотренажёру,велотренажёре|велотренажёры,велотренажёров,велотренажёры,велотренажёрам,велотренажёрах
4058|f|inan|перекладина,перекладины,перекладину,перекладине,перекладине|перекладины,перекладин,перекладины,перекладинам,перекладинах
4060|m|anim|конь,коня,коня,коню,коне|кони,коней,коней,коням,конях
4061|m|inan|мат,мата,мат,мату,мате|маты,матов,маты,матам,матах
4062|f|inan|скакалка,скакалки,скакалку,скакалке,скакалке|скакалки,скакалок,скакалки,скакалкам,скакалках
4063|f|inan|аэробика,аэробики,аэробику,аэробике,аэробике|аэробики,аэробик,аэробики,аэробикам,аэробиках
4064|f|inan|йога,йоги,йогу,йоге,йоге|йоги,йог,йоги,йогам,йогах
4069|f|inan|шайба,шайбы,шайбу,шайбе,шайбе|шайбы,шайб,шайбы,шайбам,шайбах
4070|f|inan|клюшка,клюшки,клюшку,клюшке,клюшке|клюшки,клюшек,клюшки,клюшкам,клюшках
4071|m|inan|коньки,коньков,коньки,конькам,коньках|коньки,коньков,коньки,конькам,коньках
4072|m|inan|борт,борта,борт,борту,борте|борта,бортов,борта,бортам,бортах
4073|m|inan|бросок,броска,бросок,броску,броске|броски,бросков,броски,броскам,бросках
4077|m|inan|период,периода,период,периоду,периоде|периоды,периодов,периоды,периодам,периодах
4085|m|anim|тренер,тренера,тренера,тренеру,тренере|тренеры,тренеров,тренеров,тренерам,тренерах
4087|f|inan|команда,команды,команду,команде,команде|команды,команд,команды,командам,командах
4089|m|anim|игрок,игрока,игрока,игроку,игроке|игроки,игроков,игроков,игрокам,игроках
4091|m|anim|нападающий,нападающего,нападающего,нападающему,нападающем|нападающие,нападающих,нападающих,нападающим,нападающих
4093|m|anim|бомбардир,бомбардира,бомбардира,бомбардиру,бомбардире|бомбардиры,бомбардиров,бомбардиров,бомбардирам,бомбардирах
4094|m|anim|защитник,защитника,защитника,защитнику,защитнике|защитники,защитников,защитников,защитникам,защитниках
4096|m|inan|матч,матча,матч,матчу,матче|матчи,матчей,матчи,матчам,матчах
4098|m|inan|финал,финала,финал,финалу,финале|финалы,финалов,финалы,финалам,финалах
4100|m|inan|чемпионат,чемпионата,чемпионат,чемпионату,чемпионате|чемпионаты,чемпионатов,чемпионаты,чемпионатам,чемпионатах
4101|m|inan|тайм,тайма,тайм,тайму,тайме|таймы,таймов,таймы,таймам,таймах
4103|m|inan|перерыв,перерыва,перерыв,перерыву,перерыве|перерывы,перерывов,перерывы,перерывам,перерывах
4106|f|inan|штанга,штанги,штангу,штанге,штанге|штанги,штанг,штанги,штангам,штангах
4107|f|inan|перекладина,перекладины,перекладину,перекладине,перекладине|перекладины,перекладин,перекладины,перекладинам,перекладинах
4108|f|inan|сетка,сетки,сетку,сетке,сетке|сетки,сеток,сетки,сеткам,сетках
4110|m|inan|мяч,мяча,мяч,мячу,мяче|мячи,мячей,мячи,мячам,мячах
4112|m|inan|удар,удара,удар,удару,ударе|удары,ударов,удары,ударам,ударах
4116|f|inan|атака,атаки,атаку,атаке,атаке|атаки,атак,атаки,атакам,атаках
4118|f|inan|комбинация,комбинации,комбинацию,комбинации,комбинации|комбинации,комбинаций,комбинации,комбинациям,комбинациях
4119|m|anim|арбитр,арбитра,арбитра,арбитру,арбитре|арбитры,арбитров,арбитров,арбитрам,арбитрах
4121|m|inan|свисток,свистка,свисток,свистку,свистке|свистки,свистков,свистки,свисткам,свистках
4127|f|inan|дисквалификация,дисквалификации,дисквалификацию,дисквалификации,дисквалификации|дисквалификации,дисквалификаций,дисквалификации,дисквалификациям,дисквалификациях
4129|n|inan|пенальти,пенальти,пенальти,пенальти,пенальти|пенальти,пенальти,пенальти,пенальти,пенальти
4130|f|inan|стенка,стенки,стенку,стенке,стенке|стенки,стенок,стенки,стенкам,стенках
4132|m|inan|гол,гола,гол,голу,голе|голы,голов,голы,голам,голах
4134|f|inan|замена,замены,замену,замене,замене|замены,замен,замены,заменам,заменах
4137|f|inan|тактика,тактики,тактику,тактике,тактике|тактики,тактик,тактики,тактикам,тактиках
4138|m|inan|стадион,стадиона,стадион,стадиону,стадионе|стадионы,стадионов,стадионы,стадионам,стадионах
4139|f|inan|трибуна,трибуны,трибуну,трибуне,трибуне|трибуны,трибун,трибуны,трибунам,трибунах
4140|m|anim|фанат,фаната,фаната,фанату,фанате|фанаты,фанатов,фанатов,фанатам,фанатах
4142|n|inan|табло,табло,табло,табло,табло|табло,табло,табло,табло,табло
4143|m|inan|счёт,счёта,счёт,счёту,счёте|счета,счетов,счета,счетам,счетах
4144|n|inan|поражение,поражения,поражение,поражению,поражении|поражения,поражений,поражения,поражениям,поражениях
4146|f|inan|ничья,ничьей,ничью,ничьей,ничьей|ничьи,ничьих,ничьи,ничьим,ничьих
4148|f|inan|победа,победы,победу,победе,победе|победы,побед,победы,победам,победах
4150|m|anim|чемпион,чемпиона,чемпиона,чемпиону,чемпионе|чемпионы,чемпионов,чемпионов,чемпионам,чемпионах
4155|f|inan|трансляция,трансляции,трансляцию,трансляции,трансляции|трансляции,трансляций,трансляции,трансляциям,трансляциях
4156|f|inan|лыжи,лыж,лыжи,лыжам,лыжах|лыжи,лыж,лыжи,лыжам,лыжах
4159|m|inan|подъёмник,подъёмника,подъёмник,подъёмнику,подъёмнике|подъёмники,подъёмников,подъёмники,подъёмникам,подъёмниках
4161|m|inan|склон,склона,склон,склону,склоне|склоны,склонов,склоны,склонам,склонах
4162|m|inan|слалом,слалома,слалом,слалому,слаломе|слаломы,слаломов,слаломы,слаломам,слаломах
4166|f|inan|лунка,лунки,лунку,лунке,лунке|лунки,лунок,лунки,лункам,лунках
4170|m|inan|корт,корта,корт,корту,корте|корты,кортов,корты,кортам,кортах
4171|f|inan|подача,подачи,подачу,подаче,подаче|подачи,подач,подачи,подачам,подачах
4173|f|inan|ракетка,ракетки,ракетку,ракетке,ракетке|ракетки,ракеток,ракетки,ракеткам,ракетках
4174|f|inan|сетка,сетки,сетку,сетке,сетке|сетки,сеток,сетки,сеткам,сетках
4176|m|inan|шахматы,шахмат,шахматы,шахматам,шахматах|шахматы,шахмат,шахматы,шахматам,шахматах
4180|f|inan|фигура,фигуры,фигуру,фигуре,фигуре|фигуры,фигур,фигуры,фигурам,фигурах
4183|f|inan|пешка,пешки,пешку,пешке,пешке|пешки,пешек,пешки,пешкам,пешках
4185|m|anim|конь,коня,коня,коню,коне|кони,коней,коней,коням,конях
4186|f|inan|ладья,ладьи,ладью,ладье,ладье|ладьи,ладей,ладьи,ладьям,ладьях
4187|m|anim|ферзь,ферзя,ферзя,ферзю,ферзе|ферзи,ферзей,ферзей,ферзям,ферзях
4188|m|anim|король,короля,короля,королю,короле|короли,королей,королей,королям,королях
4189|m|inan|ход,хода,ход,ходу,ходе|ходы,ходов,ходы,ходам,ходах
4192|f|inan|рокировка,рокировки,рокировку,рокировке,рокировке|рокировки,рокировок,рокировки,рокировкам,рокировках
4193|m|inan|шах,шаха,шах,шаху,шахе|шахи,шахов,шахи,шахам,шахах
4194|m|inan|мат,мата,мат,мату,мате|маты,матов,маты,матам,матах
4196|m|anim|гроссмейстер,гроссмейстера,гроссмейстера,гроссмейстеру,гроссмейстере|гроссмейстеры,гроссмейстеров,гроссмейстеров,гроссмейстерам,гроссмейстерах
4198|f|inan|партия,партии,партию,партии,партии|партии,партий,партии,партиям,партиях
4199|f|inan|шашки,шашек,шашки,шашкам,шашках|шашки,шашек,шашки,шашкам,шашках
4201|m|inan|бой,боя,бой,бою,бое|бои,боёв,бои,боям,боях
4203|m|inan|раунд,раунда,раунд,раунду,раунде|раунды,раундов,раунды,раундам,раундах
4204|m|inan|ринг,ринга,ринг,рингу,ринге|ринги,рингов,ринги,рингам,рингах
4205|m|inan|гонг,гонга,гонг,гонгу,гонге|гонги,гонгов,гонги,гонгам,гонгах
4207|m|inan|нокдаун,нокдауна,нокдаун,нокдауну,нокдауне|нокдауны,нокдаунов,нокдауны,нокдаунам,нокдаунах
4208|m|inan|нокаут,нокаута,нокаут,нокауту,нокауте|нокауты,нокаутов,нокауты,нокаутам,нокаутах
4211|m|anim|рефери,рефери,рефери,рефери,рефери|рефери,рефери,рефери,рефери,рефери
4219|m|anim|лидер,лидера,лидера,лидеру,лидере|лидеры,лидеров,лидеров,лидерам,лидерах
4224|f|inan|медаль,медали,медаль,медали,медали|медали,медалей,медали,медалям,медалях
4225|m|inan|трофей,трофея,трофей,трофею,трофее|трофеи,трофеев,трофеи,трофеям,трофеях
4226|m|inan|кубок,кубка,кубок,кубку,кубке|кубки,кубков,кубки,кубкам,кубках
4227|m|inan|приз,приза,приз,призу,призе|призы,призов,призы,призам,призах
4229|m|inan|рекорд,рекорда,рекорд,рекорду,рекорде|рекорды,рекордов,рекорды,рекордам,рекордах
4231|m|inan|финал,финала,финал,финалу,финале|финалы,финалов,финалы,финалам,финалах
4238|m|anim|противник,противника,противника,противнику,противнике|противники,противников,противников,противникам,противниках
4239|m|inan|старт,старта,старт,старту,старте|старты,стартов,старты,стартам,стартах
4240|m|inan|финиш,финиша,финиш,финишу,финише|финиши,финишей,финиши,финишам,финишах
4241|n|inan|поражение,поражения,поражение,поражению,поражении|поражения,поражений,поражения,поражениям,поражениях
4243|m|anim|судья,судьи,судью,судье,судье|судьи,судей,судей,судьям,судьях
4244|n|inan|жюри,жюри,жюри,жюри,жюри|жюри,жюри,жюри,жюри,жюри
4248|n|inan|очко,очка,очко,очку,очке|очки,очков,очки,очкам,очках
4251|m|inan|допинг,допинга,допинг,допингу,допинге|допинги,допингов,допинги,допингам,допингах
4254|m|inan|снаряд,снаряда,снаряд,снаряду,снаряде|снаряды,снарядов,снаряды,снарядам,снарядах
4255|n|inan|копьё,копья,копьё,копью,копье|копья,копий,копья,копьям,копьях
4256|n|inan|ядро,ядра,ядро,ядру,ядре|ядра,ядер,ядра,ядрам,ядрах
4257|m|inan|шар,шара,шар,шару,шаре|шары,шаров,шары,шарам,шарах
4258|f|inan|цель,цели,цель,цели,цели|цели,целей,цели,целям,целях
4259|f|inan|мишень,мишени,мишень,мишени,мишени|мишени,мишеней,мишени,мишеням,мишенях
4271|m|anim|ученик,ученика,ученика,ученику,ученике|ученики,учеников,учеников,ученикам,учениках
4273|m|anim|школьник,школьника,школьника,школьнику,школьнике|школьники,школьников,школьников,школьникам,школьниках
4281|m|inan|алфавит,алфавита,алфавит,алфавиту,алфавите|алфавиты,алфавитов,алфавиты,алфавитам,алфавитах
4282|m|inan|предмет,предмета,предмет,предмету,предмете|предметы,предметов,предметы,предметам,предметах
4283|m|inan|класс,класса,класс,классу,классе|классы,классов,классы,классам,классах
4284|m|inan|урок,урока,урок,уроку,уроке|уроки,уроков,уроки,урокам,уроках
4285|f|inan|перемена,перемены,перемену,перемене,перемене|перемены,перемен,перемены,переменам,переменах
4286|m|inan|звонок,звонка,звонок,звонку,звонке|звонки,звонков,звонки,звонкам,звонках
4287|f|inan|парта,парты,парту,парте,парте|парты,парт,парты,партам,партах
4288|f|inan|доска,доски,доску,доске,доске|доски,досок,доски,доскам,досках
4289|f|inan|отметка,отметки,отметку,отметке,отметке|отметки,отметок,отметки,отметкам,отметках
4293|f|inan|ошибка,ошибки,ошибку,ошибке,ошибке|ошибки,ошибок,ошибки,ошибкам,ошибках
4296|f|inan|шпаргалка,шпаргалки,шпаргалку,шпаргалке,шпаргалке|шпаргалки,шпаргалок,шпаргалки,шпаргалкам,шпаргалках
4298|n|inan|упражнение,упражнения,упражнение,упражнению,упражнении|упражнения,упражнений,упражнения,упражнениям,упражнениях
4304|n|inan|поведение,поведения,поведение,поведению,поведении|поведения,поведений,поведения,поведениям,поведениях
4305|m|inan|дневник,дневника,дневник,дневнику,дневнике|дневники,дневников,дневники,дневникам,дневниках
4306|m|inan|карандаш,карандаша,карандаш,карандашу,карандаше|карандаши,карандашей,карандаши,карандашам,карандашах
4307|m|inan|ластик,ластика,ластик,ластику,ластике|ластики,ластиков,ластики,ластикам,ластиках
4308|m|inan|мел,мела,мел,мелу,меле|мелы,мелов,мелы,мелам,мелах
4309|m|inan|пенал,пенала,пенал,пеналу,пенале|пеналы,пеналов,пеналы,пеналам,пеналах
4310|m|inan|портфель,портфеля,портфель,портфелю,портфеле|портфели,портфелей,портфели,портфелям,портфелях
4311|f|inan|ручка,ручки,ручку,ручке,ручке|ручки,ручек,ручки,ручкам,ручках
4312|f|inan|тетрадь,тетради,тетрадь,тетради,тетради|тетради,тетрадей,тетради,тетрадям,тетрадях
4313|m|inan|учебник,учебника,учебник,учебнику,учебнике|учебники,учебников,учебники,учебникам,учебниках
4314|m|inan|циркуль,циркуля,циркуль,циркулю,циркуле|циркули,циркулей,циркули,циркулям,циркулях
4317|n|inan|стихотворение,стихотворения,стихотворение,стихотворению,стихотворении|стихотворения,стихотворений,стихотворения,стихотворениям,стихотворениях
4320|f|inan|каникулы,каникул,каникулы,каникулам,каникулах|каникулы,каникул,каникулы,каникулам,каникулах
4324|n|inan|сочинение,сочинения,сочинение,сочинению,сочинении|сочинения,сочинений,сочинения,сочинениям,сочинениях
4325|m|inan|диктант,диктанта,диктант,диктанту,диктанте|диктанты,диктантов,диктанты,диктантам,диктантах
4326|m|inan|экзамен,экзамена,экзамен,экзамену,экзамене|экзамены,экзаменов,экзамены,экзаменам,экзаменах
4328|f|inan|академия,академии,академию,академии,академии|академии,академий,академии,академиям,академиях
4330|m|inan|факультет,факультета,факультет,факультету,факультете|факультеты,факультетов,факультеты,факультетам,факультетах
4332|f|anim|студентка,студентки,студентку,студентке,студентке|студентки,студенток,студенток,студенткам,студентках
4335|m|anim|выпускник,выпускника,выпускника,выпускнику,выпускнике|выпускники,выпускников,выпускников,выпускникам,выпускниках
4336|m|inan|диплом,диплома,диплом,диплому,дипломе|дипломы,дипломов,дипломы,дипломам,дипломах
4338|n|inan|исследование,исследования,исследование,исследованию,исследовании|исследования,исследований,исследования,исследованиям,исследованиях
4339|f|inan|лаборатория,лаборатории,лабораторию,лаборатории,лаборатории|лаборатории,лабораторий,лаборатории,лабораториям,лабораториях
4340|f|inan|лекция,лекции,лекцию,лекции,лекции|лекции,лекций,лекции,лекциям,лекциях
4341|m|anim|однокурсник,однокурсника,однокурсника,однокурснику,однокурснике|однокурсники,однокурсников,однокурсников,однокурсникам,однокурсниках
4342|f|inan|стипендия,стипендии,стипендию,стипендии,стипендии|стипендии,стипендий,стипендии,стипендиям,стипендиях
4344|f|inan|математика,математики,математику,математике,математике|математики,математик,математики,математикам,математиках
4345|f|inan|алгебра,алгебры,алгебру,алгебре,алгебре|алгебры,алгебр,алгебры,алгебрам,алгебрах
4346|f|inan|геометрия,геометрии,геометрию,геометрии,геометрии|геометрии,геометрий,геометрии,геометриям,геометриях
4347|f|inan|астрономия,астрономии,астрономию,астрономии,астрономии|астрономии,астрономий,астрономии,астрономиям,астрономиях
4348|f|inan|биология,биологии,биологию,биологии,биологии|биологии,биологий,биологии,биологиям,биологиях
4349|f|inan|география,географии,географию,географии,географии|географии,географий,географии,географиям,географиях
4350|f|inan|геология,геологии,геологию,геологии,геологии|геологии,геологий,геологии,геологиям,геологиях
4351|f|inan|история,истории,историю,истории,истории|истории,историй,истории,историям,историях
4353|f|inan|педагогика,педагогики,педагогику,педагогике,педагогике|педагогики,педагогик,педагогики,педагогикам,педагогиках
4354|n|inan|право,права,право,праву,праве|права,прав,права,правам,правах
4355|f|inan|физика,физики,физику,физике,физике|физики,физик,физики,физикам,физиках
4356|f|inan|химия,химии,химию,химии,химии|химии,химий,химии,химиям,химиях
4357|f|inan|философия,философии,философию,философии,философии|философии,философий,философии,философиям,философиях
4358|f|inan|психология,психологии,психологию,психологии,психологии|психологии,психологий,психологии,психологиям,психологиях
4360|f|inan|лексика,лексики,лексику,лексике,лексике|лексики,лексик,лексики,лексикам,лексиках
4361|f|inan|фонетика,фонетики,фонетику,фонетике,фонетике|фонетики,фонетик,фонетики,фонетикам,фонетиках
4362|n|inan|существительное,существительного,существительное,существительному,существительном|существительные,существительных,существительные,существительным,существительных
4363|n|inan|прилагательное,прилагательного,прилагательное,прилагательному,прилагательном|прилагательные,прилагательных,прилагательные,прилагательным,прилагательных
4364|m|inan|глагол,глагола,глагол,глаголу,глаголе|глаголы,глаголов,глаголы,глаголам,глаголах
4365|n|inan|наречие,наречия,наречие,наречию,наречии|наречия,наречий,наречия,наречиям,наречиях
4366|n|inan|местоимение,местоимения,местоимение,местоимению,местоимении|местоимения,местоимений,местоимения,местоимениям,местоимениях
4370|n|inan|окончание,окончания,окончание,окончанию,окончании|окончания,окончаний,окончания,окончаниям,окончаниях
4372|m|inan|слог,слога,слог,слогу,слоге|слоги,слогов,слоги,слогам,слогах
4374|n|inan|ударение,ударения,ударение,ударению,ударении|ударения,ударений,ударения,ударениям,ударениях
4376|f|inan|точка,точки,точку,точке,точке|точки,точек,точки,точкам,точках
4377|f|inan|запятая,запятой,запятую,запятой,запятой|запятые,запятых,запятые,запятым,запятых
4383|f|inan|кавычки,кавычек,кавычки,кавычкам,кавычках|кавычки,кавычек,кавычки,кавычкам,кавычках
4385|f|inan|скобки,скобок,скобки,скобкам,скобках|скобки,скобок,скобки,скобкам,скобках
4387|m|inan|дефис,дефиса,дефис,дефису,дефисе|дефисы,дефисов,дефисы,дефисам,дефисах
4388|n|inan|тире,тире,тире,тире,тире|тире,тире,тире,тире,тире
4389|m|inan|пробел,пробела,пробел,пробелу,пробеле|пробелы,пробелов,пробелы,пробелам,пробелах
4390|f|inan|буква,буквы,букву,букве,букве|буквы,букв,буквы,буквам,буквах
4394|n|inan|предложение,предложения,предложение,предложению,предложении|предложения,предложений,предложения,предложениям,предложениях
4395|n|inan|подлежащее,подлежащего,подлежащее,подлежащему,подлежащем|подлежащие,подлежащих,подлежащие,подлежащим,подлежащих
4396|n|inan|сказуемое,сказуемого,сказуемое,сказуемому,сказуемом|сказуемые,сказуемых,сказуемые,сказуемым,сказуемых
4397|f|inan|строка,строки,строку,строке,строке|строки,строк,строки,строкам,строках
4399|m|inan|абзац,абзаца,абзац,абзацу,абзаце|абзацы,абзацев,абзацы,абзацам,абзацах
4402|n|inan|выражение,выражения,выражение,выражению,выражении|выражения,выражений,выражения,выражениям,выражениях
4403|m|inan|синоним,синонима,синоним,синониму,синониме|синонимы,синонимов,синонимы,синонимам,синонимах
4404|m|inan|антоним,антонима,антоним,антониму,антониме|антонимы,антонимов,антонимы,антонимам,антонимах
4405|n|inan|правило,правила,правило,правилу,правиле|правила,правил,правила,правилам,правилах
4406|n|inan|исключение,исключения,исключение,исключению,исключении|исключения,исключений,исключения,исключениям,исключениях
4408|n|inan|спряжение,спряжения,спряжение,спряжению,спряжении|спряжения,спряжений,спряжения,спряжениям,спряжениях
4409|n|inan|склонение,склонения,склонение,склонению,склонении|склонения,склонений,склонения,склонениям,склонениях
4410|m|inan|падеж,падежа,падеж,падежу,падеже|падежи,падежей,падежи,падежам,падежах
4411|m|inan|вопрос,вопроса,вопрос,вопросу,вопросе|вопросы,вопросов,вопросы,вопросам,вопросах
4413|m|inan|пунктир,пунктира,пунктир,пунктиру,пунктире|пунктиры,пунктиров,пунктиры,пунктирам,пунктирах
4414|m|inan|язык,языка,язык,языку,языке|языки,языков,языки,языкам,языках
4426|f|inan|грамматика,грамматики,грамматику,грамматике,грамматике|грамматики,грамматик,грамматики,грамматикам,грамматиках
4430|m|inan|словарь,словаря,словарь,словарю,словаре|словари,словарей,словари,словарям,словарях
4434|f|inan|видеокассета,видеокассеты,видеокассету,видеокассете,видеокассете|видеокассеты,видеокассет,видеокассеты,видеокассетам,видеокассетах
4439|n|inan|произношение,произношения,произношение,произношению,произношении|произношения,произношений,произношения,произношениям,произношениях
4440|m|inan|акцент,акцента,акцент,акценту,акценте|акценты,акцентов,акценты,акцентам,акцентах
4443|n|inan|слово,слова,слово,слову,слове|слова,слов,слова,словам,словах
4444|m|inan|смысл,смысла,смысл,смыслу,смысле|смыслы,смыслов,смыслы,смыслам,смыслах
4447|m|anim|преподаватель,преподавателя,преподавателя,преподавателю,преподавателе|преподаватели,преподавателей,преподавателей,преподавателям,преподавателях
4448|m|inan|перевод,перевода,перевод,переводу,переводе|переводы,переводов,переводы,переводам,переводах
4449|m|inan|перевод,перевода,перевод,переводу,переводе|переводы,переводов,переводы,переводам,переводах
4452|m|anim|полиглот,полиглота,полиглота,полиглоту,полиглоте|полиглоты,полиглотов,полиглотов,полиглотам,полиглотах
4453|f|inan|память,памяти,память,памяти,памяти|памяти,памятей,памяти,памятям,памятях
4458|m|anim|волшебник,волшебника,волшебника,волшебнику,волшебнике|волшебники,волшебников,волшебников,волшебникам,волшебниках
4459|f|anim|волшебница,волшебницы,волшебницу,волшебнице,волшебнице|волшебницы,волшебниц,волшебниц,волшебницам,волшебницах
4462|f|inan|сказка,сказки,сказку,сказке,сказке|сказки,сказок,сказки,сказкам,сказках
4463|n|inan|чудо,чуда,чудо,чуду,чуде|чудеса,чудес,чудеса,чудесам,чудесах
4464|m|anim|гном,гнома,гнома,гному,гноме|гномы,гномов,гномов,гномам,гномах
4465|n|inan|привидение,привидения,привидение,привидению,привидении|привидения,привидений,привидения,привидениям,привидениях
4466|m|anim|призрак,призрака,призрака,призраку,призраке|призраки,призраков,призраков,призракам,призраках
4467|n|anim|чудовище,чудовища,чудовище,чудовищу,чудовище|чудовища,чудовищ,чудовищ,чудовищам,чудовищах
4468|m|anim|дракон,дракона,дракона,дракону,драконе|драконы,драконов,драконов,драконам,драконах
4487|m|inan|гороскоп,гороскопа,гороскоп,гороскопу,гороскопе|гороскопы,гороскопов,гороскопы,гороскопам,гороскопах
4490|f|inan|оперетта,оперетты,оперетту,оперетте,оперетте|оперетты,оперетт,оперетты,опереттам,опереттах
4491|m|inan|балет,балета,балет,балету,балете|балеты,балетов,балеты,балетам,балетах
4492|f|inan|афиша,афиши,афишу,афише,афише|афиши,афиш,афиши,афишам,афишах
4493|f|inan|труппа,труппы,труппу,труппе,труппе|труппы,трупп,труппы,труппам,труппах
4497|f|inan|репетиция,репетиции,репетицию,репетиции,репетиции|репетиции,репетиций,репетиции,репетициям,репетициях
4498|m|inan|репертуар,репертуара,репертуар,репертуару,репертуаре|репертуары,репертуаров,репертуары,репертуарам,репертуарах
4499|n|inan|представление,представления,представление,представлению,представлении|представления,представлений,представления,представлениям,представлениях
4500|m|inan|спектакль,спектакля,спектакль,спектаклю,спектакле|спектакли,спектаклей,спектакли,спектаклям,спектаклях
4501|f|inan|пьеса,пьесы,пьесу,пьесе,пьесе|пьесы,пьес,пьесы,пьесам,пьесах
4504|m|inan|холл,холла,холл,холлу,холле|холлы,холлов,холлы,холлам,холлах
4505|m|inan|гардероб,гардероба,гардероб,гардеробу,гардеробе|гардеробы,гардеробов,гардеробы,гардеробам,гардеробах
4506|m|inan|номерок,номерка,номерок,номерку,номерке|номерки,номерков,номерки,номеркам,номерках
4507|m|inan|бинокль,бинокля,бинокль,биноклю,бинокле|бинокли,биноклей,бинокли,биноклям,биноклях
4509|m|inan|партер,партера,партер,партеру,партере|партеры,партеров,партеры,партерам,партерах
4511|m|inan|бельэтаж,бельэтажа,бельэтаж,бельэтажу,бельэтаже|бельэтажи,бельэтажей,бельэтажи,бельэтажам,бельэтажах
4512|f|inan|ложа,ложи,ложу,ложе,ложе|ложи,лож,ложи,ложам,ложах
4513|m|inan|ряд,ряда,ряд,ряду,ряде|ряды,рядов,ряды,рядам,рядах
4514|n|inan|место,места,место,месту,месте|места,мест,места,местам,местах
4516|m|anim|зритель,зрителя,зрителя,зрителю,зрителе|зрители,зрителей,зрителей,зрителям,зрителях
4520|f|inan|сцена,сцены,сцену,сцене,сцене|сцены,сцен,сцены,сценам,сценах
4521|m|inan|занавес,занавеса,занавес,занавесу,занавесе|занавесы,занавесов,занавесы,занавесам,занавесах
4522|f|inan|декорация,декорации,декорацию,декорации,декорации|декорации,декораций,декорации,декорациям,декорациях
4524|f|inan|сцена,сцены,сцену,сцене,сцене|сцены,сцен,сцены,сценам,сценах
4525|m|inan|акт,акта,акт,акту,акте|акты,актов,акты,актам,актах
4526|m|inan|антракт,антракта,антракт,антракту,антракте|антракты,антрактов,антракты,антрактам,антрактах
4527|m|anim|актёр,актёра,актёра,актёру,актёре|актёры,актёров,актёров,актёрам,актёрах
4528|f|anim|актриса,актрисы,актрису,актрисе,актрисе|актрисы,актрис,актрис,актрисам,актрисах
4529|n|inan|кино,кино,кино,кино,кино|кино,кино,кино,кино,кино
4530|n|inan|кино,кино,кино,кино,кино|кино,кино,кино,кино,кино
4531|f|inan|серия,серии,серию,серии,серии|серии,серий,серии,сериям,сериях
4532|m|inan|детектив,детектива,детектив,детективу,детективе|детективы,детективов,детективы,детективам,детективах
4537|f|inan|кинокомедия,кинокомедии,кинокомедию,кинокомедии,кинокомедии|кинокомедии,кинокомедий,кинокомедии,кинокомедиям,кинокомедиях
4538|f|inan|мелодрама,мелодрамы,мелодраму,мелодраме,мелодраме|мелодрамы,мелодрам,мелодрамы,мелодрамам,мелодрамах
4539|f|inan|драма,драмы,драму,драме,драме|драмы,драм,драмы,драмам,драмах
4542|m|inan|мультфильм,мультфильма,мультфильм,мультфильму,мультфильме|мультфильмы,мультфильмов,мультфильмы,мультфильмам,мультфильмах
4544|f|inan|роль,роли,роль,роли,роли|роли,ролей,роли,ролям,ролях
4551|m|inan|сценарий,сценария,сценарий,сценарию,сценарии|сценарии,сценариев,сценарии,сценариям,сценариях
4555|m|anim|ассистент,ассистента,ассистента,ассистенту,ассистенте|ассистенты,ассистентов,ассистентов,ассистентам,ассистентах
4556|m|anim|оператор,оператора,оператора,оператору,операторе|операторы,операторов,операторов,операторам,операторах
4557|m|anim|каскадёр,каскадёра,каскадёра,каскадёру,каскадёре|каскадёры,каскадёров,каскадёров,каскадёрам,каскадёрах
4563|f|inan|кинокамера,кинокамеры,кинокамеру,кинокамере,кинокамере|кинокамеры,кинокамер,кинокамеры,кинокамерам,кинокамерах
4565|m|inan|экран,экрана,экран,экрану,экране|экраны,экранов,экраны,экранам,экранах
4571|m|inan|перевод,перевода,перевод,переводу,переводе|переводы,переводов,переводы,переводам,переводах
4572|n|inan|искусство,искусства,искусство,искусству,искусстве|искусства,искусств,искусства,искусствам,искусствах
4574|f|inan|арт-галерея,арт-галереи,арт-галерею,арт-галерее,арт-галерее|арт-галереи,арт-галерей,арт-галереи,арт-галереям,арт-галереях
4576|f|inan|живопись,живописи,живопись,живописи,живописи|живописи,живописей,живописи,живописям,живописях
4577|f|inan|графика,графики,графику,графике,графике|графики,график,графики,графикам,графиках
4578|m|inan|абстракционизм,абстракционизма,абстракционизм,абстракционизму,абстракционизме|абстракционизмы,абстракционизмов,абстракционизмы,абстракционизмам,абстракционизмах
4579|m|inan|импрессионизм,импрессионизма,импрессионизм,импрессионизму,импрессионизме|импрессионизмы,импрессионизмов,импрессионизмы,импрессионизмам,импрессионизмах
4580|f|inan|картина,картины,картину,картине,картине|картины,картин,картины,картинам,картинах
4581|m|inan|рисунок,рисунка,рисунок,рисунку,рисунке|рисунки,рисунков,рисунки,рисункам,рисунках
4583|f|inan|иллюстрация,иллюстрации,иллюстрацию,иллюстрации,иллюстрации|иллюстрации,иллюстраций,иллюстрации,иллюстрациям,иллюстрациях
4584|f|inan|миниатюра,миниатюры,миниатюру,миниатюре,миниатюре|миниатюры,миниатюр,миниатюры,миниатюрам,миниатюрах
4586|f|inan|репродукция,репродукции,репродукцию,репродукции,репродукции|репродукции,репродукций,репродукции,репродукциям,репродукциях
4587|f|inan|мозаика,мозаики,мозаику,мозаике,мозаике|мозаики,мозаик,мозаики,мозаикам,мозаиках
4588|m|inan|витраж,витража,витраж,витражу,витраже|витражи,витражей,витражи,витражам,витражах
4589|f|inan|фреска,фрески,фреску,фреске,фреске|фрески,фресок,фрески,фрескам,фресках
4590|f|inan|гравюра,гравюры,гравюру,гравюре,гравюре|гравюры,гравюр,гравюры,гравюрам,гравюрах
4591|m|inan|бюст,бюста,бюст,бюсту,бюсте|бюсты,бюстов,бюсты,бюстам,бюстах
4592|f|inan|скульптура,скульптуры,скульптуру,скульптуре,скульптуре|скульптуры,скульптур,скульптуры,скульптурам,скульптурах
4593|f|inan|статуя,статуи,статую,статуе,статуе|статуи,статуй,статуи,статуям,статуях
4594|m|inan|гипс,гипса,гипс,гипсу,гипсе|гипсы,гипсов,гипсы,гипсам,гипсах
4596|m|inan|портрет,портрета,портрет,портрету,портрете|портреты,портретов,портреты,портретам,портретах
4597|m|inan|автопортрет,автопортрета,автопортрет,автопортрету,автопортрете|автопортреты,автопортретов,автопортреты,автопортретам,автопортретах
4598|m|inan|пейзаж,пейзажа,пейзаж,пейзажу,пейзаже|пейзажи,пейзажей,пейзажи,пейзажам,пейзажах
4599|m|inan|натюрморт,натюрморта,натюрморт,натюрморту,натюрморте|натюрморты,натюрмортов,натюрморты,натюрмортам,натюрмортах
4600|f|inan|карикатура,карикатуры,карикатуру,карикатуре,карикатуре|карикатуры,карикатур,карикатуры,карикатурам,карикатурах
4604|n|inan|масло,масла,масло,маслу,масле|масла,масел,масла,маслам,маслах
4606|f|inan|тушь,туши,тушь,туши,туши|туши,тушей,туши,тушам,тушах
4607|m|inan|уголь,угля,уголь,углю,угле|угли,углей,угли,углям,углях
4611|m|anim|натурщик,натурщика,натурщика,натурщику,натурщике|натурщики,натурщиков,натурщиков,натурщикам,натурщиках
4612|f|anim|натурщица,натурщицы,натурщицу,натурщице,натурщице|натурщицы,натурщиц,натурщиц,натурщицам,натурщицах
4614|n|inan|произведение,произведения,произведение,произведению,произведении|произведения,произведений,произведения,произведениям,произведениях
4616|f|inan|мастерская,мастерской,мастерскую,мастерской,мастерской|мастерские,мастерских,мастерские,мастерским,мастерских
4617|m|inan|холст,холста,холст,холсту,холсте|холсты,холстов,холсты,холстам,холстах
4618|m|inan|мольберт,мольберта,мольберт,мольберту,мольберте|мольберты,мольбертов,мольберты,мольбертам,мольбертах
4619|f|inan|палитра,палитры,палитру,палитре,палитре|палитры,палитр,палитры,палитрам,палитрах
4620|f|inan|рама,рамы,раму,раме,раме|рамы,рам,рамы,рамам,рамах
4621|f|inan|реставрация,реставрации,реставрацию,реставрации,реставрации|реставрации,реставраций,реставрации,реставрациям,реставрациях
4623|f|inan|литература,литературы,литературу,литературе,литературе|литературы,литератур,литературы,литературам,литературах
4625|m|inan|псевдоним,псевдонима,псевдоним,псевдониму,псевдониме|псевдонимы,псевдонимов,псевдонимы,псевдонимам,псевдонимах
4626|f|inan|книга,книги,книгу,книге,книге|книги,книг,книги,книгам,книгах
4627|m|inan|том,тома,том,тому,томе|тома,томов,тома,томам,томах
4628|n|inan|оглавление,оглавления,оглавление,оглавлению,оглавлении|оглавления,оглавлений,оглавления,оглавлениям,оглавлениях
4631|m|inan|автограф,автографа,автограф,автографу,автографе|автографы,автографов,автографы,автографам,автографах
4633|f|inan|повесть,повести,повесть,повести,повести|повести,повестей,повести,повестям,повестях
4635|n|inan|сочинение,сочинения,сочинение,сочинению,сочинении|сочинения,сочинений,сочинения,сочинениям,сочинениях
4636|f|inan|басня,басни,басню,басне,басне|басни,басен,басни,басням,баснях
4639|f|inan|поэзия,поэзии,поэзию,поэзии,поэзии|поэзии,поэзий,поэзии,поэзиям,поэзиях
4640|f|inan|поэма,поэмы,поэму,поэме,поэме|поэмы,поэм,поэмы,поэмам,поэмах
4642|f|inan|беллетристика,беллетристики,беллетристику,беллетристике,беллетристике|беллетристики,беллетристик,беллетристики,беллетристикам,беллетристиках
4644|n|inan|приключение,приключения,приключение,приключению,приключении|приключения,приключений,приключения,приключениям,приключениях
4651|m|inan|номер,номера,номер,номеру,номере|номера,номеров,номера,номерам,номерах
4652|f|inan|арена,арены,арену,арене,арене|арены,арен,арены,аренам,аренах
4653|f|inan|пантомима,пантомимы,пантомиму,пантомиме,пантомиме|пантомимы,пантомим,пантомимы,пантомимам,пантомимах
4654|m|anim|клоун,клоуна,клоуна,клоуну,клоуне|клоуны,клоунов,клоунов,клоунам,клоунах
4656|f|inan|акробатика,акробатики,акробатику,акробатике,акробатике|акробатики,акробатик,акробатики,акробатикам,акробатиках
4657|m|anim|гимнаст,гимнаста,гимнаста,гимнасту,гимнасте|гимнасты,гимнастов,гимнастов,гимнастам,гимнастах
4658|f|inan|гимнастика,гимнастики,гимнастику,гимнастике,гимнастике|гимнастики,гимнастик,гимнастики,гимнастикам,гимнастиках
4659|n|inan|сальто,сальто,сальто,сальто,сальто|сальто,сальто,сальто,сальто,сальто
4660|m|anim|атлет,атлета,атлета,атлету,атлете|атлеты,атлетов,атлетов,атлетам,атлетах
4661|m|anim|укротитель,укротителя,укротителя,укротителю,укротителе|укротители,укротителей,укротителей,укротителям,укротителях
4664|m|inan|трюк,трюка,трюк,трюку,трюке|трюки,трюков,трюки,трюкам,трюках
4665|m|inan|фокус,фокуса,фокус,фокусу,фокусе|фокусы,фокусов,фокусы,фокусам,фокусах
4672|f|inan|музыка,музыки,музыку,музыке,музыке|музыки,музык,музыки,музыкам,музыках
4673|m|anim|музыкант,музыканта,музыканта,музыканту,музыканте|музыканты,музыкантов,музыкантов,музыкантам,музыкантах
4675|f|inan|гитара,гитары,гитару,гитаре,гитаре|гитары,гитар,гитары,гитарам,гитарах
4676|f|inan|скрипка,скрипки,скрипку,скрипке,скрипке|скрипки,скрипок,скрипки,скрипкам,скрипках
4677|f|inan|виолончель,виолончели,виолончель,виолончели,виолончели|виолончели,виолончелей,виолончели,виолончелям,виолончелях
4678|m|inan|контрабас,контрабаса,контрабас,контрабасу,контрабасе|контрабасы,контрабасов,контрабасы,контрабасам,контрабасах
4679|f|inan|арфа,арфы,арфу,арфе,арфе|арфы,арф,арфы,арфам,арфах
4680|n|inan|пианино,пианино,пианино,пианино,пианино|пианино,пианино,пианино,пианино,пианино
4681|m|inan|рояль,рояля,рояль,роялю,рояле|рояли,роялей,рояли,роялям,роялях
4683|m|inan|гобой,гобоя,гобой,гобою,гобое|гобои,гобоев,гобои,гобоям,гобоях
4684|m|inan|саксофон,саксофона,саксофон,саксофону,саксофоне|саксофоны,саксофонов,саксофоны,саксофонам,саксофонах
4685|m|inan|кларнет,кларнета,кларнет,кларнету,кларнете|кларнеты,кларнетов,кларнеты,кларнетам,кларнетах
4686|f|inan|флейта,флейты,флейту,флейте,флейте|флейты,флейт,флейты,флейтам,флейтах
4687|f|inan|труба,трубы,трубу,трубе,трубе|трубы,труб,трубы,трубам,трубах
4688|m|inan|аккордеон,аккордеона,аккордеон,аккордеону,аккордеоне|аккордеоны,аккордеонов,аккордеоны,аккордеонам,аккордеонах
4689|m|inan|барабан,барабана,барабан,барабану,барабане|барабаны,барабанов,барабаны,барабанам,барабанах
4690|m|inan|дуэт,дуэта,дуэт,дуэту,дуэте|дуэты,дуэтов,дуэты,дуэтам,дуэтах
4691|n|inan|трио,трио,трио,трио,трио|трио,трио,трио,трио,трио
4692|m|inan|квартет,квартета,квартет,квартету,квартете|квартеты,квартетов,квартеты,квартетам,квартетах
4693|m|inan|хор,хора,хор,хору,хоре|хоры,хоров,хоры,хорам,хорах
4694|m|inan|оркестр,оркестра,оркестр,оркестру,оркестре|оркестры,оркестров,оркестры,оркестрам,оркестрах
4698|m|inan|джаз,джаза,джаз,джазу,джазе|джазы,джазов,джазы,джазам,джазах
4699|m|anim|кумир,кумира,кумира,кумиру,кумире|кумиры,кумиров,кумиров,кумирам,кумирах
4700|m|anim|поклонник,поклонника,поклонника,поклоннику,поклоннике|поклонники,поклонников,поклонников,поклонникам,поклонниках
4701|m|inan|концерт,концерта,концерт,концерту,концерте|концерты,концертов,концерты,концертам,концертах
4702|f|inan|симфония,симфонии,симфонию,симфонии,симфонии|симфонии,симфоний,симфонии,симфониям,симфониях
4706|f|inan|песня,песни,песню,песне,песне|песни,песен,песни,песням,песнях
4708|m|inan|ритм,ритма,ритм,ритму,ритме|ритмы,ритмов,ритмы,ритмам,ритмах
4709|m|inan|блюз,блюза,блюз,блюзу,блюзе|блюзы,блюзов,блюзы,блюзам,блюзах
4711|f|inan|палочка,палочки,палочку,палочке,палочке|палочки,палочек,палочки,палочкам,палочках
4712|m|inan|смычок,смычка,смычок,смычку,смычке|смычки,смычков,смычки,смычкам,смычках
4713|f|inan|струна,струны,струну,струне,струне|струны,струн,струны,струнам,струнах
4714|m|inan|футляр,футляра,футляр,футляру,футляре|футляры,футляров,футляры,футлярам,футлярах
4715|m|inan|туризм,туризма,туризм,туризму,туризме|туризмы,туризмов,туризмы,туризмам,туризмах
4716|m|anim|турист,туриста,туриста,туристу,туристе|туристы,туристов,туристов,туристам,туристах
4717|n|inan|путешествие,путешествия,путешествие,путешествию,путешествии|путешествия,путешествий,путешествия,путешествиям,путешествиях
4718|n|inan|приключение,приключения,приключение,приключению,приключении|приключения,приключений,приключения,приключениям,приключениях
4720|m|inan|отпуск,отпуска,отпуск,отпуску,отпуске|отпуска,отпусков,отпуска,отпускам,отпусках
4724|m|inan|самолёт,самолёта,самолёт,самолёту,самолёте|самолёты,самолётов,самолёты,самолётам,самолётах
4728|m|inan|багаж,багажа,багаж,багажу,багаже|багаж,багажа,багаж,багажу,багаже
4729|m|inan|чемодан,чемодана,чемодан,чемодану,чемодане|чемоданы,чемоданов,чемоданы,чемоданам,чемоданах
4731|m|inan|паспорт,паспорта,паспорт,паспорту,паспорте|паспорта,паспортов,паспорта,паспортам,паспортах
4732|f|inan|виза,визы,визу,визе,визе|визы,виз,визы,визам,визах
4733|m|inan|билет,билета,билет,билету,билете|билеты,билетов,билеты,билетам,билетах
4734|m|inan|авиабилет,авиабилета,авиабилет,авиабилету,авиабилете|авиабилеты,авиабилетов,авиабилеты,авиабилетам,авиабилетах
4735|m|inan|путеводитель,путеводителя,путеводитель,путеводителю,путеводителе|путеводители,путеводителей,путеводители,путеводителям,путеводителях
4736|f|inan|карта,карты,карту,карте,карте|карты,карт,карты,картам,картах
4737|f|inan|местность,местности,местность,местности,местности|местности,местностей,местности,местностям,местностях
4738|n|inan|место,места,место,месту,месте|места,мест,места,местам,местах
4739|f|inan|экзотика,экзотики,экзотику,экзотике,экзотике|экзотики,экзотик,экзотики,экзотикам,экзотиках
4742|f|inan|группа,группы,группу,группе,группе|группы,групп,группы,группам,группах
4743|f|inan|экскурсия,экскурсии,экскурсию,экскурсии,экскурсии|экскурсии,экскурсий,экскурсии,экскурсиям,экскурсиях
4746|m|inan|мотель,мотеля,мотель,мотелю,мотеле|мотели,мотелей,мотели,мотелям,мотелях
4750|m|inan|номер,номера,номер,номеру,номере|номера,номеров,номера,номерам,номерах
4759|m|inan|кондиционер,кондиционера,кондиционер,кондиционеру,кондиционере|кондиционеры,кондиционеров,кондиционеры,кондиционерам,кондиционерах
4762|m|anim|администратор,администратора,администратора,администратору,администраторе|администраторы,администраторов,администраторов,администраторам,администраторах
4764|m|anim|носильщик,носильщика,носильщика,носильщику,носильщике|носильщики,носильщиков,носильщиков,носильщикам,носильщиках
4765|m|anim|портье,портье,портье,портье,портье|портье,портье,портье,портье,портье
4771|m|inan|вестибюль,вестибюля,вестибюль,вестибюлю,вестибюле|вестибюли,вестибюлей,вестибюли,вестибюлям,вестибюлях
4776|m|anim|автор,автора,автора,автору,авторе|авторы,авторов,авторов,авторам,авторах
4777|m|anim|писатель,писателя,писателя,писателю,писателе|писатели,писателей,писателей,писателям,писателях
4779|m|anim|читатель,читателя,читателя,читателю,читателе|читатели,читателей,читателей,читателям,читателях
4781|n|inan|чтение,чтения,чтение,чтению,чтении|чтения,чтений,чтения,чтениям,чтениях
4785|n|inan|издание,издания,издание,изданию,издании|издания,изданий,издания,изданиям,изданиях
4786|m|anim|издатель,издателя,издателя,издателю,издателе|издатели,издателей,издателей,издателям,издателях
4790|m|inan|тираж,тиража,тираж,тиражу,тираже|тиражи,тиражей,тиражи,тиражам,тиражах
4794|m|inan|рассказ,рассказа,рассказ,рассказу,рассказе|рассказы,рассказов,рассказы,рассказам,рассказах
4795|m|inan|роман,романа,роман,роману,романе|романы,романов,романы,романам,романах
4798|f|inan|легенда,легенды,легенду,легенде,легенде|легенды,легенд,легенды,легендам,легендах
4799|m|inan|миф,мифа,миф,мифу,мифе|мифы,мифов,мифы,мифам,мифах
4800|m|inan|стихи,стихов,стихи,стихам,стихах|стихи,стихов,стихи,стихам,стихах
4802|n|inan|избранное,избранного,избранное,избранному,избранном|избранные,избранных,избранные,избранным,избранных
4805|n|inan|введение,введения,введение,введению,введении|введения,введений,введения,введениям,введениях
4807|m|inan|глава,главы,главу,главе,главе|главы,глав,главы,главам,главах
4808|m|inan|отрывок,отрывка,отрывок,отрывку,отрывке|отрывки,отрывков,отрывки,отрывкам,отрывках
4809|m|inan|эпизод,эпизода,эпизод,эпизоду,эпизоде|эпизоды,эпизодов,эпизоды,эпизодам,эпизодах
4810|m|inan|сюжет,сюжета,сюжет,сюжету,сюжете|сюжеты,сюжетов,сюжеты,сюжетам,сюжетах
4811|n|inan|содержание,содержания,содержание,содержанию,содержании|содержания,содержаний,содержания,содержаниям,содержаниях
4814|m|inan|том,тома,том,тому,томе|тома,томов,тома,томам,томах
4815|f|inan|обложка,обложки,обложку,обложке,обложке|обложки,обложек,обложки,обложкам,обложках
4816|m|inan|переплёт,переплёта,переплёт,переплёту,переплёте|переплёты,переплётов,переплёты,переплётам,переплётах
4817|f|inan|закладка,закладки,закладку,закладке,закладке|закладки,закладок,закладки,закладкам,закладках
4818|f|inan|страница,страницы,страницу,странице,странице|страницы,страниц,страницы,страницам,страницах
4820|n|inan|поля,полей,поля,полям,полях|поля,полей,поля,полям,полях
4821|f|inan|пометка,пометки,пометку,пометке,пометке|пометки,пометок,пометки,пометкам,пометках
4822|n|inan|примечание,примечания,примечание,примечанию,примечании|примечания,примечаний,примечания,примечаниям,примечаниях
4823|m|inan|текст,текста,текст,тексту,тексте|тексты,текстов,тексты,текстам,текстах
4824|m|inan|шрифт,шрифта,шрифт,шрифту,шрифте|шрифты,шрифтов,шрифты,шрифтам,шрифтах
4826|m|inan|перевод,перевода,перевод,переводу,переводе|переводы,переводов,переводы,переводам,переводах
4828|m|inan|подлинник,подлинника,подлинник,подлиннику,подлиннике|подлинники,подлинников,подлинники,подлинникам,подлинниках
4832|m|inan|бестселлер,бестселлера,бестселлер,бестселлеру,бестселлере|бестселлеры,бестселлеров,бестселлеры,бестселлерам,бестселлерах
4835|f|inan|энциклопедия,энциклопедии,энциклопедию,энциклопедии,энциклопедии|энциклопедии,энциклопедий,энциклопедии,энциклопедиям,энциклопедиях
4836|f|inan|охота,охоты,охоту,охоте,охоте|охоты,охот,охоты,охотам,охотах
4838|m|anim|охотник,охотника,охотника,охотнику,охотнике|охотники,охотников,охотников,охотникам,охотниках
4840|n|inan|ружьё,ружья,ружьё,ружью,ружье|ружья,ружей,ружья,ружьям,ружьях
4841|m|inan|патрон,патрона,патрон,патрону,патроне|патроны,патронов,патроны,патронам,патронах
4842|f|inan|дробь,дроби,дробь,дроби,дроби|дроби,дробей,дроби,дробям,дробях
4843|m|inan|капкан,капкана,капкан,капкану,капкане|капканы,капканов,капканы,капканам,капканах
4844|f|inan|ловушка,ловушки,ловушку,ловушке,ловушке|ловушки,ловушек,ловушки,ловушкам,ловушках
4847|m|anim|браконьер,браконьера,браконьера,браконьеру,браконьере|браконьеры,браконьеров,браконьеров,браконьерам,браконьерах
4848|f|inan|дичь,дичи,дичь,дичи,дичи|дичь,дичи,дичь,дичи,дичи
4850|n|inan|сафари,сафари,сафари,сафари,сафари|сафари,сафари,сафари,сафари,сафари
4851|n|inan|чучело,чучела,чучело,чучелу,чучеле|чучела,чучел,чучела,чучелам,чучелах
4852|m|anim|рыбак,рыбака,рыбака,рыбаку,рыбаке|рыбаки,рыбаков,рыбаков,рыбакам,рыбаках
4857|m|inan|крючок,крючка,крючок,крючку,крючке|крючки,крючков,крючки,крючкам,крючках
4858|m|inan|поплавок,поплавка,поплавок,поплавку,поплавке|поплавки,поплавков,поплавки,поплавкам,поплавках
4859|f|inan|наживка,наживки,наживку,наживке,наживке|наживки,наживок,наживки,наживкам,наживках
4864|f|inan|сеть,сети,сеть,сети,сети|сети,сетей,сети,сетям,сетях
4872|m|inan|гарпун,гарпуна,гарпун,гарпуну,гарпуне|гарпуны,гарпунов,гарпуны,гарпунам,гарпунах
4874|f|inan|бильярдная,бильярдной,бильярдную,бильярдной,бильярдной|бильярдные,бильярдных,бильярдные,бильярдным,бильярдных
4877|m|inan|кий,кия,кий,кию,кие|кии,киёв,кии,киям,киях
4878|f|inan|луза,лузы,лузу,лузе,лузе|лузы,луз,лузы,лузам,лузах
4879|f|inan|бубны,бубен,бубны,бубнам,бубнах|бубны,бубен,бубны,бубнам,бубнах
4880|f|inan|пики,пик,пики,пикам,пиках|пики,пик,пики,пикам,пиках
4881|f|inan|червы,червей,червы,червам,червах|червы,червей,червы,червам,червах
4882|f|inan|трефы,треф,трефы,трефам,трефах|трефы,треф,трефы,трефам,трефах
4883|m|inan|туз,туза,туз,тузу,тузе|тузы,тузов,тузы,тузам,тузах
4884|m|anim|король,короля,короля,королю,короле|короли,королей,королей,королям,королях
4885|f|anim|дама,дамы,даму,даме,даме|дамы,дам,дам,дамам,дамах
4886|m|anim|валет,валета,валета,валету,валете|валеты,валетов,валетов,валетам,валетах
4887|f|inan|игральная карта,игральной карты,игральную карту,игральной карте,игральной карте|игральные карты,игральных карт,игральные карты,игральным картам,игральных картах
4889|m|inan|козырь,козыря,козырь,козырю,козыре|козыри,козырей,козыри,козырям,козырях
4891|n|inan|очко,очка,очко,очку,очке|очки,очков,очки,очкам,очках
4894|m|inan|ход,хода,ход,ходу,ходе|ходы,ходов,ходы,ходам,ходах
4895|m|anim|шулер,шулера,шулера,шулеру,шулере|шулеры,шулеров,шулеров,шулерам,шулерах
4904|m|anim|крупье,крупье,крупье,крупье,крупье|крупье,крупье,крупье,крупье,крупье
4907|f|inan|фишка,фишки,фишку,фишке,фишке|фишки,фишек,фишки,фишкам,фишках
4909|m|inan|выигрыш,выигрыша,выигрыш,выигрышу,выигрыше|выигрыши,выигрышей,выигрыши,выигрышам,выигрышах
4911|m|inan|проигрыш,проигрыша,проигрыш,проигрышу,проигрыше|проигрыши,проигрышей,проигрыши,проигрышам,проигрышах
4918|f|inan|прогулка,прогулки,прогулку,прогулке,прогулке|прогулки,прогулок,прогулки,прогулкам,прогулках
4919|f|inan|прогулка,прогулки,прогулку,прогулке,прогулке|прогулки,прогулок,прогулки,прогулкам,прогулках
4921|m|inan|пикник,пикника,пикник,пикнику,пикнике|пикники,пикников,пикники,пикникам,пикниках
4922|f|inan|игра,игры,игру,игре,игре|игры,игр,игры,играм,играх
4924|f|inan|партия,партии,партию,партии,партии|партии,партий,партии,партиям,партиях
4925|m|anim|коллекционер,коллекционера,коллекционера,коллекционеру,коллекционере|коллекционеры,коллекционеров,коллекционеров,коллекционерам,коллекционерах
4927|f|inan|коллекция,коллекции,коллекцию,коллекции,коллекции|коллекции,коллекций,коллекции,коллекциям,коллекциях
4928|m|inan|кроссворд,кроссворда,кроссворд,кроссворду,кроссворде|кроссворды,кроссвордов,кроссворды,кроссвордам,кроссвордах
4929|m|inan|ипподром,ипподрома,ипподром,ипподрому,ипподроме|ипподромы,ипподромов,ипподромы,ипподромам,ипподромах
4930|f|inan|дискотека,дискотеки,дискотеку,дискотеке,дискотеке|дискотеки,дискотек,дискотеки,дискотекам,дискотеках
4931|f|inan|сауна,сауны,сауну,сауне,сауне|сауны,саун,сауны,саунам,саунах
4932|f|inan|лотерея,лотереи,лотерею,лотерее,лотерее|лотереи,лотерей,лотереи,лотереям,лотереях
4933|m|inan|поход,похода,поход,походу,походе|походы,походов,походы,походам,походах
4934|m|inan|лагерь,лагеря,лагерь,лагерю,лагере|лагеря,лагерей,лагеря,лагерям,лагерях
4935|f|inan|палатка,палатки,палатку,палатке,палатке|палатки,палаток,палатки,палаткам,палатках
4936|m|inan|компас,компаса,компас,компасу,компасе|компасы,компасов,компасы,компасам,компасах
4937|m|anim|турист,туриста,туриста,туристу,туристе|туристы,туристов,туристов,туристам,туристах
4939|m|anim|телезритель,телезрителя,телезрителя,телезрителю,телезрителе|телезрители,телезрителей,телезрителей,телезрителям,телезрителях
4940|f|inan|телепередача,телепередачи,телепередачу,телепередаче,телепередаче|телепередачи,телепередач,телепередачи,телепередачам,телепередачах
4942|n|inan|фото,фото,фото,фото,фото|фото,фото,фото,фото,фото
4943|m|anim|фотограф,фотографа,фотографа,фотографу,фотографе|фотографы,фотографов,фотографов,фотографам,фотографах
4944|f|inan|фотостудия,фотостудии,фотостудию,фотостудии,фотостудии|фотостудии,фотостудий,фотостудии,фотостудиям,фотостудиях
4945|m|inan|фотоальбом,фотоальбома,фотоальбом,фотоальбому,фотоальбоме|фотоальбомы,фотоальбомов,фотоальбомы,фотоальбомам,фотоальбомах
4946|m|inan|объектив,объектива,объектив,объективу,объективе|объективы,объективов,объективы,объективам,объективах
4947|m|inan|телеобъектив,телеобъектива,телеобъектив,телеобъективу,телеобъективе|телеобъективы,телеобъективов,телеобъективы,телеобъективам,телеобъективах
4949|f|inan|линза,линзы,линзу,линзе,линзе|линзы,линз,линзы,линзам,линзах
4951|f|inan|диафрагма,диафрагмы,диафрагму,диафрагме,диафрагме|диафрагмы,диафрагм,диафрагмы,диафрагмам,диафрагмах
4952|f|inan|выдержка,выдержки,выдержку,выдержке,выдержке|выдержки,выдержек,выдержки,выдержкам,выдержках
4953|m|inan|видоискатель,видоискателя,видоискатель,видоискателю,видоискателе|видоискатели,видоискателей,видоискатели,видоискателям,видоискателях
4955|m|inan|штатив,штатива,штатив,штативу,штативе|штативы,штативов,штативы,штативам,штативах
4956|f|inan|вспышка,вспышки,вспышку,вспышке,вспышке|вспышки,вспышек,вспышки,вспышкам,вспышках
4960|m|inan|фокус,фокуса,фокус,фокусу,фокусе|фокусы,фокусов,фокусы,фокусам,фокусах
4963|f|inan|резкость,резкости,резкость,резкости,резкости|резкости,резкостей,резкости,резкостям,резкостях
4964|m|inan|контраст,контраста,контраст,контрасту,контрасте|контрасты,контрастов,контрасты,контрастам,контрастах
4966|m|inan|снимок,снимка,снимок,снимку,снимке|снимки,снимков,снимки,снимкам,снимках
4967|m|inan|негатив,негатива,негатив,негативу,негативе|негативы,негативов,негативы,негативам,негативах
4968|f|inan|фотоплёнка,фотоплёнки,фотоплёнку,фотоплёнке,фотоплёнке|фотоплёнки,фотоплёнок,фотоплёнки,фотоплёнкам,фотоплёнках
4969|m|inan|кадр,кадра,кадр,кадру,кадре|кадры,кадров,кадры,кадрам,кадрах
4971|m|inan|пляж,пляжа,пляж,пляжу,пляже|пляжи,пляжей,пляжи,пляжам,пляжах
4972|m|inan|песок,песка,песок,песку,песке|пески,песков,пески,пескам,песках
4978|n|inan|бикини,бикини,бикини,бикини,бикини|бикини,бикини,бикини,бикини,бикини
4980|m|inan|плавки,плавок,плавки,плавкам,плавках|плавки,плавок,плавки,плавкам,плавках
4981|m|inan|бассейн,бассейна,бассейн,бассейну,бассейне|бассейны,бассейнов,бассейны,бассейнам,бассейнах
4986|f|inan|лодка,лодки,лодку,лодке,лодке|лодки,лодок,лодки,лодкам,лодках
4987|m|inan|катер,катера,катер,катеру,катере|катера,катеров,катера,катерам,катерах
4990|m|inan|серфинг,серфинга,серфинг,серфингу,серфинге|серфинги,серфингов,серфинги,серфингам,серфингах
4991|m|anim|серфингист,серфингиста,серфингиста,серфингисту,серфингисте|серфингисты,серфингистов,серфингистов,серфингистам,серфингистах
4992|m|inan|акваланг,акваланга,акваланг,аквалангу,акваланге|акваланги,аквалангов,акваланги,аквалангам,аквалангах
4993|m|inan|ласты,ласт,ласты,ластам,ластах|ласты,ласт,ласты,ластам,ластах
4994|f|inan|маска,маски,маску,маске,маске|маски,масок,маски,маскам,масках
4995|m|anim|ныряльщик,ныряльщика,ныряльщика,ныряльщику,ныряльщике|ныряльщики,ныряльщиков,ныряльщиков,ныряльщикам,ныряльщиках
4999|m|inan|шезлонг,шезлонга,шезлонг,шезлонгу,шезлонге|шезлонги,шезлонгов,шезлонги,шезлонгам,шезлонгах
5000|m|inan|очки,очков,очки,очкам,очках|очки,очков,очки,очкам,очках
5007|f|inan|волна,волны,волну,волне,волне|волны,волн,волны,волнам,волнах
5008|m|inan|буй,буя,буй,бую,буе|буи,буёв,буи,буям,буях
5015|m|inan|ноутбук,ноутбука,ноутбук,ноутбуку,ноутбуке|ноутбуки,ноутбуков,ноутбуки,ноутбукам,ноутбуках
5018|f|inan|клавиатура,клавиатуры,клавиатуру,клавиатуре,клавиатуре|клавиатуры,клавиатур,клавиатуры,клавиатурам,клавиатурах
5019|f|inan|клавиша,клавиши,клавишу,клавише,клавише|клавиши,клавиш,клавиши,клавишам,клавишах
5020|f|anim|мышь,мыши,мышь,мыши,мыши|мыши,мышей,мышей,мышам,мышах
5023|m|inan|курсор,курсора,курсор,курсору,курсоре|курсоры,курсоров,курсоры,курсорам,курсорах
5024|m|inan|монитор,монитора,монитор,монитору,мониторе|мониторы,мониторов,мониторы,мониторам,мониторах
5030|m|inan|файл,файла,файл,файлу,файле|файлы,файлов,файлы,файлам,файлах
5031|f|inan|папка,папки,папку,папке,папке|папки,папок,папки,папкам,папках
5039|f|inan|программа,программы,программу,программе,программе|программы,программ,программы,программам,программах
5041|m|anim|программист,программиста,программиста,программисту,программисте|программисты,программистов,программистов,программистам,программистах
5045|m|inan|вирус,вируса,вирус,вирусу,вирусе|вирусы,вирусов,вирусы,вирусам,вирусах
5047|m|inan|байт,байта,байт,байту,байте|байты,байтов,байты,байтам,байтах
5048|m|inan|мегабайт,мегабайта,мегабайт,мегабайту,мегабайте|мегабайты,мегабайтов,мегабайты,мегабайтам,мегабайтах
5051|m|inan|кабель,кабеля,кабель,кабелю,кабеле|кабели,кабелей,кабели,кабелям,кабелях
5054|m|inan|интернет,интернета,интернет,интернету,интернете|интернеты,интернетов,интернеты,интернетам,интернетах
5055|m|inan|браузер,браузера,браузер,браузеру,браузере|браузеры,браузеров,браузеры,браузерам,браузерах
5057|m|inan|провайдер,провайдера,провайдер,провайдеру,провайдере|провайдеры,провайдеров,провайдеры,провайдерам,провайдерах
5064|f|inan|почта,почты,почту,почте,почте|почты,почт,почты,почтам,почтах
5066|n|inan|сообщение,сообщения,сообщение,сообщению,сообщении|сообщения,сообщений,сообщения,сообщениям,сообщениях
5074|f|inan|переписка,переписки,переписку,переписке,переписке|переписки,переписок,переписки,перепискам,переписках
5081|f|inan|связь,связи,связь,связи,связи|связи,связей,связи,связям,связях
5082|f|inan|скорость,скорости,скорость,скорости,скорости|скорости,скоростей,скорости,скоростям,скоростях
5083|m|inan|модем,модема,модем,модему,модеме|модемы,модемов,модемы,модемам,модемах
5085|m|inan|порт,порта,порт,порту,порте|порты,портов,порты,портам,портах
5086|n|inan|подключение,подключения,подключение,подключению,подключении|подключения,подключений,подключения,подключениям,подключениях
5093|f|inan|энергия,энергии,энергию,энергии,энергии|энергии,энергий,энергии,энергиям,энергиях
5096|m|inan|фонарь,фонаря,фонарь,фонарю,фонаре|фонари,фонарей,фонари,фонарям,фонарях
5097|m|inan|фонарь,фонаря,фонарь,фонарю,фонаре|фонари,фонарей,фонари,фонарям,фонарях
5098|m|inan|свет,света,свет,свету,свете|светы,светов,светы,светам,светах
5104|m|inan|обрыв,обрыва,обрыв,обрыву,обрыве|обрывы,обрывов,обрывы,обрывам,обрывах
5105|m|inan|контакт,контакта,контакт,контакту,контакте|контакты,контактов,контакты,контактам,контактах
5107|f|inan|розетка,розетки,розетку,розетке,розетке|розетки,розеток,розетки,розеткам,розетках
5108|f|inan|вилка,вилки,вилку,вилке,вилке|вилки,вилок,вилки,вилкам,вилках
5109|m|inan|удлинитель,удлинителя,удлинитель,удлинителю,удлинителе|удлинители,удлинителей,удлинители,удлинителям,удлинителях
5110|m|inan|предохранитель,предохранителя,предохранитель,предохранителю,предохранителе|предохранители,предохранителей,предохранители,предохранителям,предохранителях
5116|n|inan|напряжение,напряжения,напряжение,напряжению,напряжении|напряжения,напряжений,напряжения,напряжениям,напряжениях
5118|m|inan|индикатор,индикатора,индикатор,индикатору,индикаторе|индикаторы,индикаторов,индикаторы,индикаторам,индикаторах
5119|m|anim|электрик,электрика,электрика,электрику,электрике|электрики,электриков,электриков,электрикам,электриках
5121|m|inan|паяльник,паяльника,паяльник,паяльнику,паяльнике|паяльники,паяльников,паяльники,паяльникам,паяльниках
5122|m|inan|ток,тока,ток,току,токе|токи,токов,токи,токам,токах
5123|m|inan|инструмент,инструмента,инструмент,инструменту,инструменте|инструменты,инструментов,инструменты,инструментам,инструментах
5127|f|inan|отвёртка,отвёртки,отвёртку,отвёртке,отвёртке|отвёртки,отвёрток,отвёртки,отвёрткам,отвёртках
5128|m|inan|топор,топора,топор,топору,топоре|топоры,топоров,топоры,топорам,топорах
5129|f|inan|пила,пилы,пилу,пиле,пиле|пилы,пил,пилы,пилам,пилах
5131|m|inan|рубанок,рубанка,рубанок,рубанку,рубанке|рубанки,рубанков,рубанки,рубанкам,рубанках
5135|m|inan|напильник,напильника,напильник,напильнику,напильнике|напильники,напильников,напильники,напильникам,напильниках
5136|m|inan|клещи,клещей,клещи,клещам,клещах|клещи,клещей,клещи,клещам,клещах
5138|f|inan|стамеска,стамески,стамеску,стамеске,стамеске|стамески,стамесок,стамески,стамескам,стамесках
5139|n|inan|сверло,сверла,сверло,сверлу,сверле|свёрла,свёрл,свёрла,свёрлам,свёрлах
5140|f|inan|дрель,дрели,дрель,дрели,дрели|дрели,дрелей,дрели,дрелям,дрелях
5144|m|inan|складной нож,складного ножа,складной нож,складному ножу,складном ноже|складные ножи,складных ножей,складные ножи,складным ножам,складных ножах
5145|n|inan|лезвие,лезвия,лезвие,лезвию,лезвии|лезвия,лезвий,лезвия,лезвиям,лезвиях
5150|m|inan|болт,болта,болт,болту,болте|болты,болтов,болты,болтам,болтах
5151|f|inan|гайка,гайки,гайку,гайке,гайке|гайки,гаек,гайки,гайкам,гайках
5152|f|inan|резьба,резьбы,резьбу,резьбе,резьбе|резьбы,резьб,резьбы,резьбам,резьбах
5153|m|inan|шуруп,шурупа,шуруп,шурупу,шурупе|шурупы,шурупов,шурупы,шурупам,шурупах
5154|m|inan|гвоздь,гвоздя,гвоздь,гвоздю,гвозде|гвозди,гвоздей,гвозди,гвоздям,гвоздях
5155|f|inan|шляпка,шляпки,шляпку,шляпке,шляпке|шляпки,шляпок,шляпки,шляпкам,шляпках
5157|f|inan|рулетка,рулетки,рулетку,рулетке,рулетке|рулетки,рулеток,рулетки,рулеткам,рулетках
5158|m|inan|уровень,уровня,уровень,уровню,уровне|уровни,уровней,уровни,уровням,уровнях
5159|f|inan|лупа,лупы,лупу,лупе,лупе|лупы,луп,лупы,лупам,лупах
5162|f|inan|шкала,шкалы,шкалу,шкале,шкале|шкалы,шкал,шкалы,шкалам,шкалах
5163|n|inan|показание,показания,показание,показанию,показании|показания,показаний,показания,показаниям,показаниях
5164|m|inan|компрессор,компрессора,компрессор,компрессору,компрессоре|компрессоры,компрессоров,компрессоры,компрессорам,компрессорах
5165|m|inan|микроскоп,микроскопа,микроскоп,микроскопу,микроскопе|микроскопы,микроскопов,микроскопы,микроскопам,микроскопах
5166|m|inan|насос,насоса,насос,насосу,насосе|насосы,насосов,насосы,насосам,насосах
5167|m|anim|робот,робота,робота,роботу,роботе|роботы,роботов,роботов,роботам,роботах
5168|m|inan|лазер,лазера,лазер,лазеру,лазере|лазеры,лазеров,лазеры,лазерам,лазерах
5172|f|inan|наждачная бумага,наждачной бумаги,наждачную бумагу,наждачной бумаге,наждачной бумаге|наждачные бумаги,наждачных бумаг,наждачные бумаги,наждачным бумагам,наждачных бумагах
5173|f|inan|пружина,пружины,пружину,пружине,пружине|пружины,пружин,пружины,пружинам,пружинах
5174|m|inan|магнит,магнита,магнит,магниту,магните|магниты,магнитов,магниты,магнитам,магнитах
5176|f|inan|верёвка,верёвки,верёвку,верёвке,верёвке|верёвки,верёвок,верёвки,верёвкам,верёвках
5177|m|inan|шнур,шнура,шнур,шнуру,шнуре|шнуры,шнуров,шнуры,шнурам,шнурах
5180|f|inan|кувалда,кувалды,кувалду,кувалде,кувалде|кувалды,кувалд,кувалды,кувалдам,кувалдах
5181|m|inan|лом,лома,лом,лому,ломе|ломы,ломов,ломы,ломам,ломах
5182|f|inan|лестница,лестницы,лестницу,лестнице,лестнице|лестницы,лестниц,лестницы,лестницам,лестницах
5189|f|inan|неисправность,неисправности,неисправность,неисправности,неисправности|неисправности,неисправностей,неисправности,неисправностям,неисправностях
5190|f|inan|починка,починки,починку,починке,починке|починки,починок,починки,починкам,починках
5194|f|inan|проверка,проверки,проверку,проверке,проверке|проверки,проверок,проверки,проверкам,проверках
5200|f|inan|ржавчина,ржавчины,ржавчину,ржавчине,ржавчине|ржавчины,ржавчин,ржавчины,ржавчинам,ржавчинах
5204|m|inan|аэропорт,аэропорта,аэропорт,аэропорту,аэропорте|аэропорты,аэропортов,аэропорты,аэропортам,аэропортах
5207|m|inan|экипаж,экипажа,экипаж,экипажу,экипаже|экипажи,экипажей,экипажи,экипажам,экипажах
5208|m|anim|пилот,пилота,пилота,пилоту,пилоте|пилоты,пилотов,пилотов,пилотам,пилотах
5212|m|inan|хвост,хвоста,хвост,хвосту,хвосте|хвосты,хвостов,хвосты,хвостам,хвостах
5213|f|inan|кабина,кабины,кабину,кабине,кабине|кабины,кабин,кабины,кабинам,кабинах
5214|m|inan|двигатель,двигателя,двигатель,двигателю,двигателе|двигатели,двигателей,двигатели,двигателям,двигателях
5215|n|inan|шасси,шасси,шасси,шасси,шасси|шасси,шасси,шасси,шасси,шасси
5216|f|inan|турбина,турбины,турбину,турбине,турбине|турбины,турбин,турбины,турбинам,турбинах
5217|m|inan|пропеллер,пропеллера,пропеллер,пропеллеру,пропеллере|пропеллеры,пропеллеров,пропеллеры,пропеллерам,пропеллерах
5219|m|inan|штурвал,штурвала,штурвал,штурвалу,штурвале|штурвалы,штурвалов,штурвалы,штурвалам,штурвалах
5220|n|inan|горючее,горючего,горючее,горючему,горючем|горючие,горючих,горючие,горючим,горючих
5223|f|inan|униформа,униформы,униформу,униформе,униформе|униформы,униформ,униформы,униформам,униформах
5225|m|inan|парашют,парашюта,парашют,парашюту,парашюте|парашюты,парашютов,парашюты,парашютам,парашютах
5226|m|inan|взлёт,взлёта,взлёт,взлёту,взлёте|взлёты,взлётов,взлёты,взлётам,взлётах
5229|f|inan|видимость,видимости,видимость,видимости,видимости|видимости,видимостей,видимости,видимостям,видимостях
5230|m|inan|полёт,полёта,полёт,полёту,полёте|полёты,полётов,полёты,полётам,полётах
5236|m|inan|иллюминатор,иллюминатора,иллюминатор,иллюминатору,иллюминаторе|иллюминаторы,иллюминаторов,иллюминаторы,иллюминаторам,иллюминаторах
5241|m|inan|тепловоз,тепловоза,тепловоз,тепловозу,тепловозе|тепловозы,тепловозов,тепловозы,тепловозам,тепловозах
5242|m|inan|паровоз,паровоза,паровоз,паровозу,паровозе|паровозы,паровозов,паровозы,паровозам,паровозах
5243|m|inan|вагон,вагона,вагон,вагону,вагоне|вагоны,вагонов,вагоны,вагонам,вагонах
5247|f|inan|шпала,шпалы,шпалу,шпале,шпале|шпалы,шпал,шпалы,шпалам,шпалах
5248|f|inan|платформа,платформы,платформу,платформе,платформе|платформы,платформ,платформы,платформам,платформах
5249|m|inan|путь,пути,путь,пути,пути|пути,путей,пути,путям,путях
5250|m|inan|семафор,семафора,семафор,семафору,семафоре|семафоры,семафоров,семафоры,семафорам,семафорах
5254|m|anim|проводник,проводника,проводника,проводнику,проводнике|проводники,проводников,проводников,проводникам,проводниках
5255|m|anim|пассажир,пассажира,пассажира,пассажиру,пассажире|пассажиры,пассажиров,пассажиров,пассажирам,пассажирах
5257|m|inan|коридор,коридора,коридор,коридору,коридоре|коридоры,коридоров,коридоры,коридорам,коридорах
5259|n|inan|купе,купе,купе,купе,купе|купе,купе,купе,купе,купе
5260|f|inan|полка,полки,полку,полке,полке|полки,полок,полки,полкам,полках
5266|n|inan|табло,табло,табло,табло,табло|табло,табло,табло,табло,табло
5268|n|inan|отправление,отправления,отправление,отправлению,отправлении|отправления,отправлений,отправления,отправлениям,отправлениях
5274|n|inan|крушение,крушения,крушение,крушению,крушении|крушения,крушений,крушения,крушениям,крушениях
5277|m|anim|кочегар,кочегара,кочегара,кочегару,кочегаре|кочегары,кочегаров,кочегаров,кочегарам,кочегарах
5278|f|inan|топка,топки,топку,топке,топке|топки,топок,топки,топкам,топках
5280|m|inan|корабль,корабля,корабль,кораблю,корабле|корабли,кораблей,корабли,кораблям,кораблях
5281|n|inan|судно,судна,судно,судну,судне|суда,судов,суда,судам,судах
5282|m|inan|пароход,парохода,пароход,пароходу,пароходе|пароходы,пароходов,пароходы,пароходам,пароходах
5283|m|inan|теплоход,теплохода,теплоход,теплоходу,теплоходе|теплоходы,теплоходов,теплоходы,теплоходам,теплоходах
5284|m|inan|лайнер,лайнера,лайнер,лайнеру,лайнере|лайнеры,лайнеров,лайнеры,лайнерам,лайнерах
5285|m|inan|крейсер,крейсера,крейсер,крейсеру,крейсере|крейсеры,крейсеров,крейсеры,крейсерам,крейсерах
5286|f|inan|яхта,яхты,яхту,яхте,яхте|яхты,яхт,яхты,яхтам,яхтах
5288|f|inan|баржа,баржи,баржу,барже,барже|баржи,барж,баржи,баржам,баржах
5289|m|inan|паром,парома,паром,парому,пароме|паромы,паромов,паромы,паромам,паромах
5291|f|inan|бригантина,бригантины,бригантину,бригантине,бригантине|бригантины,бригантин,бригантины,бригантинам,бригантинах
5292|m|inan|ледокол,ледокола,ледокол,ледоколу,ледоколе|ледоколы,ледоколов,ледоколы,ледоколам,ледоколах
5295|f|inan|шлюпка,шлюпки,шлюпку,шлюпке,шлюпке|шлюпки,шлюпок,шлюпки,шлюпкам,шлюпках
5298|m|anim|капитан,капитана,капитана,капитану,капитане|капитаны,капитанов,капитанов,капитанам,капитанах
5302|m|anim|боцман,боцмана,боцмана,боцману,боцмане|боцманы,боцманов,боцманов,боцманам,боцманах
5303|m|anim|юнга,юнги,юнгу,юнге,юнге|юнги,юнг,юнг,юнгам,юнгах
5304|m|anim|кок,кока,кока,коку,коке|коки,коков,коков,кокам,коках
5306|f|inan|палуба,палубы,палубу,палубе,палубе|палубы,палуб,палубы,палубам,палубах
5307|f|inan|мачта,мачты,мачту,мачте,мачте|мачты,мачт,мачты,мачтам,мачтах
5308|m|inan|парус,паруса,парус,парусу,парусе|паруса,парусов,паруса,парусам,парусах
5309|m|inan|трюм,трюма,трюм,трюму,трюме|трюмы,трюмов,трюмы,трюмам,трюмах
5310|m|inan|нос,носа,нос,носу,носе|носы,носов,носы,носам,носах
5311|f|inan|корма,кормы,корму,корме,корме|кормы,корм,кормы,кормам,кормах
5312|n|inan|весло,весла,весло,веслу,весле|вёсла,вёсел,вёсла,вёслам,вёслах
5313|m|inan|винт,винта,винт,винту,винте|винты,винтов,винты,винтам,винтах
5314|f|inan|каюта,каюты,каюту,каюте,каюте|каюты,кают,каюты,каютам,каютах
5318|f|inan|радиорубка,радиорубки,радиорубку,радиорубке,радиорубке|радиорубки,радиорубок,радиорубки,радиорубкам,радиорубках
5319|f|inan|волна,волны,волну,волне,волне|волны,волн,волны,волнам,волнах
5322|m|inan|колокол,колокола,колокол,колоколу,колоколе|колокола,колоколов,колокола,колоколам,колоколах
5323|m|inan|флаг,флага,флаг,флагу,флаге|флаги,флагов,флаги,флагам,флагах
5325|m|inan|поручень,поручня,поручень,поручню,поручне|поручни,поручней,поручни,поручням,поручнях
5326|m|inan|трап,трапа,трап,трапу,трапе|трапы,трапов,трапы,трапам,трапах
5327|m|inan|якорь,якоря,якорь,якорю,якоре|якоря,якорей,якоря,якорям,якорях
5331|m|inan|порт,порта,порт,порту,порте|порты,портов,порты,портам,портах
5332|m|inan|причал,причала,причал,причалу,причале|причалы,причалов,причалы,причалам,причалах
5337|m|inan|курс,курса,курс,курсу,курсе|курсы,курсов,курсы,курсам,курсах
5339|m|inan|фарватер,фарватера,фарватер,фарватеру,фарватере|фарватеры,фарватеров,фарватеры,фарватерам,фарватерах
5340|f|inan|мель,мели,мель,мели,мели|мели,мелей,мели,мелям,мелях
5342|f|inan|буря,бури,бурю,буре,буре|бури,бурь,бури,бурям,бурях
5343|m|inan|сигнал,сигнала,сигнал,сигналу,сигнале|сигналы,сигналов,сигналы,сигналам,сигналах
5349|m|anim|диспетчер,диспетчера,диспетчера,диспетчеру,диспетчере|диспетчеры,диспетчеров,диспетчеров,диспетчерам,диспетчерах
5358|f|inan|информация,информации,информацию,информации,информации|информации,информаций,информации,информациям,информациях
5360|m|inan|рейс,рейса,рейс,рейсу,рейсе|рейсы,рейсов,рейсы,рейсам,рейсах
5361|f|inan|таможня,таможни,таможню,таможне,таможне|таможни,таможен,таможни,таможням,таможнях
5369|f|inan|тележка,тележки,тележку,тележке,тележке|тележки,тележек,тележки,тележкам,тележках
5370|f|inan|посадка,посадки,посадку,посадке,посадке|посадки,посадок,посадки,посадкам,посадках
5373|m|inan|трап,трапа,трап,трапу,трапе|трапы,трапов,трапы,трапам,трапах
5378|m|inan|выход,выхода,выход,выходу,выходе|выходы,выходов,выходы,выходам,выходах
5379|m|inan|транзит,транзита,транзит,транзиту,транзите|транзиты,транзитов,транзиты,транзитам,транзитах
5384|m|inan|велосипед,велосипеда,велосипед,велосипеду,велосипеде|велосипеды,велосипедов,велосипеды,велосипедам,велосипедах
5385|m|inan|мотороллер,мотороллера,мотороллер,мотороллеру,мотороллере|мотороллеры,мотороллеров,мотороллеры,мотороллерам,мотороллерах
5386|m|inan|мотоцикл,мотоцикла,мотоцикл,мотоциклу,мотоцикле|мотоциклы,мотоциклов,мотоциклы,мотоциклам,мотоциклах
5388|m|inan|руль,руля,руль,рулю,руле|рули,рулей,рули,рулям,рулях
5389|f|inan|педаль,педали,педаль,педали,педали|педали,педалей,педали,педалям,педалях
5391|n|inan|седло,седла,седло,седлу,седле|сёдла,сёдел,сёдла,сёдлам,сёдлах
5393|m|inan|багажник,багажника,багажник,багажнику,багажнике|багажники,багажников,багажники,багажникам,багажниках
5394|m|inan|фонарь,фонаря,фонарь,фонарю,фонаре|фонари,фонарей,фонари,фонарям,фонарях
5396|n|inan|колесо,колеса,колесо,колесу,колесе|колёса,колёс,колёса,колёсам,колёсах
5397|n|inan|крыло,крыла,крыло,крылу,крыле|крылья,крыльев,крылья,крыльям,крыльях
5398|m|inan|обод,обода,обод,ободу,ободе|ободья,ободьев,ободья,ободьям,ободьях
5399|f|inan|спица,спицы,спицу,спице,спице|спицы,спиц,спицы,спицам,спицах
5400|m|inan|автомобиль,автомобиля,автомобиль,автомобилю,автомобиле|автомобили,автомобилей,автомобили,автомобилям,автомобилях
5402|m|inan|лимузин,лимузина,лимузин,лимузину,лимузине|лимузины,лимузинов,лимузины,лимузинам,лимузинах
5403|m|inan|внедорожник,внедорожника,внедорожник,внедорожнику,внедорожнике|внедорожники,внедорожников,внедорожники,внедорожникам,внедорожниках
5404|m|inan|кабриолет,кабриолета,кабриолет,кабриолету,кабриолете|кабриолеты,кабриолетов,кабриолеты,кабриолетам,кабриолетах
5405|m|inan|микроавтобус,микроавтобуса,микроавтобус,микроавтобусу,микроавтобусе|микроавтобусы,микроавтобусов,микроавтобусы,микроавтобусам,микроавтобусах
5410|m|inan|фургон,фургона,фургон,фургону,фургоне|фургоны,фургонов,фургоны,фургонам,фургонах
5412|m|inan|прицеп,прицепа,прицеп,прицепу,прицепе|прицепы,прицепов,прицепы,прицепам,прицепах
5415|m|inan|капот,капота,капот,капоту,капоте|капоты,капотов,капоты,капотам,капотах
5424|f|inan|антенна,антенны,антенну,антенне,антенне|антенны,антенн,антенны,антеннам,антеннах
5425|m|inan|люк,люка,люк,люку,люке|люки,люков,люки,люкам,люках
5426|m|inan|бампер,бампера,бампер,бамперу,бампере|бамперы,бамперов,бамперы,бамперам,бамперах
5428|f|inan|дверца,дверцы,дверцу,дверце,дверце|дверцы,дверец,дверцы,дверцам,дверцах
5430|m|inan|замок,замка,замок,замку,замке|замки,замков,замки,замкам,замках
5431|m|inan|номер,номера,номер,номеру,номере|номера,номеров,номера,номерам,номерах
5432|m|inan|глушитель,глушителя,глушитель,глушителю,глушителе|глушители,глушителей,глушители,глушителям,глушителях
5433|m|inan|бензобак,бензобака,бензобак,бензобаку,бензобаке|бензобаки,бензобаков,бензобаки,бензобакам,бензобаках
5438|m|inan|тормоз,тормоза,тормоз,тормозу,тормозе|тормоза,тормозов,тормоза,тормозам,тормозах
5442|n|inan|сцепление,сцепления,сцепление,сцеплению,сцеплении|сцепления,сцеплений,сцепления,сцеплениям,сцеплениях
5445|m|inan|амортизатор,амортизатора,амортизатор,амортизатору,амортизаторе|амортизаторы,амортизаторов,амортизаторы,амортизаторам,амортизаторах
5448|m|inan|колпак,колпака,колпак,колпаку,колпаке|колпаки,колпаков,колпаки,колпакам,колпаках
5457|f|inan|фара,фары,фару,фаре,фаре|фары,фар,фары,фарам,фарах
5467|m|inan|салон,салона,салон,салону,салоне|салоны,салонов,салоны,салонам,салонах
5470|f|inan|обивка,обивки,обивку,обивке,обивке|обивки,обивок,обивки,обивкам,обивках
5471|m|inan|прибор,прибора,прибор,прибору,приборе|приборы,приборов,приборы,приборам,приборах
5473|m|inan|спидометр,спидометра,спидометр,спидометру,спидометре|спидометры,спидометров,спидометры,спидометрам,спидометрах
5474|f|inan|стрелка,стрелки,стрелку,стрелке,стрелке|стрелки,стрелок,стрелки,стрелкам,стрелках
5475|m|inan|счётчик,счётчика,счётчик,счётчику,счётчике|счётчики,счётчиков,счётчики,счётчикам,счётчиках
5476|m|inan|датчик,датчика,датчик,датчику,датчике|датчики,датчиков,датчики,датчикам,датчиках
5477|m|inan|уровень,уровня,уровень,уровню,уровне|уровни,уровней,уровни,уровням,уровнях
5478|f|inan|лампочка,лампочки,лампочку,лампочке,лампочке|лампочки,лампочек,лампочки,лампочкам,лампочках
5479|m|inan|руль,руля,руль,рулю,руле|рули,рулей,рули,рулям,рулях
5480|m|inan|сигнал,сигнала,сигнал,сигналу,сигнале|сигналы,сигналов,сигналы,сигналам,сигналах
5482|m|inan|переключатель,переключателя,переключатель,переключателю,переключателе|переключатели,переключателей,переключатели,переключателям,переключателях
5483|n|inan|сиденье,сиденья,сиденье,сиденью,сиденье|сиденья,сидений,сиденья,сиденьям,сиденьях
5484|f|inan|спинка,спинки,спинку,спинке,спинке|спинки,спинок,спинки,спинкам,спинках
5485|m|inan|подголовник,подголовника,подголовник,подголовнику,подголовнике|подголовники,подголовников,подголовники,подголовникам,подголовниках
5488|f|inan|регулировка,регулировки,регулировку,регулировке,регулировке|регулировки,регулировок,регулировки,регулировкам,регулировках
5495|n|inan|отделение,отделения,отделение,отделению,отделении|отделения,отделений,отделения,отделениям,отделениях
5496|f|inan|пепельница,пепельницы,пепельницу,пепельнице,пепельнице|пепельницы,пепельниц,пепельницы,пепельницам,пепельницах
5498|m|inan|мотор,мотора,мотор,мотору,моторе|моторы,моторов,моторы,моторам,моторах
5502|f|inan|мощность,мощности,мощность,мощности,мощности|мощности,мощностей,мощности,мощностям,мощностях
5504|m|inan|поршень,поршня,поршень,поршню,поршне|поршни,поршней,поршни,поршням,поршнях
5506|m|inan|клапан,клапана,клапан,клапану,клапане|клапаны,клапанов,клапаны,клапанам,клапанах
5507|m|inan|инжектор,инжектора,инжектор,инжектору,инжекторе|инжекторы,инжекторов,инжекторы,инжекторам,инжекторах
5508|m|inan|генератор,генератора,генератор,генератору,генераторе|генераторы,генераторов,генераторы,генераторам,генераторах
5509|m|inan|карбюратор,карбюратора,карбюратор,карбюратору,карбюраторе|карбюраторы,карбюраторов,карбюраторы,карбюраторам,карбюраторах
5511|m|inan|радиатор,радиатора,радиатор,радиатору,радиаторе|радиаторы,радиаторов,радиаторы,радиаторам,радиаторах
5513|m|inan|вентилятор,вентилятора,вентилятор,вентилятору,вентиляторе|вентиляторы,вентиляторов,вентиляторы,вентиляторам,вентиляторах
5514|m|inan|аккумулятор,аккумулятора,аккумулятор,аккумулятору,аккумуляторе|аккумуляторы,аккумуляторов,аккумуляторы,аккумуляторам,аккумуляторах
5515|m|inan|стартер,стартера,стартер,стартеру,стартере|стартеры,стартеров,стартеры,стартерам,стартерах
5518|f|inan|клемма,клеммы,клемму,клемме,клемме|клеммы,клемм,клеммы,клеммам,клеммах
5525|f|inan|авария,аварии,аварию,аварии,аварии|аварии,аварий,аварии,авариям,авариях
5529|n|inan|повреждение,повреждения,повреждение,повреждению,повреждении|повреждения,повреждений,повреждения,повреждениям,повреждениях
5533|m|inan|прокол,прокола,прокол,проколу,проколе|проколы,проколов,проколы,проколам,проколах
5536|n|inan|давление,давления,давление,давлению,давлении|давления,давлений,давления,давлениям,давлениях
5538|m|inan|ремонт,ремонта,ремонт,ремонту,ремонте|ремонты,ремонтов,ремонты,ремонтам,ремонтах
5541|f|inan|деталь,детали,деталь,детали,детали|детали,деталей,детали,деталям,деталях
5546|m|inan|подшипник,подшипника,подшипник,подшипнику,подшипнике|подшипники,подшипников,подшипники,подшипникам,подшипниках
5548|f|inan|прокладка,прокладки,прокладку,прокладке,прокладке|прокладки,прокладок,прокладки,прокладкам,прокладках
5550|m|inan|домкрат,домкрата,домкрат,домкрату,домкрате|домкраты,домкратов,домкраты,домкратам,домкратах
5552|m|inan|молоток,молотка,молоток,молотку,молотке|молотки,молотков,молотки,молоткам,молотках
5568|m|inan|стук,стука,стук,стуку,стуке|стуки,стуков,стуки,стукам,стуках
5569|f|inan|трещина,трещины,трещину,трещине,трещине|трещины,трещин,трещины,трещинам,трещинах
5571|f|inan|дорога,дороги,дорогу,дороге,дороге|дороги,дорог,дороги,дорогам,дорогах
5572|f|inan|автомагистраль,автомагистрали,автомагистраль,автомагистрали,автомагистрали|автомагистрали,автомагистралей,автомагистрали,автомагистралям,автомагистралях
5573|n|inan|шоссе,шоссе,шоссе,шоссе,шоссе|шоссе,шоссе,шоссе,шоссе,шоссе
5574|n|inan|направление,направления,направление,направлению,направлении|направления,направлений,направления,направлениям,направлениях
5575|n|inan|расстояние,расстояния,расстояние,расстоянию,расстоянии|расстояния,расстояний,расстояния,расстояниям,расстояниях
5577|m|inan|паркинг,паркинга,паркинг,паркингу,паркинге|паркинги,паркингов,паркинги,паркингам,паркингах
5580|m|inan|тоннель,тоннеля,тоннель,тоннелю,тоннеле|тоннели,тоннелей,тоннели,тоннелям,тоннелях
5583|f|inan|бензоколонка,бензоколонки,бензоколонку,бензоколонке,бензоколонке|бензоколонки,бензоколонок,бензоколонки,бензоколонкам,бензоколонках
5584|m|inan|автосервис,автосервиса,автосервис,автосервису,автосервисе|автосервисы,автосервисов,автосервисы,автосервисам,автосервисах
5586|n|inan|топливо,топлива,топливо,топливу,топливе|топлива,топлив,топлива,топливам,топливах
5588|m|inan|асфальт,асфальта,асфальт,асфальту,асфальте|асфальты,асфальтов,асфальты,асфальтам,асфальтах
5589|f|inan|разметка,разметки,разметку,разметке,разметке|разметки,разметок,разметки,разметкам,разметках
5590|m|inan|бордюр,бордюра,бордюр,бордюру,бордюре|бордюры,бордюров,бордюры,бордюрам,бордюрах
5591|n|inan|ограждение,ограждения,ограждение,ограждению,ограждении|ограждения,ограждений,ограждения,ограждениям,ограждениях
5594|m|inan|столб,столба,столб,столбу,столбе|столбы,столбов,столбы,столбам,столбах
5612|m|inan|поворот,поворота,поворот,повороту,повороте|повороты,поворотов,повороты,поворотам,поворотах
5615|m|inan|знак,знака,знак,знаку,знаке|знаки,знаков,знаки,знакам,знаках
5617|m|inan|поворот,поворота,поворот,повороту,повороте|повороты,поворотов,повороты,поворотам,поворотах
5631|m|inan|праздник,праздника,праздник,празднику,празднике|праздники,праздников,праздники,праздникам,праздниках
5635|n|inan|событие,события,событие,событию,событии|события,событий,события,событиям,событиях
5636|n|inan|мероприятие,мероприятия,мероприятие,мероприятию,мероприятии|мероприятия,мероприятий,мероприятия,мероприятиям,мероприятиях
5637|m|inan|банкет,банкета,банкет,банкету,банкете|банкеты,банкетов,банкеты,банкетам,банкетах
5638|m|inan|приём,приёма,приём,приёму,приёме|приёмы,приёмов,приёмы,приёмам,приёмах
5639|m|inan|пир,пира,пир,пиру,пире|пиры,пиров,пиры,пирам,пирах
5641|m|inan|юбилей,юбилея,юбилей,юбилею,юбилее|юбилеи,юбилеев,юбилеи,юбилеям,юбилеях
5648|m|inan|салют,салюта,салют,салюту,салюте|салюты,салютов,салюты,салютам,салютах
5650|m|anim|жених,жениха,жениха,жениху,женихе|женихи,женихов,женихов,женихам,женихах
5653|n|inan|приглашение,приглашения,приглашение,приглашению,приглашении|приглашения,приглашений,приглашения,приглашениям,приглашениях
5654|m|anim|гость,гостя,гостя,гостю,госте|гости,гостей,гостей,гостям,гостях
5660|m|inan|букет,букета,букет,букету,букете|букеты,букетов,букеты,букетам,букетах
5661|n|inan|поздравление,поздравления,поздравление,поздравлению,поздравлении|поздравления,поздравлений,поздравления,поздравлениям,поздравлениях
5671|f|inan|радость,радости,радость,радости,радости|радости,радостей,радости,радостям,радостях
5672|m|inan|танец,танца,танец,танцу,танце|танцы,танцев,танцы,танцам,танцах
5674|m|inan|вальс,вальса,вальс,вальсу,вальсе|вальсы,вальсов,вальсы,вальсам,вальсах
5675|n|inan|танго,танго,танго,танго,танго|танго,танго,танго,танго,танго
5676|n|inan|кладбище,кладбища,кладбище,кладбищу,кладбище|кладбища,кладбищ,кладбища,кладбищам,кладбищах
5677|f|inan|могила,могилы,могилу,могиле,могиле|могилы,могил,могилы,могилам,могилах
5678|m|inan|крест,креста,крест,кресту,кресте|кресты,крестов,кресты,крестам,крестах
5680|f|inan|ограда,ограды,ограду,ограде,ограде|ограды,оград,ограды,оградам,оградах
5682|f|inan|смерть,смерти,смерть,смерти,смерти|смерти,смертей,смерти,смертям,смертях
5684|m|anim|покойник,покойника,покойника,покойнику,покойнике|покойники,покойников,покойников,покойникам,покойниках
5685|m|inan|траур,траура,траур,трауру,трауре|трауры,трауров,трауры,траурам,траурах
5689|m|inan|венок,венка,венок,венку,венке|венки,венков,венки,венкам,венках
5690|m|inan|гроб,гроба,гроб,гробу,гробе|гробы,гробов,гробы,гробам,гробах
5692|m|inan|саван,савана,саван,савану,саване|саваны,саванов,саваны,саванам,саванах
5694|f|inan|погребальная урна,погребальной урны,погребальную урну,погребальной урне,погребальной урне|погребальные урны,погребальных урн,погребальные урны,погребальным урнам,погребальных урнах
5695|m|inan|крематорий,крематория,крематорий,крематорию,крематории|крематории,крематориев,крематории,крематориям,крематориях
5696|m|inan|некролог,некролога,некролог,некрологу,некрологе|некрологи,некрологов,некрологи,некрологам,некрологах
5699|m|inan|взвод,взвода,взвод,взводу,взводе|взводы,взводов,взводы,взводам,взводах
5700|f|inan|рота,роты,роту,роте,роте|роты,рот,роты,ротам,ротах
5701|m|inan|полк,полка,полк,полку,полке|полки,полков,полки,полкам,полках
5702|f|inan|армия,армии,армию,армии,армии|армии,армий,армии,армиям,армиях
5703|f|inan|дивизия,дивизии,дивизию,дивизии,дивизии|дивизии,дивизий,дивизии,дивизиям,дивизиях
5704|m|inan|отряд,отряда,отряд,отряду,отряде|отряды,отрядов,отряды,отрядам,отрядах
5705|n|inan|войско,войска,войско,войску,войске|войска,войск,войска,войскам,войсках
5707|m|anim|офицер,офицера,офицера,офицеру,офицере|офицеры,офицеров,офицеров,офицерам,офицерах
5709|m|anim|сержант,сержанта,сержанта,сержанту,сержанте|сержанты,сержантов,сержантов,сержантам,сержантах
5710|m|anim|лейтенант,лейтенанта,лейтенанта,лейтенанту,лейтенанте|лейтенанты,лейтенантов,лейтенантов,лейтенантам,лейтенантах
5712|m|anim|майор,майора,майора,майору,майоре|майоры,майоров,майоров,майорам,майорах
5713|m|anim|полковник,полковника,полковника,полковнику,полковнике|полковники,полковников,полковников,полковникам,полковниках
5714|m|anim|генерал,генерала,генерала,генералу,генерале|генералы,генералов,генералов,генералам,генералах
5718|m|anim|артиллерист,артиллериста,артиллериста,артиллеристу,артиллеристе|артиллеристы,артиллеристов,артиллеристов,артиллеристам,артиллеристах
5719|m|anim|десантник,десантника,десантника,десантнику,десантнике|десантники,десантников,десантников,десантникам,десантниках
5720|m|anim|лётчик,лётчика,лётчика,лётчику,лётчике|лётчики,лётчиков,лётчиков,лётчикам,лётчиках
5724|m|anim|парашютист,парашютиста,парашютиста,парашютисту,парашютисте|парашютисты,парашютистов,парашютистов,парашютистам,парашютистах
5725|m|anim|разведчик,разведчика,разведчика,разведчику,разведчике|разведчики,разведчиков,разведчиков,разведчикам,разведчиках
5726|m|anim|снайпер,снайпера,снайпера,снайперу,снайпере|снайперы,снайперов,снайперов,снайперам,снайперах
5727|m|inan|патруль,патруля,патруль,патрулю,патруле|патрули,патрулей,патрули,патрулям,патрулях
5729|m|anim|часовой,часового,часового,часовому,часовом|часовые,часовых,часовых,часовым,часовых
5730|m|anim|воин,воина,воина,воину,воине|воины,воинов,воинов,воинам,воинах
5731|m|anim|герой,героя,героя,герою,герое|герои,героев,героев,героям,героях
5732|f|anim|героиня,героини,героиню,героине,героине|героини,героинь,героинь,героиням,героинях
5733|m|anim|патриот,патриота,патриота,патриоту,патриоте|патриоты,патриотов,патриотов,патриотам,патриотах
5734|m|anim|предатель,предателя,предателя,предателю,предателе|предатели,предателей,предателей,предателям,предателях
5735|m|anim|дезертир,дезертира,дезертира,дезертиру,дезертире|дезертиры,дезертиров,дезертиров,дезертирам,дезертирах
5737|m|anim|наёмник,наёмника,наёмника,наёмнику,наёмнике|наёмники,наёмников,наёмников,наёмникам,наёмниках
5741|m|anim|раненый,раненого,раненого,раненому,раненом|раненые,раненых,раненых,раненым,раненых
5742|m|anim|пленный,пленного,пленного,пленному,пленном|пленные,пленных,пленных,пленным,пленных
5743|f|inan|война,войны,войну,войне,войне|войны,войн,войны,войнам,войнах
5749|f|inan|агрессия,агрессии,агрессию,агрессии,агрессии|агрессии,агрессий,агрессии,агрессиям,агрессиях
5752|m|anim|захватчик,захватчика,захватчика,захватчику,захватчике|захватчики,захватчиков,захватчиков,захватчикам,захватчиках
5753|m|anim|завоеватель,завоевателя,завоевателя,завоевателю,завоевателе|завоеватели,завоевателей,завоевателей,завоевателям,завоевателях
5754|f|inan|оборона,обороны,оборону,обороне,обороне|обороны,оборон,обороны,оборонам,оборонах
5757|m|anim|враг,врага,врага,врагу,враге|враги,врагов,врагов,врагам,врагах
5759|f|inan|стратегия,стратегии,стратегию,стратегии,стратегии|стратегии,стратегий,стратегии,стратегиям,стратегиях
5761|m|inan|приказ,приказа,приказ,приказу,приказе|приказы,приказов,приказы,приказам,приказах
5762|f|inan|команда,команды,команду,команде,команде|команды,команд,команды,командам,командах
5764|n|inan|задание,задания,задание,заданию,задании|задания,заданий,задания,заданиям,заданиях
5766|f|inan|битва,битвы,битву,битве,битве|битвы,битв,битвы,битвам,битвах
5770|f|inan|осада,осады,осаду,осаде,осаде|осады,осад,осады,осадам,осадах
5771|n|inan|наступление,наступления,наступление,наступлению,наступлении|наступления,наступлений,наступления,наступлениям,наступлениях
5773|n|inan|отступление,отступления,отступление,отступлению,отступлении|отступления,отступлений,отступления,отступлениям,отступлениях
5775|n|inan|окружение,окружения,окружение,окружению,окружении|окружения,окружений,окружения,окружениям,окружениях
5787|f|inan|пробоина,пробоины,пробоину,пробоине,пробоине|пробоины,пробоин,пробоины,пробоинам,пробоинах
5789|m|inan|фронт,фронта,фронт,фронту,фронте|фронты,фронтов,фронты,фронтам,фронтах
5791|f|inan|эвакуация,эвакуации,эвакуацию,эвакуации,эвакуации|эвакуации,эвакуаций,эвакуации,эвакуациям,эвакуациях
5794|n|inan|заграждение,заграждения,заграждение,заграждению,заграждении|заграждения,заграждений,заграждения,заграждениям,заграждениях
5795|f|inan|вышка,вышки,вышку,вышке,вышке|вышки,вышек,вышки,вышкам,вышках
5796|m|inan|госпиталь,госпиталя,госпиталь,госпиталю,госпитале|госпитали,госпиталей,госпитали,госпиталям,госпиталях
5802|m|inan|плен,плена,плен,плену,плене|плен,плена,плен,плену,плене
5806|m|inan|концлагерь,концлагеря,концлагерь,концлагерю,концлагере|концлагеря,концлагерей,концлагеря,концлагерям,концлагерях
5811|n|inan|предательство,предательства,предательство,предательству,предательстве|предательства,предательств,предательства,предательствам,предательствах
5813|m|inan|расстрел,расстрела,расстрел,расстрелу,расстреле|расстрелы,расстрелов,расстрелы,расстрелам,расстрелах
5815|m|inan|погон,погона,погон,погону,погоне|погоны,погон,погоны,погонам,погонах
5816|m|inan|противогаз,противогаза,противогаз,противогазу,противогазе|противогазы,противогазов,противогазы,противогазам,противогазах
5817|f|inan|рация,рации,рацию,рации,рации|рации,раций,рации,рациям,рациях
5818|m|inan|шифр,шифра,шифр,шифру,шифре|шифры,шифров,шифры,шифрам,шифрах
5819|f|inan|конспирация,конспирации,конспирацию,конспирации,конспирации|конспирации,конспираций,конспирации,конспирациям,конспирациях
5821|f|inan|мина,мины,мину,мине,мине|мины,мин,мины,минам,минах
5825|f|inan|тревога,тревоги,тревогу,тревоге,тревоге|тревоги,тревог,тревоги,тревогам,тревогах
5828|m|inan|штаб,штаба,штаб,штабу,штабе|штабы,штабов,штабы,штабам,штабах
5829|f|inan|разведка,разведки,разведку,разведке,разведке|разведки,разведок,разведки,разведкам,разведках
5830|f|inan|обстановка,обстановки,обстановку,обстановке,обстановке|обстановки,обстановок,обстановки,обстановкам,обстановках
5832|f|inan|засада,засады,засаду,засаде,засаде|засады,засад,засады,засадам,засадах
5835|m|inan|полигон,полигона,полигон,полигону,полигоне|полигоны,полигонов,полигоны,полигонам,полигонах
5836|m|inan|манёвры,манёвров,манёвры,манёврам,манёврах|манёвры,манёвров,манёвры,манёврам,манёврах
5837|f|inan|паника,паники,панику,панике,панике|паники,паник,паники,паникам,паниках
5838|f|inan|разруха,разрухи,разруху,разрухе,разрухе|разрухи,разрух,разрухи,разрухам,разрухах
5846|m|inan|подвиг,подвига,подвиг,подвигу,подвиге|подвиги,подвигов,подвиги,подвигам,подвигах
5849|f|inan|награда,награды,награду,награде,награде|награды,наград,награды,наградам,наградах
5852|m|inan|орден,ордена,орден,ордену,ордене|ордена,орденов,ордена,орденам,орденах
5855|n|inan|перемирие,перемирия,перемирие,перемирию,перемирии|перемирия,перемирий,перемирия,перемириям,перемириях
5856|n|inan|знамя,знамени,знамя,знамени,знамени|знамёна,знамён,знамёна,знамёнам,знамёнах
5857|f|inan|слава,славы,славу,славе,славе|славы,слав,славы,славам,славах
5858|m|inan|парад,парада,парад,параду,параде|парады,парадов,парады,парадам,парадах
5860|n|inan|оружие,оружия,оружие,оружию,оружии|оружие,оружия,оружие,оружию,оружии
5866|f|inan|бомба,бомбы,бомбу,бомбе,бомбе|бомбы,бомб,бомбы,бомбам,бомбах
5868|m|inan|пистолет,пистолета,пистолет,пистолету,пистолете|пистолеты,пистолетов,пистолеты,пистолетам,пистолетах
5870|m|inan|автомат,автомата,автомат,автомату,автомате|автоматы,автоматов,автоматы,автоматам,автоматах
5871|m|inan|пулемёт,пулемёта,пулемёт,пулемёту,пулемёте|пулемёты,пулемётов,пулемёты,пулемётам,пулемётах
5873|m|inan|ствол,ствола,ствол,стволу,стволе|стволы,стволов,стволы,стволам,стволах
5874|m|inan|калибр,калибра,калибр,калибру,калибре|калибры,калибров,калибры,калибрам,калибрах
5875|m|inan|курок,курка,курок,курку,курке|курки,курков,курки,куркам,курках
5877|m|inan|магазин,магазина,магазин,магазину,магазине|магазины,магазинов,магазины,магазинам,магазинах
5878|m|inan|приклад,приклада,приклад,прикладу,прикладе|приклады,прикладов,приклады,прикладам,прикладах
5879|f|inan|ручная граната,ручной гранаты,ручную гранату,ручной гранате,ручной гранате|ручные гранаты,ручных гранат,ручные гранаты,ручным гранатам,ручных гранатах
5881|f|inan|пуля,пули,пулю,пуле,пуле|пули,пуль,пули,пулям,пулях
5883|m|inan|заряд,заряда,заряд,заряду,заряде|заряды,зарядов,заряды,зарядам,зарядах
5885|m|inan|бомбардировщик,бомбардировщика,бомбардировщик,бомбардировщику,бомбардировщике|бомбардировщики,бомбардировщиков,бомбардировщики,бомбардировщикам,бомбардировщиках
5886|m|inan|истребитель,истребителя,истребитель,истребителю,истребителе|истребители,истребителей,истребители,истребителям,истребителях
5887|m|inan|вертолёт,вертолёта,вертолёт,вертолёту,вертолёте|вертолёты,вертолётов,вертолёты,вертолётам,вертолётах
5889|m|inan|танк,танка,танк,танку,танке|танки,танков,танки,танкам,танках
5890|f|inan|пушка,пушки,пушку,пушке,пушке|пушки,пушек,пушки,пушкам,пушках
5891|f|inan|артиллерия,артиллерии,артиллерию,артиллерии,артиллерии|артиллерии,артиллерий,артиллерии,артиллериям,артиллериях
5893|m|inan|снаряд,снаряда,снаряд,снаряду,снаряде|снаряды,снарядов,снаряды,снарядам,снарядах
5894|f|inan|миномётная мина,миномётной мины,миномётную мину,миномётной мине,миномётной мине|миномётные мины,миномётных мин,миномётные мины,миномётным минам,миномётных минах
5895|m|inan|миномёт,миномёта,миномёт,миномёту,миномёте|миномёты,миномётов,миномёты,миномётам,миномётах
5898|f|inan|торпеда,торпеды,торпеду,торпеде,торпеде|торпеды,торпед,торпеды,торпедам,торпедах
5899|f|inan|ракета,ракеты,ракету,ракете,ракете|ракеты,ракет,ракеты,ракетам,ракетах
5902|m|inan|штык,штыка,штык,штыку,штыке|штыки,штыков,штыки,штыкам,штыках
5903|f|inan|шпага,шпаги,шпагу,шпаге,шпаге|шпаги,шпаг,шпаги,шпагам,шпагах
5904|f|inan|сабля,сабли,саблю,сабле,сабле|сабли,сабель,сабли,саблям,саблях
5905|n|inan|копьё,копья,копьё,копью,копье|копья,копий,копья,копьям,копьях
5906|m|inan|лук,лука,лук,луку,луке|луки,луков,луки,лукам,луках
5908|m|inan|мушкет,мушкета,мушкет,мушкету,мушкете|мушкеты,мушкетов,мушкеты,мушкетам,мушкетах
5909|m|inan|арбалет,арбалета,арбалет,арбалету,арбалете|арбалеты,арбалетов,арбалеты,арбалетам,арбалетах
5916|n|inan|племя,племени,племя,племени,племени|племена,племён,племена,племенам,племенах
5917|m|anim|людоед,людоеда,людоеда,людоеду,людоеде|людоеды,людоедов,людоедов,людоедам,людоедах
5920|m|anim|мамонт,мамонта,мамонта,мамонту,мамонте|мамонты,мамонтов,мамонтов,мамонтам,мамонтах
5921|f|inan|пещера,пещеры,пещеру,пещере,пещере|пещеры,пещер,пещеры,пещерам,пещерах
5930|m|anim|идол,идола,идола,идолу,идоле|идолы,идолов,идолов,идолам,идолах
5932|n|inan|суеверие,суеверия,суеверие,суеверию,суеверии|суеверия,суеверий,суеверия,суевериям,суевериях
5933|m|inan|обряд,обряда,обряд,обряду,обряде|обряды,обрядов,обряды,обрядам,обрядах
5934|f|inan|эволюция,эволюции,эволюцию,эволюции,эволюции|эволюции,эволюций,эволюции,эволюциям,эволюциях
5938|f|inan|археология,археологии,археологию,археологии,археологии|археологии,археологий,археологии,археологиям,археологиях
5943|f|inan|находка,находки,находку,находке,находке|находки,находок,находки,находкам,находках
5944|m|inan|фрагмент,фрагмента,фрагмент,фрагменту,фрагменте|фрагменты,фрагментов,фрагменты,фрагментам,фрагментах
5945|m|inan|народ,народа,народ,народу,народе|народы,народов,народы,народам,народах
5959|m|anim|император,императора,императора,императору,императоре|императоры,императоров,императоров,императорам,императорах
5960|m|anim|вождь,вождя,вождя,вождю,вожде|вожди,вождей,вождей,вождям,вождях
5963|m|anim|правитель,правителя,правителя,правителю,правителе|правители,правителей,правителей,правителям,правителях
5964|m|anim|рыцарь,рыцаря,рыцаря,рыцарю,рыцаре|рыцари,рыцарей,рыцарей,рыцарям,рыцарях
5965|m|anim|феодал,феодала,феодала,феодалу,феодале|феодалы,феодалов,феодалов,феодалам,феодалах
5967|m|anim|вассал,вассала,вассала,вассалу,вассале|вассалы,вассалов,вассалов,вассалам,вассалах
5968|m|anim|герцог,герцога,герцога,герцогу,герцоге|герцоги,герцогов,герцогов,герцогам,герцогах
5969|m|anim|граф,графа,графа,графу,графе|графы,графов,графов,графам,графах
5970|m|anim|барон,барона,барона,барону,бароне|бароны,баронов,баронов,баронам,баронах
5971|m|anim|епископ,епископа,епископа,епископу,епископе|епископы,епископов,епископов,епископам,епископах
5973|m|inan|щит,щита,щит,щиту,щите|щиты,щитов,щиты,щитам,щитах
5974|m|inan|меч,меча,меч,мечу,мече|мечи,мечей,мечи,мечам,мечах
5976|f|inan|кольчуга,кольчуги,кольчугу,кольчуге,кольчуге|кольчуги,кольчуг,кольчуги,кольчугам,кольчугах
5979|f|inan|территория,территории,территорию,территории,территории|территории,территорий,территории,территориям,территориях
5986|f|inan|инквизиция,инквизиции,инквизицию,инквизиции,инквизиции|инквизиции,инквизиций,инквизиции,инквизициям,инквизициях
5987|m|anim|инквизитор,инквизитора,инквизитора,инквизитору,инквизиторе|инквизиторы,инквизиторов,инквизиторов,инквизиторам,инквизиторах
5988|f|inan|пытка,пытки,пытку,пытке,пытке|пытки,пыток,пытки,пыткам,пытках
5990|m|anim|еретик,еретика,еретика,еретику,еретике|еретики,еретиков,еретиков,еретикам,еретиках
5991|f|inan|ересь,ереси,ересь,ереси,ереси|ереси,ересей,ереси,ересям,ересях
5995|m|inan|абордаж,абордажа,абордаж,абордажу,абордаже|абордажи,абордажей,абордажи,абордажам,абордажах
5996|f|inan|добыча,добычи,добычу,добыче,добыче|добычи,добыч,добычи,добычам,добычах
5997|n|inan|сокровище,сокровища,сокровище,сокровищу,сокровище|сокровища,сокровищ,сокровища,сокровищам,сокровищах
5998|n|inan|открытие,открытия,открытие,открытию,открытии|открытия,открытий,открытия,открытиям,открытиях
6001|m|anim|мушкетёр,мушкетёра,мушкетёра,мушкетёру,мушкетёре|мушкетёры,мушкетёров,мушкетёров,мушкетёрам,мушкетёрах
6002|m|anim|кардинал,кардинала,кардинала,кардиналу,кардинале|кардиналы,кардиналов,кардиналов,кардиналам,кардиналах
6003|f|inan|геральдика,геральдики,геральдику,геральдике,геральдике|геральдики,геральдик,геральдики,геральдикам,геральдиках
6008|n|inan|королевство,королевства,королевство,королевству,королевстве|королевства,королевств,королевства,королевствам,королевствах
6014|m|anim|монарх,монарха,монарха,монарху,монархе|монархи,монархов,монархов,монархам,монархах
6016|m|anim|диктатор,диктатора,диктатора,диктатору,диктаторе|диктаторы,диктаторов,диктаторов,диктаторам,диктаторах
6018|m|anim|магнат,магната,магната,магнату,магнате|магнаты,магнатов,магнатов,магнатам,магнатах
6022|m|anim|босс,босса,босса,боссу,боссе|боссы,боссов,боссов,боссам,боссах
6023|m|anim|хозяин,хозяина,хозяина,хозяину,хозяине|хозяева,хозяев,хозяев,хозяевам,хозяевах
6024|m|anim|руководитель,руководителя,руководителя,руководителю,руководителе|руководители,руководителей,руководителей,руководителям,руководителях
6027|m|anim|губернатор,губернатора,губернатора,губернатору,губернаторе|губернаторы,губернаторов,губернаторов,губернаторам,губернаторах
6031|m|anim|шериф,шерифа,шерифа,шерифу,шерифе|шерифы,шерифов,шерифов,шерифам,шерифах
6034|m|anim|фараон,фараона,фараона,фараону,фараоне|фараоны,фараонов,фараонов,фараонам,фараонах
6035|m|anim|хан,хана,хана,хану,хане|ханы,ханов,ханов,ханам,ханах
6044|f|inan|тропинка,тропинки,тропинку,тропинке,тропинке|тропинки,тропинок,тропинки,тропинкам,тропинках
6059|f|inan|остановка,остановки,остановку,остановке,остановке|остановки,остановок,остановки,остановкам,остановках
6065|f|inan|канава,канавы,канаву,канаве,канаве|канавы,канав,канавы,канавам,канавах
6066|m|inan|люк,люка,люк,люку,люке|люки,люков,люки,люкам,люках
6068|f|inan|яма,ямы,яму,яме,яме|ямы,ям,ямы,ямам,ямах
6071|m|inan|шаг,шага,шаг,шагу,шаге|шаги,шагов,шаги,шагам,шагах
6074|m|inan|шлагбаум,шлагбаума,шлагбаум,шлагбауму,шлагбауме|шлагбаумы,шлагбаумов,шлагбаумы,шлагбаумам,шлагбаумах
6078|m|anim|преступник,преступника,преступника,преступнику,преступнике|преступники,преступников,преступников,преступникам,преступниках
6079|m|anim|вор,вора,вора,вору,воре|воры,воров,воров,ворам,ворах
6081|n|inan|воровство,воровства,воровство,воровству,воровстве|воровства,воровств,воровства,воровствам,воровствах
6083|n|inan|похищение,похищения,похищение,похищению,похищении|похищения,похищений,похищения,похищениям,похищениях
6084|m|anim|похититель,похитителя,похитителя,похитителю,похитителе|похитители,похитителей,похитителей,похитителям,похитителях
6085|m|inan|выкуп,выкупа,выкуп,выкупу,выкупе|выкупы,выкупов,выкупы,выкупам,выкупах
6088|m|anim|грабитель,грабителя,грабителя,грабителю,грабителе|грабители,грабителей,грабителей,грабителям,грабителях
6090|m|anim|вымогатель,вымогателя,вымогателя,вымогателю,вымогателе|вымогатели,вымогателей,вымогателей,вымогателям,вымогателях
6091|n|inan|вымогательство,вымогательства,вымогательство,вымогательству,вымогательстве|вымогательства,вымогательств,вымогательства,вымогательствам,вымогательствах
6093|n|inan|убийство,убийства,убийство,убийству,убийстве|убийства,убийств,убийства,убийствам,убийствах
6094|m|anim|убийца,убийцы,убийцу,убийце,убийце|убийцы,убийц,убийц,убийцам,убийцах
6100|n|inan|происшествие,происшествия,происшествие,происшествию,происшествии|происшествия,происшествий,происшествия,происшествиям,происшествиях
6101|f|inan|драка,драки,драку,драке,драке|драки,драк,драки,дракам,драках
6102|f|anim|жертва,жертвы,жертву,жертве,жертве|жертвы,жертв,жертв,жертвам,жертвах
6104|m|inan|ущерб,ущерба,ущерб,ущербу,ущербе|ущербы,ущербов,ущербы,ущербам,ущербах
6105|m|inan|труп,трупа,труп,трупу,трупе|трупы,трупов,трупы,трупам,трупах
6117|m|inan|рэкет,рэкета,рэкет,рэкету,рэкете|рэкеты,рэкетов,рэкеты,рэкетам,рэкетах
6118|m|anim|рэкетир,рэкетира,рэкетира,рэкетиру,рэкетире|рэкетиры,рэкетиров,рэкетиров,рэкетирам,рэкетирах
6119|m|anim|гангстер,гангстера,гангстера,гангстеру,гангстере|гангстеры,гангстеров,гангстеров,гангстерам,гангстерах
6120|f|inan|мафия,мафии,мафию,мафии,мафии|мафии,мафий,мафии,мафиям,мафиях
6122|m|anim|взломщик,взломщика,взломщика,взломщику,взломщике|взломщики,взломщиков,взломщиков,взломщикам,взломщиках
6123|f|inan|контрабанда,контрабанды,контрабанду,контрабанде,контрабанде|контрабанды,контрабанд,контрабанды,контрабандам,контрабандах
6124|m|anim|контрабандист,контрабандиста,контрабандиста,контрабандисту,контрабандисте|контрабандисты,контрабандистов,контрабандистов,контрабандистам,контрабандистах
6125|f|inan|подделка,подделки,подделку,подделке,подделке|подделки,подделок,подделки,подделкам,подделках
6128|n|inan|изнасилование,изнасилования,изнасилование,изнасилованию,изнасиловании|изнасилования,изнасилований,изнасилования,изнасилованиям,изнасилованиях
6130|m|anim|насильник,насильника,насильника,насильнику,насильнике|насильники,насильников,насильников,насильникам,насильниках
6131|m|anim|маньяк,маньяка,маньяка,маньяку,маньяке|маньяки,маньяков,маньяков,маньякам,маньяках
6133|f|inan|проституция,проституции,проституцию,проституции,проституции|проституции,проституций,проституции,проституциям,проституциях
6141|m|inan|терроризм,терроризма,терроризм,терроризму,терроризме|терроризмы,терроризмов,терроризмы,терроризмам,терроризмах
6142|m|anim|террорист,террориста,террориста,террористу,террористе|террористы,террористов,террористов,террористам,террористах
6145|m|inan|обман,обмана,обман,обману,обмане|обманы,обманов,обманы,обманам,обманах
6146|m|anim|мошенник,мошенника,мошенника,мошеннику,мошеннике|мошенники,мошенников,мошенников,мошенникам,мошенниках
6149|f|inan|взятка,взятки,взятку,взятке,взятке|взятки,взяток,взятки,взяткам,взятках
6150|m|inan|яд,яда,яд,яду,яде|яды,ядов,яды,ядам,ядах
6156|f|inan|угроза,угрозы,угрозу,угрозе,угрозе|угрозы,угроз,угрозы,угрозам,угрозах
6158|n|inan|покушение,покушения,покушение,покушению,покушении|покушения,покушений,покушения,покушениям,покушениях
6167|m|anim|хулиган,хулигана,хулигана,хулигану,хулигане|хулиганы,хулиганов,хулиганов,хулиганам,хулиганах
6169|n|inan|насилие,насилия,насилие,насилию,насилии|насилия,насилий,насилия,насилиям,насилиях
6170|m|inan|шпионаж,шпионажа,шпионаж,шпионажу,шпионаже|шпионажи,шпионажей,шпионажи,шпионажам,шпионажах
6172|n|inan|правосудие,правосудия,правосудие,правосудию,правосудии|правосудия,правосудий,правосудия,правосудиям,правосудиях
6173|m|inan|суд,суда,суд,суду,суде|суды,судов,суды,судам,судах
6179|m|anim|подсудимый,подсудимого,подсудимого,подсудимому,подсудимом|подсудимые,подсудимых,подсудимых,подсудимым,подсудимых
6182|m|anim|обвиняемый,обвиняемого,обвиняемого,обвиняемому,обвиняемом|обвиняемые,обвиняемых,обвиняемых,обвиняемым,обвиняемых
6183|m|inan|приговор,приговора,приговор,приговору,приговоре|приговоры,приговоров,приговоры,приговорам,приговорах
6185|m|anim|виновник,виновника,виновника,виновнику,виновнике|виновники,виновников,виновников,виновникам,виновниках
6192|f|inan|виселица,виселицы,виселицу,виселице,виселице|виселицы,виселиц,виселицы,виселицам,виселицах
6194|f|inan|казнь,казни,казнь,казни,казни|казни,казней,казни,казням,казнях
6196|f|inan|камера,камеры,камеру,камере,камере|камеры,камер,камеры,камерам,камерах
6197|m|inan|конвой,конвоя,конвой,конвою,конвое|конвои,конвоев,конвои,конвоям,конвоях
6198|m|anim|надзиратель,надзирателя,надзирателя,надзирателю,надзирателе|надзиратели,надзирателей,надзирателей,надзирателям,надзирателях
6200|m|inan|наручники,наручников,наручники,наручникам,наручниках|наручники,наручников,наручники,наручникам,наручниках
6202|m|inan|побег,побега,побег,побегу,побеге|побеги,побегов,побеги,побегам,побегах
6206|f|inan|амнистия,амнистии,амнистию,амнистии,амнистии|амнистии,амнистий,амнистии,амнистиям,амнистиях
6211|m|inan|рупор,рупора,рупор,рупору,рупоре|рупоры,рупоров,рупоры,рупорам,рупорах
6217|m|anim|свидетель,свидетеля,свидетеля,свидетелю,свидетеле|свидетели,свидетелей,свидетелей,свидетелям,свидетелях
6218|f|inan|свобода,свободы,свободу,свободе,свободе|свободы,свобод,свободы,свободам,свободах
6221|m|inan|след,следа,след,следу,следе|следы,следов,следы,следам,следах
6222|m|inan|розыск,розыска,розыск,розыску,розыске|розыски,розысков,розыски,розыскам,розысках
6224|n|inan|подозрение,подозрения,подозрение,подозрению,подозрении|подозрения,подозрений,подозрения,подозрениям,подозрениях
6228|n|inan|дело,дела,дело,делу,деле|дела,дел,дела,делам,делах
6229|n|inan|расследование,расследования,расследование,расследованию,расследовании|расследования,расследований,расследования,расследованиям,расследованиях
6230|m|anim|детектив,детектива,детектива,детективу,детективе|детективы,детективов,детективов,детективам,детективах
6231|m|anim|следователь,следователя,следователя,следователю,следователе|следователи,следователей,следователей,следователям,следователях
6233|m|inan|мотив,мотива,мотив,мотиву,мотиве|мотивы,мотивов,мотивы,мотивам,мотивах
6234|m|inan|допрос,допроса,допрос,допросу,допросе|допросы,допросов,допросы,допросам,допросах
6239|m|inan|обыск,обыска,обыск,обыску,обыске|обыски,обысков,обыски,обыскам,обысках
6240|f|inan|погоня,погони,погоню,погоне,погоне|погони,погонь,погони,погоням,погонях
6248|n|inan|доказательство,доказательства,доказательство,доказательству,доказательстве|доказательства,доказательств,доказательства,доказательствам,доказательствах
6250|m|inan|след,следа,след,следу,следе|следы,следов,следы,следам,следах
6252|f|inan|улика,улики,улику,улике,улике|улики,улик,улики,уликам,уликах
6253|n|inan|алиби,алиби,алиби,алиби,алиби|алиби,алиби,алиби,алиби,алиби
6255|f|inan|несправедливость,несправедливости,несправедливость,несправедливости,несправедливости|несправедливости,несправедливостей,несправедливости,несправедливостям,несправедливостях
6259|m|inan|наркотик,наркотика,наркотик,наркотику,наркотике|наркотики,наркотиков,наркотики,наркотикам,наркотиках
6269|m|inan|космос,космоса,космос,космосу,космосе|космосы,космосов,космосы,космосам,космосах
6272|m|inan|мир,мира,мир,миру,мире|миры,миров,миры,мирам,мирах
6273|f|inan|галактика,галактики,галактику,галактике,галактике|галактики,галактик,галактики,галактикам,галактиках
6274|f|inan|звезда,звезды,звезду,звезде,звезде|звёзды,звёзд,звёзды,звёздам,звёздах
6276|f|inan|планета,планеты,планету,планете,планете|планеты,планет,планеты,планетам,планетах
6277|m|inan|спутник,спутника,спутник,спутнику,спутнике|спутники,спутников,спутники,спутникам,спутниках
6278|m|inan|метеорит,метеорита,метеорит,метеориту,метеорите|метеориты,метеоритов,метеориты,метеоритам,метеоритах
6279|f|inan|комета,кометы,комету,комете,комете|кометы,комет,кометы,кометам,кометах
6280|m|inan|астероид,астероида,астероид,астероиду,астероиде|астероиды,астероидов,астероиды,астероидам,астероидах
6281|f|inan|орбита,орбиты,орбиту,орбите,орбите|орбиты,орбит,орбиты,орбитам,орбитах
6283|f|inan|атмосфера,атмосферы,атмосферу,атмосфере,атмосфере|атмосферы,атмосфер,атмосферы,атмосферам,атмосферах
6299|m|anim|марсианин,марсианина,марсианина,марсианину,марсианине|марсиане,марсиан,марсиан,марсианам,марсианах
6301|m|anim|пришелец,пришельца,пришельца,пришельцу,пришельце|пришельцы,пришельцев,пришельцев,пришельцам,пришельцах
6305|m|inan|старт,старта,старт,старту,старте|старты,стартов,старты,стартам,стартах
6307|n|inan|сопло,сопла,сопло,соплу,сопле|сопла,сопел,сопла,соплам,соплах
6308|n|inan|топливо,топлива,топливо,топливу,топливе|топлива,топлив,топлива,топливам,топливах
6313|m|inan|скафандр,скафандра,скафандр,скафандру,скафандре|скафандры,скафандров,скафандры,скафандрам,скафандрах
6314|f|inan|невесомость,невесомости,невесомость,невесомости,невесомости|невесомости,невесомостей,невесомости,невесомостям,невесомостях
6315|m|inan|кислород,кислорода,кислород,кислороду,кислороде|кислороды,кислородов,кислороды,кислородам,кислородах
6316|f|inan|стыковка,стыковки,стыковку,стыковке,стыковке|стыковки,стыковок,стыковки,стыковкам,стыковках
6318|f|inan|обсерватория,обсерватории,обсерваторию,обсерватории,обсерватории|обсерватории,обсерваторий,обсерватории,обсерваториям,обсерваториях
6319|m|inan|телескоп,телескопа,телескоп,телескопу,телескопе|телескопы,телескопов,телескопы,телескопам,телескопах
6326|m|inan|глобус,глобуса,глобус,глобусу,глобусе|глобусы,глобусов,глобусы,глобусам,глобусах
6327|f|inan|карта,карты,карту,карте,карте|карты,карт,карты,картам,картах
6328|m|inan|атлас,атласа,атлас,атласу,атласе|атласы,атласов,атласы,атласам,атласах
6338|m|inan|север,севера,север,северу,севере|северы,северов,северы,северам,северах
6342|m|inan|юг,юга,юг,югу,юге|юги,югов,юги,югам,югах
6346|m|inan|запад,запада,запад,западу,западе|запады,западов,запады,западам,западах
6350|m|inan|восток,востока,восток,востоку,востоке|востоки,востоков,востоки,востокам,востоках
6354|n|inan|море,моря,море,морю,море|моря,морей,моря,морям,морях
6355|m|inan|океан,океана,океан,океану,океане|океаны,океанов,океаны,океанам,океанах
6356|m|inan|залив,залива,залив,заливу,заливе|заливы,заливов,заливы,заливам,заливах
6357|m|inan|пролив,пролива,пролив,проливу,проливе|проливы,проливов,проливы,проливам,проливах
6358|m|inan|материк,материка,материк,материку,материке|материки,материков,материки,материкам,материках
6359|m|inan|остров,острова,остров,острову,острове|острова,островов,острова,островам,островах
6361|m|inan|архипелаг,архипелага,архипелаг,архипелагу,архипелаге|архипелаги,архипелагов,архипелаги,архипелагам,архипелагах
6362|f|inan|бухта,бухты,бухту,бухте,бухте|бухты,бухт,бухты,бухтам,бухтах
6363|f|inan|гавань,гавани,гавань,гавани,гавани|гавани,гаваней,гавани,гаваням,гаванях
6364|f|inan|лагуна,лагуны,лагуну,лагуне,лагуне|лагуны,лагун,лагуны,лагунам,лагунах
6365|m|inan|мыс,мыса,мыс,мысу,мысе|мысы,мысов,мысы,мысам,мысах
6366|m|inan|атолл,атолла,атолл,атоллу,атолле|атоллы,атоллов,атоллы,атоллам,атоллах
6368|m|inan|коралл,коралла,коралл,кораллу,коралле|кораллы,кораллов,кораллы,кораллам,кораллах
6373|f|inan|впадина,впадины,впадину,впадине,впадине|впадины,впадин,впадины,впадинам,впадинах
6374|n|inan|течение,течения,течение,течению,течении|течения,течений,течения,течениям,течениях
6376|n|inan|побережье,побережья,побережье,побережью,побережье|побережья,побережий,побережья,побережьям,побережьях
6380|f|inan|отмель,отмели,отмель,отмели,отмели|отмели,отмелей,отмели,отмелям,отмелях
6381|n|inan|дно,дна,дно,дну,дне|донья,доньев,донья,доньям,доньях
6384|f|inan|пена,пены,пену,пене,пене|пены,пен,пены,пенам,пенах
6385|f|inan|буря,бури,бурю,буре,буре|бури,бурь,бури,бурям,бурях
6386|m|inan|ураган,урагана,ураган,урагану,урагане|ураганы,ураганов,ураганы,ураганам,ураганах
6387|n|inan|цунами,цунами,цунами,цунами,цунами|цунами,цунами,цунами,цунами,цунами
6388|m|inan|штиль,штиля,штиль,штилю,штиле|штили,штилей,штили,штилям,штилях
6390|m|inan|полюс,полюса,полюс,полюсу,полюсе|полюсы,полюсов,полюсы,полюсам,полюсах
6392|f|inan|широта,широты,широту,широте,широте|широты,широт,широты,широтам,широтах
6393|f|inan|долгота,долготы,долготу,долготе,долготе|долготы,долгот,долготы,долготам,долготах
6395|m|inan|экватор,экватора,экватор,экватору,экваторе|экваторы,экваторов,экваторы,экваторам,экваторах
6396|n|inan|небо,неба,небо,небу,небе|небеса,небес,небеса,небесам,небесах
6397|m|inan|горизонт,горизонта,горизонт,горизонту,горизонте|горизонты,горизонтов,горизонты,горизонтам,горизонтах
6398|m|inan|воздух,воздуха,воздух,воздуху,воздухе|воздухи,воздухов,воздухи,воздухам,воздухах
6399|m|inan|маяк,маяка,маяк,маяку,маяке|маяки,маяков,маяки,маякам,маяках
6428|f|inan|гора,горы,гору,горе,горе|горы,гор,горы,горам,горах
6431|f|inan|вершина,вершины,вершину,вершине,вершине|вершины,вершин,вершины,вершинам,вершинах
6432|m|inan|пик,пика,пик,пику,пике|пики,пиков,пики,пикам,пиках
6434|m|inan|склон,склона,склон,склону,склоне|склоны,склонов,склоны,склонам,склонах
6435|m|inan|вулкан,вулкана,вулкан,вулкану,вулкане|вулканы,вулканов,вулканы,вулканам,вулканах
6438|n|inan|извержение,извержения,извержение,извержению,извержении|извержения,извержений,извержения,извержениям,извержениях
6439|m|inan|кратер,кратера,кратер,кратеру,кратере|кратеры,кратеров,кратеры,кратерам,кратерах
6440|f|inan|магма,магмы,магму,магме,магме|магмы,магм,магмы,магмам,магмах
6441|f|inan|лава,лавы,лаву,лаве,лаве|лавы,лав,лавы,лавам,лавах
6443|m|inan|каньон,каньона,каньон,каньону,каньоне|каньоны,каньонов,каньоны,каньонам,каньонах
6444|n|inan|ущелье,ущелья,ущелье,ущелью,ущелье|ущелья,ущелий,ущелья,ущельям,ущельях
6446|m|inan|перевал,перевала,перевал,перевалу,перевале|перевалы,перевалов,перевалы,перевалам,перевалах
6448|f|inan|скала,скалы,скалу,скале,скале|скалы,скал,скалы,скалам,скалах
6449|m|inan|холм,холма,холм,холму,холме|холмы,холмов,холмы,холмам,холмах
6450|m|inan|ледник,ледника,ледник,леднику,леднике|ледники,ледников,ледники,ледникам,ледниках
6451|m|inan|водопад,водопада,водопад,водопаду,водопаде|водопады,водопадов,водопады,водопадам,водопадах
6452|m|inan|гейзер,гейзера,гейзер,гейзеру,гейзере|гейзеры,гейзеров,гейзеры,гейзерам,гейзерах
6453|n|inan|озеро,озера,озеро,озеру,озере|озёра,озёр,озёра,озёрам,озёрах
6454|f|inan|равнина,равнины,равнину,равнине,равнине|равнины,равнин,равнины,равнинам,равнинах
6455|m|inan|пейзаж,пейзажа,пейзаж,пейзажу,пейзаже|пейзажи,пейзажей,пейзажи,пейзажам,пейзажах
6475|f|inan|река,реки,реку,реке,реке|реки,рек,реки,рекам,реках
6476|m|inan|источник,источника,источник,источнику,источнике|источники,источников,источники,источникам,источниках
6477|n|inan|русло,русла,русло,руслу,русле|русла,русел,русла,руслам,руслах
6481|m|inan|берег,берега,берег,берегу,береге|берега,берегов,берега,берегам,берегах
6490|m|inan|порог,порога,порог,порогу,пороге|пороги,порогов,пороги,порогам,порогах
6491|f|inan|плотина,плотины,плотину,плотине,плотине|плотины,плотин,плотины,плотинам,плотинах
6492|m|inan|канал,канала,канал,каналу,канале|каналы,каналов,каналы,каналам,каналах
6494|m|inan|шлюз,шлюза,шлюз,шлюзу,шлюзе|шлюзы,шлюзов,шлюзы,шлюзам,шлюзах
6495|m|inan|водоём,водоёма,водоём,водоёму,водоёме|водоёмы,водоёмов,водоёмы,водоёмам,водоёмах
6496|n|inan|болото,болота,болото,болоту,болоте|болота,болот,болота,болотам,болотах
6497|f|inan|трясина,трясины,трясину,трясине,трясине|трясины,трясин,трясины,трясинам,трясинах
6498|m|inan|водоворот,водоворота,водоворот,водовороту,водовороте|водовороты,водоворотов,водовороты,водоворотам,водоворотах
6499|m|inan|ручей,ручья,ручей,ручью,ручье|ручьи,ручьёв,ручьи,ручьям,ручьях
6521|m|inan|лес,леса,лес,лесу,лесе|леса,лесов,леса,лесам,лесах
6523|f|inan|чаща,чащи,чащу,чаще,чаще|чащи,чащ,чащи,чащам,чащах
6524|f|inan|роща,рощи,рощу,роще,роще|рощи,рощ,рощи,рощам,рощах
6525|f|inan|поляна,поляны,поляну,поляне,поляне|поляны,полян,поляны,полянам,полянах
6526|m|inan|заросли,зарослей,заросли,зарослям,зарослях|заросли,зарослей,заросли,зарослям,зарослях
6527|m|inan|кустарник,кустарника,кустарник,кустарнику,кустарнике|кустарники,кустарников,кустарники,кустарникам,кустарниках
6529|m|inan|овраг,оврага,овраг,оврагу,овраге|овраги,оврагов,овраги,оврагам,оврагах
6530|n|inan|дерево,дерева,дерево,дереву,дереве|деревья,деревьев,деревья,деревьям,деревьях
6531|m|inan|лист,листа,лист,листу,листе|листья,листьев,листья,листьям,листьях
6533|m|inan|листопад,листопада,листопад,листопаду,листопаде|листопады,листопадов,листопады,листопадам,листопадах
6536|f|inan|ветка,ветки,ветку,ветке,ветке|ветки,веток,ветки,веткам,ветках
6537|m|inan|сук,сука,сук,суку,суке|сучья,сучьев,сучья,сучьям,сучьях
6538|f|inan|почка,почки,почку,почке,почке|почки,почек,почки,почкам,почках
6539|f|inan|иголка,иголки,иголку,иголке,иголке|иголки,иголок,иголки,иголкам,иголках
6540|f|inan|шишка,шишки,шишку,шишке,шишке|шишки,шишек,шишки,шишкам,шишках
6541|n|inan|дупло,дупла,дупло,дуплу,дупле|дупла,дупел,дупла,дуплам,дуплах
6542|n|inan|гнездо,гнезда,гнездо,гнезду,гнезде|гнёзда,гнёзд,гнёзда,гнёздам,гнёздах
6543|f|inan|нора,норы,нору,норе,норе|норы,нор,норы,норам,норах
6544|m|inan|ствол,ствола,ствол,стволу,стволе|стволы,стволов,стволы,стволам,стволах
6545|m|inan|корень,корня,корень,корню,корне|корни,корней,корни,корням,корнях
6546|f|inan|кора,коры,кору,коре,коре|коры,кор,коры,корам,корах
6547|m|inan|мох,мха,мох,мху,мхе|мхи,мхов,мхи,мхам,мхах
6551|m|inan|пень,пня,пень,пню,пне|пни,пней,пни,пням,пнях
6553|m|inan|пожар,пожара,пожар,пожару,пожаре|пожары,пожаров,пожары,пожарам,пожарах
6555|m|anim|лесник,лесника,лесника,леснику,леснике|лесники,лесников,лесников,лесникам,лесниках
6556|f|inan|охрана,охраны,охрану,охране,охране|охраны,охран,охраны,охранам,охранах
6565|n|inan|месторождение,месторождения,месторождение,месторождению,месторождении|месторождения,месторождений,месторождения,месторождениям,месторождениях
6567|f|inan|добыча,добычи,добычу,добыче,добыче|добычи,добыч,добычи,добычам,добычах
6568|f|inan|руда,руды,руду,руде,руде|руды,руд,руды,рудам,рудах
6569|m|inan|рудник,рудника,рудник,руднику,руднике|рудники,рудников,рудники,рудникам,рудниках
6570|f|inan|шахта,шахты,шахту,шахте,шахте|шахты,шахт,шахты,шахтам,шахтах
6578|m|inan|танкер,танкера,танкер,танкеру,танкере|танкеры,танкеров,танкеры,танкерам,танкерах
6580|m|inan|известняк,известняка,известняк,известняку,известняке|известняки,известняков,известняки,известнякам,известняках
6581|m|inan|гравий,гравия,гравий,гравию,гравии|гравии,гравиев,гравии,гравиям,гравиях
6582|m|inan|торф,торфа,торф,торфу,торфе|торфы,торфов,торфы,торфам,торфах
6585|n|inan|железо,железа,железо,железу,железе|железа,желез,железа,железам,железах
6586|n|inan|золото,золота,золото,золоту,золоте|золота,золот,золота,золотам,золотах
6587|n|inan|серебро,серебра,серебро,серебру,серебре|серебра,серебр,серебра,серебрам,серебрах
6591|m|inan|марганец,марганца,марганец,марганцу,марганце|марганцы,марганцев,марганцы,марганцам,марганцах
6594|m|inan|минерал,минерала,минерал,минералу,минерале|минералы,минералов,минералы,минералам,минералах
6595|m|inan|кристалл,кристалла,кристалл,кристаллу,кристалле|кристаллы,кристаллов,кристаллы,кристаллам,кристаллах
6596|m|inan|мрамор,мрамора,мрамор,мрамору,мраморе|мраморы,мраморов,мраморы,мраморам,мраморах
6601|m|inan|термометр,термометра,термометр,термометру,термометре|термометры,термометров,термометры,термометрам,термометрах
6602|m|inan|барометр,барометра,барометр,барометру,барометре|барометры,барометров,барометры,барометрам,барометрах
6603|f|inan|влажность,влажности,влажность,влажности,влажности|влажности,влажностей,влажности,влажностям,влажностях
6604|f|inan|жара,жары,жару,жаре,жаре|жары,жар,жары,жарам,жарах
6616|n|inan|облако,облака,облако,облаку,облаке|облака,облаков,облака,облакам,облаках
6618|f|inan|туча,тучи,тучу,туче,туче|тучи,туч,тучи,тучам,тучах
6620|m|inan|дождь,дождя,дождь,дождю,дожде|дожди,дождей,дожди,дождям,дождях
6625|m|inan|ливень,ливня,ливень,ливню,ливне|ливни,ливней,ливни,ливням,ливнях
6629|m|inan|туман,тумана,туман,туману,тумане|туманы,туманов,туманы,туманам,туманах
6633|f|inan|гроза,грозы,грозу,грозе,грозе|грозы,гроз,грозы,грозам,грозах
6636|m|inan|гром,грома,гром,грому,громе|громы,громов,громы,громам,громах
6639|m|inan|град,града,град,граду,граде|грады,градов,грады,градам,градах
6643|n|inan|землетрясение,землетрясения,землетрясение,землетрясению,землетрясении|землетрясения,землетрясений,землетрясения,землетрясениям,землетрясениях
6644|m|inan|толчок,толчка,толчок,толчку,толчке|толчки,толчков,толчки,толчкам,толчках
6645|m|inan|эпицентр,эпицентра,эпицентр,эпицентру,эпицентре|эпицентры,эпицентров,эпицентры,эпицентрам,эпицентрах
6648|m|inan|смерч,смерча,смерч,смерчу,смерче|смерчи,смерчей,смерчи,смерчам,смерчах
6649|m|inan|торнадо,торнадо,торнадо,торнадо,торнадо|торнадо,торнадо,торнадо,торнадо,торнадо
6650|m|inan|тайфун,тайфуна,тайфун,тайфуну,тайфуне|тайфуны,тайфунов,тайфуны,тайфунам,тайфунах
6654|m|inan|циклон,циклона,циклон,циклону,циклоне|циклоны,циклонов,циклоны,циклонам,циклонах
6655|f|inan|непогода,непогоды,непогоду,непогоде,непогоде|непогоды,непогод,непогоды,непогодам,непогодах
6657|f|inan|катастрофа,катастрофы,катастрофу,катастрофе,катастрофе|катастрофы,катастроф,катастрофы,катастрофам,катастрофах
6659|f|inan|лавина,лавины,лавину,лавине,лавине|лавины,лавин,лавины,лавинам,лавинах
6660|m|inan|обвал,обвала,обвал,обвалу,обвале|обвалы,обвалов,обвалы,обвалам,обвалах
6663|f|inan|тишина,тишины,тишину,тишине,тишине|тишины,тишин,тишины,тишинам,тишинах
6664|m|inan|звук,звука,звук,звуку,звуке|звуки,звуков,звуки,звукам,звуках
6665|m|inan|шум,шума,шум,шуму,шуме|шумы,шумов,шумы,шумам,шумах
6675|m|inan|лай,лая,лай,лаю,лае|лаи,лаев,лаи,лаям,лаях
6677|m|inan|стон,стона,стон,стону,стоне|стоны,стонов,стоны,стонам,стонах
6681|m|inan|свист,свиста,свист,свисту,свисте|свисты,свистов,свисты,свистам,свистах
6688|m|inan|гудок,гудка,гудок,гудку,гудке|гудки,гудков,гудки,гудкам,гудках
6690|m|inan|сигнал,сигнала,сигнал,сигналу,сигнале|сигналы,сигналов,сигналы,сигналам,сигналах
6695|m|inan|снег,снега,снег,снегу,снеге|снега,снегов,снега,снегам,снегах
6698|m|inan|сугроб,сугроба,сугроб,сугробу,сугробе|сугробы,сугробов,сугробы,сугробам,сугробах
6702|f|inan|сосулька,сосульки,сосульку,сосульке,сосульке|сосульки,сосулек,сосульки,сосулькам,сосульках
6706|m|inan|мороз,мороза,мороз,морозу,морозе|морозы,морозов,морозы,морозам,морозах
6710|m|inan|иней,инея,иней,инею,инее|инеи,инеев,инеи,инеям,инеях
6711|m|inan|холод,холода,холод,холоду,холоде|холоды,холодов,холоды,холодам,холодах
6719|m|inan|гололёд,гололёда,гололёд,гололёду,гололёде|гололёды,гололёдов,гололёды,гололёдам,гололёдах
6723|m|anim|лыжник,лыжника,лыжника,лыжнику,лыжнике|лыжники,лыжников,лыжников,лыжникам,лыжниках
6726|m|anim|хищник,хищника,хищника,хищнику,хищнике|хищники,хищников,хищников,хищникам,хищниках
6727|m|anim|тигр,тигра,тигра,тигру,тигре|тигры,тигров,тигров,тиграм,тиграх
6728|m|anim|лев,льва,льва,льву,льве|львы,львов,львов,львам,львах
6729|m|anim|волк,волка,волка,волку,волке|волки,волков,волков,волкам,волках
6730|f|anim|лиса,лисы,лису,лисе,лисе|лисы,лис,лис,лисам,лисах
6731|m|anim|ягуар,ягуара,ягуара,ягуару,ягуаре|ягуары,ягуаров,ягуаров,ягуарам,ягуарах
6732|m|anim|леопард,леопарда,леопарда,леопарду,леопарде|леопарды,леопардов,леопардов,леопардам,леопардах
6733|m|anim|гепард,гепарда,гепарда,гепарду,гепарде|гепарды,гепардов,гепардов,гепардам,гепардах
6735|f|anim|пума,пумы,пуму,пуме,пуме|пумы,пум,пум,пумам,пумах
6737|f|anim|рысь,рыси,рысь,рыси,рыси|рыси,рысей,рысей,рысям,рысях
6738|m|anim|койот,койота,койота,койоту,койоте|койоты,койотов,койотов,койотам,койотах
6739|m|anim|шакал,шакала,шакала,шакалу,шакале|шакалы,шакалов,шакалов,шакалам,шакалах
6740|f|anim|гиена,гиены,гиену,гиене,гиене|гиены,гиен,гиен,гиенам,гиенах
6741|n|anim|животное,животного,животное,животному,животном|животные,животных,животных,животным,животных
6742|m|anim|зверь,зверя,зверя,зверю,звере|звери,зверей,зверей,зверям,зверях
6743|f|anim|белка,белки,белку,белке,белке|белки,белок,белок,белкам,белках
6744|m|anim|ёж,ежа,ежа,ежу,еже|ежи,ежей,ежей,ежам,ежах
6745|m|anim|заяц,зайца,зайца,зайцу,зайце|зайцы,зайцев,зайцев,зайцам,зайцах
6747|m|anim|барсук,барсука,барсука,барсуку,барсуке|барсуки,барсуков,барсуков,барсукам,барсуках
6748|m|anim|енот,енота,енота,еноту,еноте|еноты,енотов,енотов,енотам,енотах
6749|m|anim|хомяк,хомяка,хомяка,хомяку,хомяке|хомяки,хомяков,хомяков,хомякам,хомяках
6750|m|anim|сурок,сурка,сурка,сурку,сурке|сурки,сурков,сурков,суркам,сурках
6753|f|anim|крыса,крысы,крысу,крысе,крысе|крысы,крыс,крыс,крысам,крысах
6754|f|anim|летучая мышь,летучей мыши,летучую мышь,летучей мыши,летучей мыши|летучие мыши,летучих мышей,летучих мышей,летучим мышам,летучих мышах
6755|m|anim|горностай,горностая,горностая,горностаю,горностае|горностаи,горностаев,горностаев,горностаям,горностаях
6756|m|anim|соболь,соболя,соболя,соболю,соболе|соболи,соболей,соболей,соболям,соболях
6757|f|anim|куница,куницы,куницу,кунице,кунице|куницы,куниц,куниц,куницам,куницах
6758|f|anim|ласка,ласки,ласку,ласке,ласке|ласки,ласок,ласок,ласкам,ласках
6759|f|anim|норка,норки,норку,норке,норке|норки,норок,норок,норкам,норках
6761|f|anim|выдра,выдры,выдру,выдре,выдре|выдры,выдр,выдр,выдрам,выдрах
6762|f|anim|лошадь,лошади,лошадь,лошади,лошади|лошади,лошадей,лошадей,лошадям,лошадях
6763|m|anim|лось,лося,лося,лосю,лосе|лоси,лосей,лосей,лосям,лосях
6764|m|anim|олень,оленя,оленя,оленю,олене|олени,оленей,оленей,оленям,оленях
6765|m|anim|верблюд,верблюда,верблюда,верблюду,верблюде|верблюды,верблюдов,верблюдов,верблюдам,верблюдах
6766|m|anim|бизон,бизона,бизона,бизону,бизоне|бизоны,бизонов,бизонов,бизонам,бизонах
6767|m|anim|зубр,зубра,зубра,зубру,зубре|зубры,зубров,зубров,зубрам,зубрах
6768|m|anim|буйвол,буйвола,буйвола,буйволу,буйволе|буйволы,буйволов,буйволов,буйволам,буйволах
6769|f|anim|зебра,зебры,зебру,зебре,зебре|зебры,зебр,зебр,зебрам,зебрах
6770|f|anim|антилопа,антилопы,антилопу,антилопе,антилопе|антилопы,антилоп,антилоп,антилопам,антилопах
6772|f|anim|лань,лани,лань,лани,лани|лани,ланей,ланей,ланям,ланях
6774|m|anim|кабан,кабана,кабана,кабану,кабане|кабаны,кабанов,кабанов,кабанам,кабанах
6775|m|anim|кит,кита,кита,киту,ките|киты,китов,китов,китам,китах
6776|m|anim|тюлень,тюленя,тюленя,тюленю,тюлене|тюлени,тюленей,тюленей,тюленям,тюленях
6777|m|anim|морж,моржа,моржа,моржу,морже|моржи,моржей,моржей,моржам,моржах
6779|m|anim|дельфин,дельфина,дельфина,дельфину,дельфине|дельфины,дельфинов,дельфинов,дельфинам,дельфинах
6780|m|anim|медведь,медведя,медведя,медведю,медведе|медведи,медведей,медведей,медведям,медведях
6782|f|anim|панда,панды,панду,панде,панде|панды,панд,панд,пандам,пандах
6783|f|anim|обезьяна,обезьяны,обезьяну,обезьяне,обезьяне|обезьяны,обезьян,обезьян,обезьянам,обезьянах
6784|m|anim|шимпанзе,шимпанзе,шимпанзе,шимпанзе,шимпанзе|шимпанзе,шимпанзе,шимпанзе,шимпанзе,шимпанзе
6785|m|anim|орангутанг,орангутанга,орангутанга,орангутангу,орангутанге|орангутанги,орангутангов,орангутангов,орангутангам,орангутангах
6786|f|anim|горилла,гориллы,гориллу,горилле,горилле|гориллы,горилл,горилл,гориллам,гориллах
6787|f|anim|макака,макаки,макаку,макаке,макаке|макаки,макак,макак,макакам,макаках
6788|m|anim|гиббон,гиббона,гиббона,гиббону,гиббоне|гиббоны,гиббонов,гиббонов,гиббонам,гиббонах
6789|m|anim|слон,слона,слона,слону,слоне|слоны,слонов,слонов,слонам,слонах
6790|m|anim|носорог,носорога,носорога,носорогу,носороге|носороги,носорогов,носорогов,носорогам,носорогах
6791|m|anim|жираф,жирафа,жирафа,жирафу,жирафе|жирафы,жирафов,жирафов,жирафам,жирафах
6792|m|anim|бегемот,бегемота,бегемота,бегемоту,бегемоте|бегемоты,бегемотов,бегемотов,бегемотам,бегемотах
6793|m|anim|кенгуру,кенгуру,кенгуру,кенгуру,кенгуру|кенгуру,кенгуру,кенгуру,кенгуру,кенгуру
6794|f|anim|коала,коалы,коалу,коале,коале|коалы,коал,коал,коалам,коалах
6795|m|anim|мангуст,мангуста,мангуста,мангусту,мангусте|мангусты,мангустов,мангустов,мангустам,мангустах
6796|f|anim|шиншилла,шиншиллы,шиншиллу,шиншилле,шиншилле|шиншиллы,шиншилл,шиншилл,шиншиллам,шиншиллах
6798|m|anim|дикобраз,дикобраза,дикобраза,дикобразу,дикобразе|дикобразы,дикобразов,дикобразов,дикобразам,дикобразах
6799|f|anim|кошка,кошки,кошку,кошке,кошке|кошки,кошек,кошек,кошкам,кошках
6800|m|anim|кот,кота,кота,коту,коте|коты,котов,котов,котам,котах
6801|f|anim|собака,собаки,собаку,собаке,собаке|собаки,собак,собак,собакам,собаках
6803|m|anim|жеребец,жеребца,жеребца,жеребцу,жеребце|жеребцы,жеребцов,жеребцов,жеребцам,жеребцах
6804|f|anim|кобыла,кобылы,кобылу,кобыле,кобыле|кобылы,кобыл,кобыл,кобылам,кобылах
6805|f|anim|корова,коровы,корову,корове,корове|коровы,коров,коров,коровам,коровах
6806|m|anim|бык,быка,быка,быку,быке|быки,быков,быков,быкам,быках
6807|m|anim|вол,вола,вола,волу,воле|волы,волов,волов,волам,волах
6808|f|anim|овца,овцы,овцу,овце,овце|овцы,овец,овец,овцам,овцах
6809|m|anim|баран,барана,барана,барану,баране|бараны,баранов,баранов,баранам,баранах
6810|f|anim|коза,козы,козу,козе,козе|козы,коз,коз,козам,козах
6811|m|anim|козёл,козла,козла,козлу,козле|козлы,козлов,козлов,козлам,козлах
6812|m|anim|осёл,осла,осла,ослу,осле|ослы,ослов,ослов,ослам,ослах
6813|m|anim|мул,мула,мула,мулу,муле|мулы,мулов,мулов,мулам,мулах
6814|f|anim|свинья,свиньи,свинью,свинье,свинье|свиньи,свиней,свиней,свиньям,свиньях
6818|m|anim|петух,петуха,петуха,петуху,петухе|петухи,петухов,петухов,петухам,петухах
6822|m|anim|индюк,индюка,индюка,индюку,индюке|индюки,индюков,индюков,индюкам,индюках
6823|f|anim|индюшка,индюшки,индюшку,индюшке,индюшке|индюшки,индюшек,индюшек,индюшкам,индюшках
6828|f|inan|ферма,фермы,ферму,ферме,ферме|фермы,ферм,фермы,фермам,фермах
6830|m|inan|скот,скота,скот,скоту,скоте|скот,скота,скот,скоту,скоте
6831|n|inan|стадо,стада,стадо,стаду,стаде|стада,стад,стада,стадам,стадах
6832|f|inan|конюшня,конюшни,конюшню,конюшне,конюшне|конюшни,конюшен,конюшни,конюшням,конюшнях
6833|m|inan|свинарник,свинарника,свинарник,свинарнику,свинарнике|свинарники,свинарников,свинарники,свинарникам,свинарниках
6834|m|inan|коровник,коровника,коровник,коровнику,коровнике|коровники,коровников,коровники,коровникам,коровниках
6835|m|inan|крольчатник,крольчатника,крольчатник,крольчатнику,крольчатнике|крольчатники,крольчатников,крольчатники,крольчатникам,крольчатниках
6836|m|inan|курятник,курятника,курятник,курятнику,курятнике|курятники,курятников,курятники,курятникам,курятниках
6837|f|anim|собака,собаки,собаку,собаке,собаке|собаки,собак,собак,собакам,собаках
6838|f|anim|овчарка,овчарки,овчарку,овчарке,овчарке|овчарки,овчарок,овчарок,овчаркам,овчарках
6839|m|anim|пудель,пуделя,пуделя,пуделю,пуделе|пудели,пуделей,пуделей,пуделям,пуделях
6840|f|anim|такса,таксы,таксу,таксе,таксе|таксы,такс,такс,таксам,таксах
6841|m|anim|бульдог,бульдога,бульдога,бульдогу,бульдоге|бульдоги,бульдогов,бульдогов,бульдогам,бульдогах
6842|m|anim|боксёр,боксёра,боксёра,боксёру,боксёре|боксёры,боксёров,боксёров,боксёрам,боксёрах
6843|m|anim|мастиф,мастифа,мастифа,мастифу,мастифе|мастифы,мастифов,мастифов,мастифам,мастифах
6844|m|anim|ротвейлер,ротвейлера,ротвейлера,ротвейлеру,ротвейлере|ротвейлеры,ротвейлеров,ротвейлеров,ротвейлерам,ротвейлерах
6845|m|anim|доберман,добермана,добермана,доберману,добермане|доберманы,доберманов,доберманов,доберманам,доберманах
6846|m|anim|бассет,бассета,бассета,бассету,бассете|бассеты,бассетов,бассетов,бассетам,бассетах
6847|m|anim|бобтейл,бобтейла,бобтейла,бобтейлу,бобтейле|бобтейлы,бобтейлов,бобтейлов,бобтейлам,бобтейлах
6848|m|anim|далматинец,далматинца,далматинца,далматинцу,далматинце|далматинцы,далматинцев,далматинцев,далматинцам,далматинцах
6850|m|anim|ньюфаундленд,ньюфаундленда,ньюфаундленда,ньюфаундленду,ньюфаундленде|ньюфаундленды,ньюфаундлендов,ньюфаундлендов,ньюфаундлендам,ньюфаундлендах
6851|m|anim|сенбернар,сенбернара,сенбернара,сенбернару,сенбернаре|сенбернары,сенбернаров,сенбернаров,сенбернарам,сенбернарах
6852|m|anim|хаски,хаски,хаски,хаски,хаски|хаски,хаски,хаски,хаски,хаски
6854|m|anim|шпиц,шпица,шпица,шпицу,шпице|шпицы,шпицев,шпицев,шпицам,шпицах
6855|m|anim|мопс,мопса,мопса,мопсу,мопсе|мопсы,мопсов,мопсов,мопсам,мопсах
6863|m|inan|вой,воя,вой,вою,вое|вои,воев,вои,воям,воях
6873|m|anim|котёнок,котёнка,котёнка,котёнку,котёнке|котята,котят,котят,котятам,котятах
6874|m|anim|мышонок,мышонка,мышонка,мышонку,мышонке|мышата,мышат,мышат,мышатам,мышатах
6875|m|anim|щенок,щенка,щенка,щенку,щенке|щенки,щенков,щенков,щенкам,щенках
6876|m|anim|зайчонок,зайчонка,зайчонка,зайчонку,зайчонке|зайчата,зайчат,зайчат,зайчатам,зайчатах
6877|m|anim|крольчонок,крольчонка,крольчонка,крольчонку,крольчонке|крольчата,крольчат,крольчат,крольчатам,крольчатах
6880|m|anim|медвежонок,медвежонка,медвежонка,медвежонку,медвежонке|медвежата,медвежат,медвежат,медвежатам,медвежатах
6885|m|anim|телёнок,телёнка,телёнка,телёнку,телёнке|телята,телят,телят,телятам,телятах
6887|m|anim|ягнёнок,ягнёнка,ягнёнка,ягнёнку,ягнёнке|ягнята,ягнят,ягнят,ягнятам,ягнятах
6889|m|anim|верблюжонок,верблюжонка,верблюжонка,верблюжонку,верблюжонке|верблюжата,верблюжат,верблюжат,верблюжатам,верблюжатах
6891|m|anim|лягушонок,лягушонка,лягушонка,лягушонку,лягушонке|лягушата,лягушат,лягушат,лягушатам,лягушатах
6892|m|anim|птенец,птенца,птенца,птенцу,птенце|птенцы,птенцов,птенцов,птенцам,птенцах
6894|m|anim|утёнок,утёнка,утёнка,утёнку,утёнке|утята,утят,утят,утятам,утятах
6895|f|anim|птица,птицы,птицу,птице,птице|птицы,птиц,птиц,птицам,птицах
6896|m|anim|голубь,голубя,голубя,голубю,голубе|голуби,голубей,голубей,голубям,голубях
6897|m|anim|воробей,воробья,воробья,воробью,воробье|воробьи,воробьёв,воробьёв,воробьям,воробьях
6898|f|anim|синица,синицы,синицу,синице,синице|синицы,синиц,синиц,синицам,синицах
6899|f|anim|сорока,сороки,сороку,сороке,сороке|сороки,сорок,сорок,сорокам,сороках
6900|m|anim|ворон,ворона,ворона,ворону,вороне|вороны,воронов,воронов,воронам,воронах
6901|f|anim|ворона,вороны,ворону,вороне,вороне|вороны,ворон,ворон,воронам,воронах
6902|f|anim|галка,галки,галку,галке,галке|галки,галок,галок,галкам,галках
6903|m|anim|грач,грача,грача,грачу,граче|грачи,грачей,грачей,грачам,грачах
6906|m|anim|фазан,фазана,фазана,фазану,фазане|фазаны,фазанов,фазанов,фазанам,фазанах
6907|m|anim|орёл,орла,орла,орлу,орле|орлы,орлов,орлов,орлам,орлах
6908|m|anim|ястреб,ястреба,ястреба,ястребу,ястребе|ястребы,ястребов,ястребов,ястребам,ястребах
6909|m|anim|сокол,сокола,сокола,соколу,соколе|соколы,соколов,соколов,соколам,соколах
6910|m|anim|гриф,грифа,грифа,грифу,грифе|грифы,грифов,грифов,грифам,грифах
6911|m|anim|кондор,кондора,кондора,кондору,кондоре|кондоры,кондоров,кондоров,кондорам,кондорах
6912|m|anim|лебедь,лебедя,лебедя,лебедю,лебеде|лебеди,лебедей,лебедей,лебедям,лебедях
6913|m|anim|журавль,журавля,журавля,журавлю,журавле|журавли,журавлей,журавлей,журавлям,журавлях
6914|m|anim|аист,аиста,аиста,аисту,аисте|аисты,аистов,аистов,аистам,аистах
6915|m|anim|попугай,попугая,попугая,попугаю,попугае|попугаи,попугаев,попугаев,попугаям,попугаях
6916|m|anim|колибри,колибри,колибри,колибри,колибри|колибри,колибри,колибри,колибри,колибри
6917|m|anim|павлин,павлина,павлина,павлину,павлине|павлины,павлинов,павлинов,павлинам,павлинах
6918|m|anim|страус,страуса,страуса,страусу,страусе|страусы,страусов,страусов,страусам,страусах
6919|f|anim|цапля,цапли,цаплю,цапле,цапле|цапли,цапель,цапель,цаплям,цаплях
6920|m|anim|фламинго,фламинго,фламинго,фламинго,фламинго|фламинго,фламинго,фламинго,фламинго,фламинго
6921|m|anim|пеликан,пеликана,пеликана,пеликану,пеликане|пеликаны,пеликанов,пеликанов,пеликанам,пеликанах
6922|m|anim|соловей,соловья,соловья,соловью,соловье|соловьи,соловьёв,соловьёв,соловьям,соловьях
6923|f|anim|ласточка,ласточки,ласточку,ласточке,ласточке|ласточки,ласточек,ласточек,ласточкам,ласточках
6924|m|anim|дрозд,дрозда,дрозда,дрозду,дрозде|дрозды,дроздов,дроздов,дроздам,дроздах
6927|m|anim|стриж,стрижа,стрижа,стрижу,стриже|стрижи,стрижей,стрижей,стрижам,стрижах
6928|m|anim|жаворонок,жаворонка,жаворонка,жаворонку,жаворонке|жаворонки,жаворонков,жаворонков,жаворонкам,жаворонках
6929|m|anim|перепел,перепела,перепела,перепелу,перепеле|перепела,перепелов,перепелов,перепелам,перепелах
6930|m|anim|дятел,дятла,дятла,дятлу,дятле|дятлы,дятлов,дятлов,дятлам,дятлах
6931|f|anim|кукушка,кукушки,кукушку,кукушке,кукушке|кукушки,кукушек,кукушек,кукушкам,кукушках
6932|f|anim|сова,совы,сову,сове,сове|совы,сов,сов,совам,совах
6933|m|anim|филин,филина,филина,филину,филине|филины,филинов,филинов,филинам,филинах
6934|m|anim|глухарь,глухаря,глухаря,глухарю,глухаре|глухари,глухарей,глухарей,глухарям,глухарях
6935|m|anim|тетерев,тетерева,тетерева,тетереву,тетереве|тетерева,тетеревов,тетеревов,тетеревам,тетеревах
6936|f|anim|куропатка,куропатки,куропатку,куропатке,куропатке|куропатки,куропаток,куропаток,куропаткам,куропатках
6937|m|anim|скворец,скворца,скворца,скворцу,скворце|скворцы,скворцов,скворцов,скворцам,скворцах
6938|f|anim|канарейка,канарейки,канарейку,канарейке,канарейке|канарейки,канареек,канареек,канарейкам,канарейках
6939|m|anim|рябчик,рябчика,рябчика,рябчику,рябчике|рябчики,рябчиков,рябчиков,рябчикам,рябчиках
6940|m|anim|зяблик,зяблика,зяблика,зяблику,зяблике|зяблики,зябликов,зябликов,зябликам,зябликах
6941|m|anim|снегирь,снегиря,снегиря,снегирю,снегире|снегири,снегирей,снегирей,снегирям,снегирях
6942|f|anim|чайка,чайки,чайку,чайке,чайке|чайки,чаек,чаек,чайкам,чайках
6943|m|anim|альбатрос,альбатроса,альбатроса,альбатросу,альбатросе|альбатросы,альбатросов,альбатросов,альбатросам,альбатросах
6944|m|anim|пингвин,пингвина,пингвина,пингвину,пингвине|пингвины,пингвинов,пингвинов,пингвинам,пингвинах
6954|m|anim|лещ,леща,леща,лещу,леще|лещи,лещей,лещей,лещам,лещах
6955|m|anim|карп,карпа,карпа,карпу,карпе|карпы,карпов,карпов,карпам,карпах
6956|m|anim|окунь,окуня,окуня,окуню,окуне|окуни,окуней,окуней,окуням,окунях
6960|m|anim|осётр,осетра,осетра,осетру,осетре|осетры,осетров,осетров,осетрам,осетрах
6962|f|anim|сёмга,сёмги,сёмгу,сёмге,сёмге|сёмги,сёмг,сёмг,сёмгам,сёмгах
6964|f|anim|камбала,камбалы,камбалу,камбале,камбале|камбалы,камбал,камбал,камбалам,камбалах
6965|m|anim|судак,судака,судака,судаку,судаке|судаки,судаков,судаков,судакам,судаках
6971|f|anim|мурена,мурены,мурену,мурене,мурене|мурены,мурен,мурен,муренам,муренах
6972|f|anim|пиранья,пираньи,пиранью,пиранье,пиранье|пираньи,пираний,пираний,пираньям,пираньях
6973|f|anim|акула,акулы,акулу,акуле,акуле|акулы,акул,акул,акулам,акулах
6977|f|anim|медуза,медузы,медузу,медузе,медузе|медузы,медуз,медуз,медузам,медузах
6984|m|anim|омар,омара,омара,омару,омаре|омары,омаров,омаров,омарам,омарах
6986|f|anim|змея,змеи,змею,змее,змее|змеи,змей,змей,змеям,змеях
6989|f|anim|кобра,кобры,кобру,кобре,кобре|кобры,кобр,кобр,кобрам,кобрах
6990|m|anim|питон,питона,питона,питону,питоне|питоны,питонов,питонов,питонам,питонах
6992|m|anim|уж,ужа,ужа,ужу,уже|ужи,ужей,ужей,ужам,ужах
6994|f|anim|анаконда,анаконды,анаконду,анаконде,анаконде|анаконды,анаконд,анаконд,анакондам,анакондах
6995|f|anim|ящерица,ящерицы,ящерицу,ящерице,ящерице|ящерицы,ящериц,ящериц,ящерицам,ящерицах
6996|f|anim|игуана,игуаны,игуану,игуане,игуане|игуаны,игуан,игуан,игуанам,игуанах
6997|m|anim|варан,варана,варана,варану,варане|вараны,варанов,варанов,варанам,варанах
6998|f|anim|саламандра,саламандры,саламандру,саламандре,саламандре|саламандры,саламандр,саламандр,саламандрам,саламандрах
6999|m|anim|хамелеон,хамелеона,хамелеона,хамелеону,хамелеоне|хамелеоны,хамелеонов,хамелеонов,хамелеонам,хамелеонах
7001|f|anim|черепаха,черепахи,черепаху,черепахе,черепахе|черепахи,черепах,черепах,черепахам,черепахах
7002|f|anim|лягушка,лягушки,лягушку,лягушке,лягушке|лягушки,лягушек,лягушек,лягушкам,лягушках
7003|f|anim|жаба,жабы,жабу,жабе,жабе|жабы,жаб,жаб,жабам,жабах
7004|m|anim|крокодил,крокодила,крокодила,крокодилу,крокодиле|крокодилы,крокодилов,крокодилов,крокодилам,крокодилах
7005|n|anim|насекомое,насекомого,насекомое,насекомому,насекомом|насекомые,насекомых,насекомых,насекомым,насекомых
7006|f|anim|бабочка,бабочки,бабочку,бабочке,бабочке|бабочки,бабочек,бабочек,бабочкам,бабочках
7007|m|anim|муравей,муравья,муравья,муравью,муравье|муравьи,муравьёв,муравьёв,муравьям,муравьях
7008|f|anim|муха,мухи,муху,мухе,мухе|мухи,мух,мух,мухам,мухах
7009|m|anim|комар,комара,комара,комару,комаре|комары,комаров,комаров,комарам,комарах
7010|m|anim|жук,жука,жука,жуку,жуке|жуки,жуков,жуков,жукам,жуках
7011|f|anim|оса,осы,осу,осе,осе|осы,ос,ос,осам,осах
7012|f|anim|пчела,пчелы,пчелу,пчеле,пчеле|пчёлы,пчёл,пчёл,пчёлам,пчёлах
7013|m|anim|шмель,шмеля,шмеля,шмелю,шмеле|шмели,шмелей,шмелей,шмелям,шмелях
7014|m|anim|овод,овода,овода,оводу,оводе|оводы,оводов,оводов,оводам,оводах
7015|m|anim|паук,паука,паука,пауку,пауке|пауки,пауков,пауков,паукам,пауках
7017|f|anim|стрекоза,стрекозы,стрекозу,стрекозе,стрекозе|стрекозы,стрекоз,стрекоз,стрекозам,стрекозах
7018|m|anim|кузнечик,кузнечика,кузнечика,кузнечику,кузнечике|кузнечики,кузнечиков,кузнечиков,кузнечикам,кузнечиках
7019|m|anim|мотылёк,мотылька,мотылька,мотыльку,мотыльке|мотыльки,мотыльков,мотыльков,мотылькам,мотыльках
7020|m|anim|таракан,таракана,таракана,таракану,таракане|тараканы,тараканов,тараканов,тараканам,тараканах
7021|m|anim|клещ,клеща,клеща,клещу,клеще|клещи,клещей,клещей,клещам,клещах
7022|f|anim|блоха,блохи,блоху,блохе,блохе|блохи,блох,блох,блохам,блохах
7024|f|anim|саранча,саранчи,саранчу,саранче,саранче|саранча,саранчи,саранчи,саранче,саранче
7028|f|anim|божья коровка,божьей коровки,божью коровку,божьей коровке,божьей коровке|божьи коровки,божьих коровок,божьих коровок,божьим коровкам,божьих коровках
7029|m|anim|майский жук,майского жука,майского жука,майскому жуку,майском жуке|майские жуки,майских жуков,майских жуков,майским жукам,майских жуках
7030|f|anim|пиявка,пиявки,пиявку,пиявке,пиявке|пиявки,пиявок,пиявок,пиявкам,пиявках
7032|m|anim|червь,червя,червя,червю,черве|черви,червей,червей,червям,червях
7033|m|anim|червь,червя,червя,червю,черве|черви,червей,червей,червям,червях
7034|m|inan|клюв,клюва,клюв,клюву,клюве|клювы,клювов,клювы,клювам,клювах
7036|f|inan|лапа,лапы,лапу,лапе,лапе|лапы,лап,лапы,лапам,лапах
7038|n|inan|перо,пера,перо,перу,пере|перья,перьев,перья,перьям,перьях
7039|m|inan|хохолок,хохолка,хохолок,хохолку,хохолке|хохолки,хохолков,хохолки,хохолкам,хохолках
7040|f|inan|жабры,жабр,жабры,жабрам,жабрах|жабры,жабр,жабры,жабрам,жабрах
7042|f|anim|личинка,личинки,личинку,личинке,личинке|личинки,личинок,личинок,личинкам,личинках
7043|m|inan|плавник,плавника,плавник,плавнику,плавнике|плавники,плавников,плавники,плавникам,плавниках
7044|f|inan|чешуя,чешуи,чешую,чешуе,чешуе|чешуя,чешуи,чешую,чешуе,чешуе
7046|f|inan|лапа,лапы,лапу,лапе,лапе|лапы,лап,лапы,лапам,лапах
7047|f|inan|морда,морды,морду,морде,морде|морды,морд,морды,мордам,мордах
7048|f|inan|пасть,пасти,пасть,пасти,пасти|пасти,пастей,пасти,пастям,пастях
7050|m|inan|усы,усов,усы,усам,усах|усы,усов,усы,усам,усах
7051|n|inan|копыто,копыта,копыто,копыту,копыте|копыта,копыт,копыта,копытам,копытах
7052|m|inan|рог,рога,рог,рогу,роге|рога,рогов,рога,рогам,рогах
7053|m|inan|панцирь,панциря,панцирь,панцирю,панцире|панцири,панцирей,панцири,панцирям,панцирях
7054|f|inan|ракушка,ракушки,ракушку,ракушке,ракушке|ракушки,ракушек,ракушки,ракушкам,ракушках
7055|f|inan|скорлупа,скорлупы,скорлупу,скорлупе,скорлупе|скорлупа,скорлупы,скорлупу,скорлупе,скорлупе
7056|f|inan|шерсть,шерсти,шерсть,шерсти,шерсти|шерсти,шерстей,шерсти,шерстям,шерстях
7057|f|inan|шкура,шкуры,шкуру,шкуре,шкуре|шкуры,шкур,шкуры,шкурам,шкурах
7082|f|inan|миграция,миграции,миграцию,миграции,миграции|миграции,миграций,миграции,миграциям,миграциях
7087|m|inan|джунгли,джунглей,джунгли,джунглям,джунглях|джунгли,джунглей,джунгли,джунглям,джунглях
7088|f|inan|саванна,саванны,саванну,саванне,саванне|саванны,саванн,саванны,саваннам,саваннах
7089|f|inan|тундра,тундры,тундру,тундре,тундре|тундры,тундр,тундры,тундрам,тундрах
7090|f|inan|степь,степи,степь,степи,степи|степи,степей,степи,степям,степях
7091|f|inan|пустыня,пустыни,пустыню,пустыне,пустыне|пустыни,пустынь,пустыни,пустыням,пустынях
7092|m|inan|оазис,оазиса,оазис,оазису,оазисе|оазисы,оазисов,оазисы,оазисам,оазисах
7098|m|inan|пруд,пруда,пруд,пруду,пруде|пруды,прудов,пруды,прудам,прудах
7106|m|inan|заповедник,заповедника,заповедник,заповеднику,заповеднике|заповедники,заповедников,заповедники,заповедникам,заповедниках
7107|m|inan|питомник,питомника,питомник,питомнику,питомнике|питомники,питомников,питомники,питомникам,питомниках
7108|m|inan|вольер,вольера,вольер,вольеру,вольере|вольеры,вольеров,вольеры,вольерам,вольерах
7109|f|inan|клетка,клетки,клетку,клетке,клетке|клетки,клеток,клетки,клеткам,клетках
7110|f|inan|конура,конуры,конуру,конуре,конуре|конуры,конур,конуры,конурам,конурах
7111|f|inan|голубятня,голубятни,голубятню,голубятне,голубятне|голубятни,голубятен,голубятни,голубятням,голубятнях
7112|m|inan|аквариум,аквариума,аквариум,аквариуму,аквариуме|аквариумы,аквариумов,аквариумы,аквариумам,аквариумах
7113|m|inan|дельфинарий,дельфинария,дельфинарий,дельфинарию,дельфинарии|дельфинарии,дельфинариев,дельфинарии,дельфинариям,дельфинариях
7115|n|inan|потомство,потомства,потомство,потомству,потомстве|потомства,потомств,потомства,потомствам,потомствах
7117|m|inan|корм,корма,корм,корму,корме|корма,кормов,корма,кормам,кормах
7120|m|inan|зоомагазин,зоомагазина,зоомагазин,зоомагазину,зоомагазине|зоомагазины,зоомагазинов,зоомагазины,зоомагазинам,зоомагазинах
7121|m|inan|намордник,намордника,намордник,наморднику,наморднике|намордники,намордников,намордники,намордникам,намордниках
7122|m|inan|ошейник,ошейника,ошейник,ошейнику,ошейнике|ошейники,ошейников,ошейники,ошейникам,ошейниках
7123|f|inan|кличка,клички,кличку,кличке,кличке|клички,кличек,клички,кличкам,кличках
7124|f|inan|родословная,родословной,родословную,родословной,родословной|родословные,родословных,родословные,родословным,родословных
7125|f|inan|стая,стаи,стаю,стае,стае|стаи,стай,стаи,стаям,стаях
7126|f|inan|стая,стаи,стаю,стае,стае|стаи,стай,стаи,стаям,стаях
7127|f|inan|стая,стаи,стаю,стае,стае|стаи,стай,стаи,стаям,стаях
7128|m|inan|табун,табуна,табун,табуну,табуне|табуны,табунов,табуны,табунам,табунах
7129|m|anim|самец,самца,самца,самцу,самце|самцы,самцов,самцов,самцам,самцах
7130|f|anim|самка,самки,самку,самке,самке|самки,самок,самок,самкам,самках
7134|f|anim|лошадь,лошади,лошадь,лошади,лошади|лошади,лошадей,лошадей,лошадям,лошадях
7135|f|inan|порода,породы,породу,породе,породе|породы,пород,породы,породам,породах
7136|m|anim|жеребёнок,жеребёнка,жеребёнка,жеребёнку,жеребёнке|жеребята,жеребят,жеребят,жеребятам,жеребятах
7138|m|anim|мустанг,мустанга,мустанга,мустангу,мустанге|мустанги,мустангов,мустангов,мустангам,мустангах
7141|f|inan|грива,гривы,гриву,гриве,гриве|гривы,грив,гривы,гривам,гривах
7144|f|inan|подкова,подковы,подкову,подкове,подкове|подковы,подков,подковы,подковам,подковах
7146|m|anim|кузнец,кузнеца,кузнеца,кузнецу,кузнеце|кузнецы,кузнецов,кузнецов,кузнецам,кузнецах
7148|n|inan|стремя,стремени,стремя,стремени,стремени|стремена,стремян,стремена,стременам,стременах
7149|f|inan|уздечка,уздечки,уздечку,уздечке,уздечке|уздечки,уздечек,уздечки,уздечкам,уздечках
7150|f|inan|вожжи,вожжей,вожжи,вожжам,вожжах|вожжи,вожжей,вожжи,вожжам,вожжах
7151|f|inan|плётка,плётки,плётку,плётке,плётке|плётки,плёток,плётки,плёткам,плётках
7161|m|inan|скачки,скачек,скачки,скачкам,скачках|скачки,скачек,скачки,скачкам,скачках
7164|n|inan|сено,сена,сено,сену,сене|сена,сен,сена,сенам,сенах
7175|f|inan|яблоня,яблони,яблоню,яблоне,яблоне|яблони,яблонь,яблони,яблоням,яблонях
7181|m|inan|дуб,дуба,дуб,дубу,дубе|дубы,дубов,дубы,дубам,дубах
7183|f|inan|осина,осины,осину,осине,осине|осины,осин,осины,осинам,осинах
7185|f|inan|ель,ели,ель,ели,ели|ели,елей,ели,елям,елях
7186|f|inan|сосна,сосны,сосну,сосне,сосне|сосны,сосен,сосны,соснам,соснах
7187|f|inan|лиственница,лиственницы,лиственницу,лиственнице,лиственнице|лиственницы,лиственниц,лиственницы,лиственницам,лиственницах
7188|f|inan|пихта,пихты,пихту,пихте,пихте|пихты,пихт,пихты,пихтам,пихтах
7189|m|inan|кедр,кедра,кедр,кедру,кедре|кедры,кедров,кедры,кедрам,кедрах
7190|m|inan|тополь,тополя,тополь,тополю,тополе|тополя,тополей,тополя,тополям,тополях
7191|f|inan|рябина,рябины,рябину,рябине,рябине|рябины,рябин,рябины,рябинам,рябинах
7192|f|inan|ива,ивы,иву,иве,иве|ивы,ив,ивы,ивам,ивах
7193|f|inan|ольха,ольхи,ольху,ольхе,ольхе|ольхи,ольх,ольхи,ольхам,ольхах
7195|m|inan|вяз,вяза,вяз,вязу,вязе|вязы,вязов,вязы,вязам,вязах
7196|m|inan|ясень,ясеня,ясень,ясеню,ясене|ясени,ясеней,ясени,ясеням,ясенях
7197|m|inan|каштан,каштана,каштан,каштану,каштане|каштаны,каштанов,каштаны,каштанам,каштанах
7198|f|inan|магнолия,магнолии,магнолию,магнолии,магнолии|магнолии,магнолий,магнолии,магнолиям,магнолиях
7199|f|inan|пальма,пальмы,пальму,пальме,пальме|пальмы,пальм,пальмы,пальмам,пальмах
7200|m|inan|кипарис,кипариса,кипарис,кипарису,кипарисе|кипарисы,кипарисов,кипарисы,кипарисам,кипарисах
7202|m|inan|баобаб,баобаба,баобаб,баобабу,баобабе|баобабы,баобабов,баобабы,баобабам,баобабах
7203|m|inan|эвкалипт,эвкалипта,эвкалипт,эвкалипту,эвкалипте|эвкалипты,эвкалиптов,эвкалипты,эвкалиптам,эвкалиптах
7204|f|inan|секвойя,секвойи,секвойю,секвойе,секвойе|секвойи,секвой,секвойи,секвойям,секвойях
7205|m|inan|куст,куста,куст,кусту,кусте|кусты,кустов,кусты,кустам,кустах
7208|m|inan|виноградник,виноградника,виноградник,винограднику,винограднике|виноградники,виноградников,виноградники,виноградникам,виноградниках
7212|f|inan|акация,акации,акацию,акации,акации|акации,акаций,акации,акациям,акациях
7213|m|inan|барбарис,барбариса,барбарис,барбарису,барбарисе|барбарисы,барбарисов,барбарисы,барбарисам,барбарисах
7214|m|inan|жасмин,жасмина,жасмин,жасмину,жасмине|жасмины,жасминов,жасмины,жасминам,жасминах
7217|m|inan|шиповник,шиповника,шиповник,шиповнику,шиповнике|шиповники,шиповников,шиповники,шиповникам,шиповниках
7218|m|inan|гриб,гриба,гриб,грибу,грибе|грибы,грибов,грибы,грибам,грибах
7221|f|inan|шляпка,шляпки,шляпку,шляпке,шляпке|шляпки,шляпок,шляпки,шляпкам,шляпках
7222|f|inan|ножка,ножки,ножку,ножке,ножке|ножки,ножек,ножки,ножкам,ножках
7225|m|inan|подберёзовик,подберёзовика,подберёзовик,подберёзовику,подберёзовике|подберёзовики,подберёзовиков,подберёзовики,подберёзовикам,подберёзовиках
7226|f|inan|лисичка,лисички,лисичку,лисичке,лисичке|лисички,лисичек,лисички,лисичкам,лисичках
7227|f|inan|сыроежка,сыроежки,сыроежку,сыроежке,сыроежке|сыроежки,сыроежек,сыроежки,сыроежкам,сыроежках
7228|m|inan|сморчок,сморчка,сморчок,сморчку,сморчке|сморчки,сморчков,сморчки,сморчкам,сморчках
7229|m|inan|мухомор,мухомора,мухомор,мухомору,мухоморе|мухоморы,мухоморов,мухоморы,мухоморам,мухоморах
7230|f|inan|поганка,поганки,поганку,поганке,поганке|поганки,поганок,поганки,поганкам,поганках
7231|m|inan|фрукт,фрукта,фрукт,фрукту,фрукте|фрукты,фруктов,фрукты,фруктам,фруктах
7244|f|inan|клюква,клюквы,клюкву,клюкве,клюкве|клюквы,клюкв,клюквы,клюквам,клюквах
7253|n|inan|киви,киви,киви,киви,киви|киви,киви,киви,киви,киви
7257|f|inan|брусника,брусники,бруснику,бруснике,бруснике|брусники,брусник,брусники,брусникам,брусниках
7259|m|inan|цветок,цветка,цветок,цветку,цветке|цветы,цветов,цветы,цветам,цветах
7261|f|inan|роза,розы,розу,розе,розе|розы,роз,розы,розам,розах
7262|m|inan|тюльпан,тюльпана,тюльпан,тюльпану,тюльпане|тюльпаны,тюльпанов,тюльпаны,тюльпанам,тюльпанах
7263|f|inan|гвоздика,гвоздики,гвоздику,гвоздике,гвоздике|гвоздики,гвоздик,гвоздики,гвоздикам,гвоздиках
7264|m|inan|гладиолус,гладиолуса,гладиолус,гладиолусу,гладиолусе|гладиолусы,гладиолусов,гладиолусы,гладиолусам,гладиолусах
7265|m|inan|василёк,василька,василёк,васильку,васильке|васильки,васильков,васильки,василькам,васильках
7266|m|inan|колокольчик,колокольчика,колокольчик,колокольчику,колокольчике|колокольчики,колокольчиков,колокольчики,колокольчикам,колокольчиках
7268|f|inan|ромашка,ромашки,ромашку,ромашке,ромашке|ромашки,ромашек,ромашки,ромашкам,ромашках
7269|n|inan|алоэ,алоэ,алоэ,алоэ,алоэ|алоэ,алоэ,алоэ,алоэ,алоэ
7270|m|inan|кактус,кактуса,кактус,кактусу,кактусе|кактусы,кактусов,кактусы,кактусам,кактусах
7271|m|inan|фикус,фикуса,фикус,фикусу,фикусе|фикусы,фикусов,фикусы,фикусам,фикусах
7272|f|inan|лилия,лилии,лилию,лилии,лилии|лилии,лилий,лилии,лилиям,лилиях
7273|f|inan|герань,герани,герань,герани,герани|герани,гераней,герани,гераням,геранях
7274|m|inan|гиацинт,гиацинта,гиацинт,гиацинту,гиацинте|гиацинты,гиацинтов,гиацинты,гиацинтам,гиацинтах
7275|f|inan|мимоза,мимозы,мимозу,мимозе,мимозе|мимозы,мимоз,мимозы,мимозам,мимозах
7276|m|inan|нарцисс,нарцисса,нарцисс,нарциссу,нарциссе|нарциссы,нарциссов,нарциссы,нарциссам,нарциссах
7278|f|inan|орхидея,орхидеи,орхидею,орхидее,орхидее|орхидеи,орхидей,орхидеи,орхидеям,орхидеях
7279|m|inan|пион,пиона,пион,пиону,пионе|пионы,пионов,пионы,пионам,пионах
7280|f|inan|фиалка,фиалки,фиалку,фиалке,фиалке|фиалки,фиалок,фиалки,фиалкам,фиалках
7281|m|inan|анютины глазки,анютиных глазок,анютины глазки,анютиным глазкам,анютиных глазках|анютины глазки,анютиных глазок,анютины глазки,анютиным глазкам,анютиных глазках
7283|f|inan|маргаритка,маргаритки,маргаритку,маргаритке,маргаритке|маргаритки,маргариток,маргаритки,маргариткам,маргаритках
7284|m|inan|мак,мака,мак,маку,маке|маки,маков,маки,макам,маках
7286|f|inan|мята,мяты,мяту,мяте,мяте|мяты,мят,мяты,мятам,мятах
7287|m|inan|ландыш,ландыша,ландыш,ландышу,ландыше|ландыши,ландышей,ландыши,ландышам,ландышах
7288|m|inan|подснежник,подснежника,подснежник,подснежнику,подснежнике|подснежники,подснежников,подснежники,подснежникам,подснежниках
7290|m|inan|щавель,щавеля,щавель,щавелю,щавеле|щавели,щавелей,щавели,щавелям,щавелях
7291|f|inan|кувшинка,кувшинки,кувшинку,кувшинке,кувшинке|кувшинки,кувшинок,кувшинки,кувшинкам,кувшинках
7292|m|inan|папоротник,папоротника,папоротник,папоротнику,папоротнике|папоротники,папоротников,папоротники,папоротникам,папоротниках
7293|m|inan|лишайник,лишайника,лишайник,лишайнику,лишайнике|лишайники,лишайников,лишайники,лишайникам,лишайниках
7295|m|inan|газон,газона,газон,газону,газоне|газоны,газонов,газоны,газонам,газонах
7296|f|inan|клумба,клумбы,клумбу,клумбе,клумбе|клумбы,клумб,клумбы,клумбам,клумбах
7297|n|inan|растение,растения,растение,растению,растении|растения,растений,растения,растениям,растениях
7298|f|inan|трава,травы,траву,траве,траве|травы,трав,травы,травам,травах
7300|m|inan|лист,листа,лист,листу,листе|листья,листьев,листья,листьям,листьях
7301|m|inan|лепесток,лепестка,лепесток,лепестку,лепестке|лепестки,лепестков,лепестки,лепесткам,лепестках
7302|m|inan|стебель,стебля,стебель,стеблю,стебле|стебли,стеблей,стебли,стеблям,стеблях
7303|m|inan|клубень,клубня,клубень,клубню,клубне|клубни,клубней,клубни,клубням,клубнях
7304|m|inan|росток,ростка,росток,ростку,ростке|ростки,ростков,ростки,росткам,ростках
7305|m|inan|шип,шипа,шип,шипу,шипе|шипы,шипов,шипы,шипам,шипах
7308|m|inan|запах,запаха,запах,запаху,запахе|запахи,запахов,запахи,запахам,запахах
7311|n|inan|зерно,зерна,зерно,зерну,зерне|зёрна,зёрен,зёрна,зёрнам,зёрнах
7313|m|inan|колос,колоса,колос,колосу,колосе|колосья,колосьев,колосья,колосьям,колосьях
7314|f|inan|пшеница,пшеницы,пшеницу,пшенице,пшенице|пшеницы,пшениц,пшеницы,пшеницам,пшеницах
7315|f|inan|рожь,ржи,рожь,ржи,ржи|ржи,ржей,ржи,ржам,ржах
7316|m|inan|овёс,овса,овёс,овсу,овсе|овсы,овсов,овсы,овсам,овсах
7317|n|inan|просо,проса,просо,просу,просе|проса,прос,проса,просам,просах
7318|m|inan|ячмень,ячменя,ячмень,ячменю,ячмене|ячмени,ячменей,ячмени,ячменям,ячменях
7320|m|inan|рис,риса,рис,рису,рисе|рисы,рисов,рисы,рисам,рисах
7321|f|inan|гречиха,гречихи,гречиху,гречихе,гречихе|гречихи,гречих,гречихи,гречихам,гречихах
7324|f|inan|соя,сои,сою,сое,сое|сои,сой,сои,соям,соях
7325|f|inan|чечевица,чечевицы,чечевицу,чечевице,чечевице|чечевицы,чечевиц,чечевицы,чечевицам,чечевицах
7359|m|anim|европеец,европейца,европейца,европейцу,европейце|европейцы,европейцев,европейцев,европейцам,европейцах
7362|m|anim|австриец,австрийца,австрийца,австрийцу,австрийце|австрийцы,австрийцев,австрийцев,австрийцам,австрийцах
7367|m|anim|англичанин,англичанина,англичанина,англичанину,англичанине|англичане,англичан,англичан,англичанам,англичанах
7371|m|anim|бельгиец,бельгийца,бельгийца,бельгийцу,бельгийце|бельгийцы,бельгийцев,бельгийцев,бельгийцам,бельгийцах
7375|m|anim|немец,немца,немца,немцу,немце|немцы,немцев,немцев,немцам,немцах
7380|m|anim|голландец,голландца,голландца,голландцу,голландце|голландцы,голландцев,голландцев,голландцам,голландцах
7384|m|anim|грек,грека,грека,греку,греке|греки,греков,греков,грекам,греках
7388|m|anim|датчанин,датчанина,датчанина,датчанину,датчанине|датчане,датчан,датчан,датчанам,датчанах
7392|m|anim|ирландец,ирландца,ирландца,ирландцу,ирландце|ирландцы,ирландцев,ирландцев,ирландцам,ирландцах
7396|m|anim|исландец,исландца,исландца,исландцу,исландце|исландцы,исландцев,исландцев,исландцам,исландцах
7400|m|anim|испанец,испанца,испанца,испанцу,испанце|испанцы,испанцев,испанцев,испанцам,испанцах
7404|m|anim|итальянец,итальянца,итальянца,итальянцу,итальянце|итальянцы,итальянцев,итальянцев,итальянцам,итальянцах
7408|m|anim|киприот,киприота,киприота,киприоту,киприоте|киприоты,киприотов,киприотов,киприотам,киприотах
7412|m|anim|мальтиец,мальтийца,мальтийца,мальтийцу,мальтийце|мальтийцы,мальтийцев,мальтийцев,мальтийцам,мальтийцах
7416|m|anim|норвежец,норвежца,норвежца,норвежцу,норвежце|норвежцы,норвежцев,норвежцев,норвежцам,норвежцах
7420|m|anim|португалец,португальца,португальца,португальцу,португальце|португальцы,португальцев,португальцев,португальцам,португальцах
7424|m|anim|финн,финна,финна,финну,финне|финны,финнов,финнов,финнам,финнах
7428|m|anim|француз,француза,француза,французу,французе|французы,французов,французов,французам,французах
7432|m|anim|швед,шведа,шведа,шведу,шведе|шведы,шведов,шведов,шведам,шведах
7436|m|anim|швейцарец,швейцарца,швейцарца,швейцарцу,швейцарце|швейцарцы,швейцарцев,швейцарцев,швейцарцам,швейцарцах
7440|m|anim|шотландец,шотландца,шотландца,шотландцу,шотландце|шотландцы,шотландцев,шотландцев,шотландцам,шотландцах
7448|m|anim|албанец,албанца,албанца,албанцу,албанце|албанцы,албанцев,албанцев,албанцам,албанцах
7452|m|anim|болгарин,болгарина,болгарина,болгарину,болгарине|болгары,болгар,болгар,болгарам,болгарах
7456|m|anim|венгр,венгра,венгра,венгру,венгре|венгры,венгров,венгров,венграм,венграх
7460|m|anim|латыш,латыша,латыша,латышу,латыше|латыши,латышей,латышей,латышам,латышах
7464|m|anim|литовец,литовца,литовца,литовцу,литовце|литовцы,литовцев,литовцев,литовцам,литовцах
7468|m|anim|поляк,поляка,поляка,поляку,поляке|поляки,поляков,поляков,полякам,поляках
7472|m|anim|румын,румына,румына,румыну,румыне|румыны,румын,румын,румынам,румынах
7476|m|anim|серб,серба,серба,сербу,сербе|сербы,сербов,сербов,сербам,сербах
7480|m|anim|словак,словака,словака,словаку,словаке|словаки,словаков,словаков,словакам,словаках
7484|m|anim|хорват,хорвата,хорвата,хорвату,хорвате|хорваты,хорватов,хорватов,хорватам,хорватах
7488|m|anim|чех,чеха,чеха,чеху,чехе|чехи,чехов,чехов,чехам,чехах
7492|m|anim|эстонец,эстонца,эстонца,эстонцу,эстонце|эстонцы,эстонцев,эстонцев,эстонцам,эстонцах
7500|m|anim|азербайджанец,азербайджанца,азербайджанца,азербайджанцу,азербайджанце|азербайджанцы,азербайджанцев,азербайджанцев,азербайджанцам,азербайджанцах
7504|m|anim|армянин,армянина,армянина,армянину,армянине|армяне,армян,армян,армянам,армянах
7508|m|anim|белорус,белоруса,белоруса,белорусу,белорусе|белорусы,белорусов,белорусов,белорусам,белорусах
7512|m|anim|грузин,грузина,грузина,грузину,грузине|грузины,грузин,грузин,грузинам,грузинах
7516|m|anim|казах,казаха,казаха,казаху,казахе|казахи,казахов,казахов,казахам,казахах
7520|m|anim|киргиз,киргиза,киргиза,киргизу,киргизе|киргизы,киргизов,киргизов,киргизам,киргизах
7524|m|anim|молдаванин,молдаванина,молдаванина,молдаванину,молдаванине|молдаване,молдаван,молдаван,молдаванам,молдаванах
7528|m|anim|русский,русского,русского,русскому,русском|русские,русских,русских,русским,русских
7532|m|anim|таджик,таджика,таджика,таджику,таджике|таджики,таджиков,таджиков,таджикам,таджиках
7536|m|anim|туркмен,туркмена,туркмена,туркмену,туркмене|туркмены,туркмен,туркмен,туркменам,туркменах
7540|m|anim|узбек,узбека,узбека,узбеку,узбеке|узбеки,узбеков,узбеков,узбекам,узбеках
7544|m|anim|украинец,украинца,украинца,украинцу,украинце|украинцы,украинцев,украинцев,украинцам,украинцах
7550|m|anim|вьетнамец,вьетнамца,вьетнамца,вьетнамцу,вьетнамце|вьетнамцы,вьетнамцев,вьетнамцев,вьетнамцам,вьетнамцах
7554|m|anim|индиец,индийца,индийца,индийцу,индийце|индийцы,индийцев,индийцев,индийцам,индийцах
7558|m|anim|израильтянин,израильтянина,израильтянина,израильтянину,израильтянине|израильтяне,израильтян,израильтян,израильтянам,израильтянах
7561|m|anim|еврей,еврея,еврея,еврею,еврее|евреи,евреев,евреев,евреям,евреях
7565|m|anim|китаец,китайца,китайца,китайцу,китайце|китайцы,китайцев,китайцев,китайцам,китайцах
7568|m|anim|кореец,корейца,корейца,корейцу,корейце|корейцы,корейцев,корейцев,корейцам,корейцах
7572|m|anim|ливанец,ливанца,ливанца,ливанцу,ливанце|ливанцы,ливанцев,ливанцев,ливанцам,ливанцах
7576|m|anim|монгол,монгола,монгола,монголу,монголе|монголы,монголов,монголов,монголам,монголах
7580|m|anim|малаец,малайца,малайца,малайцу,малайце|малайцы,малайцев,малайцев,малайцам,малайцах
7584|m|anim|пакистанец,пакистанца,пакистанца,пакистанцу,пакистанце|пакистанцы,пакистанцев,пакистанцев,пакистанцам,пакистанцах
7588|m|anim|араб,араба,араба,арабу,арабе|арабы,арабов,арабов,арабам,арабах
7592|m|anim|таец,тайца,тайца,тайцу,тайце|тайцы,тайцев,тайцев,тайцам,тайцах
7596|m|anim|тайванец,тайванца,тайванца,тайванцу,тайванце|тайванцы,тайванцев,тайванцев,тайванцам,тайванцах
7600|m|anim|турок,турка,турка,турку,турке|турки,турок,турок,туркам,турках
7604|m|anim|японец,японца,японца,японцу,японце|японцы,японцев,японцев,японцам,японцах
7625|m|anim|американец,американца,американца,американцу,американце|американцы,американцев,американцев,американцам,американцах
7629|m|anim|канадец,канадца,канадца,канадцу,канадце|канадцы,канадцев,канадцев,канадцам,канадцах
7633|m|anim|мексиканец,мексиканца,мексиканца,мексиканцу,мексиканце|мексиканцы,мексиканцев,мексиканцев,мексиканцам,мексиканцах
7637|m|anim|аргентинец,аргентинца,аргентинца,аргентинцу,аргентинце|аргентинцы,аргентинцев,аргентинцев,аргентинцам,аргентинцах
7641|m|anim|бразилец,бразильца,бразильца,бразильцу,бразильце|бразильцы,бразильцев,бразильцев,бразильцам,бразильцах
7645|m|anim|колумбиец,колумбийца,колумбийца,колумбийцу,колумбийце|колумбийцы,колумбийцев,колумбийцев,колумбийцам,колумбийцах
7649|m|anim|кубинец,кубинца,кубинца,кубинцу,кубинце|кубинцы,кубинцев,кубинцев,кубинцам,кубинцах
7653|m|anim|чилиец,чилийца,чилийца,чилийцу,чилийце|чилийцы,чилийцев,чилийцев,чилийцам,чилийцах
7669|m|anim|египтянин,египтянина,египтянина,египтянину,египтянине|египтяне,египтян,египтян,египтянам,египтянах
7673|m|anim|марокканец,марокканца,марокканца,марокканцу,марокканце|марокканцы,марокканцев,марокканцев,марокканцам,марокканцах
7677|m|anim|тунисец,тунисца,тунисца,тунисцу,тунисце|тунисцы,тунисцев,тунисцев,тунисцам,тунисцах
7689|m|anim|африканец,африканца,африканца,африканцу,африканце|африканцы,африканцев,африканцев,африканцам,африканцах
7693|m|anim|австралиец,австралийца,австралийца,австралийцу,австралийце|австралийцы,австралийцев,австралийцев,австралийцам,австралийцах
7775|f|inan|политика,политики,политику,политике,политике|политики,политик,политики,политикам,политиках
7777|m|anim|политик,политика,политика,политику,политике|политики,политиков,политиков,политикам,политиках
7778|n|inan|государство,государства,государство,государству,государстве|государства,государств,государства,государствам,государствах
7779|m|anim|гражданин,гражданина,гражданина,гражданину,гражданине|граждане,граждан,граждан,гражданам,гражданах
7780|n|inan|гражданство,гражданства,гражданство,гражданству,гражданстве|гражданства,гражданств,гражданства,гражданствам,гражданствах
7783|n|inan|правительство,правительства,правительство,правительству,правительстве|правительства,правительств,правительства,правительствам,правительствах
7785|m|inan|парламент,парламента,парламент,парламенту,парламенте|парламенты,парламентов,парламенты,парламентам,парламентах
7787|m|inan|капитализм,капитализма,капитализм,капитализму,капитализме|капитализмы,капитализмов,капитализмы,капитализмам,капитализмах
7789|m|inan|социализм,социализма,социализм,социализму,социализме|социализмы,социализмов,социализмы,социализмам,социализмах
7791|m|inan|коммунизм,коммунизма,коммунизм,коммунизму,коммунизме|коммунизмы,коммунизмов,коммунизмы,коммунизмам,коммунизмах
7793|m|anim|коммунист,коммуниста,коммуниста,коммунисту,коммунисте|коммунисты,коммунистов,коммунистов,коммунистам,коммунистах
7794|f|inan|демократия,демократии,демократию,демократии,демократии|демократии,демократий,демократии,демократиям,демократиях
7795|m|anim|демократ,демократа,демократа,демократу,демократе|демократы,демократов,демократов,демократам,демократах
7798|m|anim|либерал,либерала,либерала,либералу,либерале|либералы,либералов,либералов,либералам,либералах
7800|m|anim|консерватор,консерватора,консерватора,консерватору,консерваторе|консерваторы,консерваторов,консерваторов,консерваторам,консерваторах
7802|f|inan|республика,республики,республику,республике,республике|республики,республик,республики,республикам,республиках
7803|m|anim|республиканец,республиканца,республиканца,республиканцу,республиканце|республиканцы,республиканцев,республиканцев,республиканцам,республиканцах
7807|m|anim|избиратель,избирателя,избирателя,избирателю,избирателе|избиратели,избирателей,избирателей,избирателям,избирателях
7812|m|anim|кандидат,кандидата,кандидата,кандидату,кандидате|кандидаты,кандидатов,кандидатов,кандидатам,кандидатах
7814|f|inan|кампания,кампании,кампанию,кампании,кампании|кампании,кампаний,кампании,кампаниям,кампаниях
7816|f|inan|оппозиция,оппозиции,оппозицию,оппозиции,оппозиции|оппозиции,оппозиций,оппозиции,оппозициям,оппозициях
7817|m|inan|визит,визита,визит,визиту,визите|визиты,визитов,визиты,визитам,визитах
7822|n|inan|общество,общества,общество,обществу,обществе|общества,обществ,общества,обществам,обществах
7824|f|inan|власть,власти,власть,власти,власти|власти,властей,власти,властям,властях
7825|f|inan|коррупция,коррупции,коррупцию,коррупции,коррупции|коррупции,коррупций,коррупции,коррупциям,коррупциях
7828|f|inan|справедливость,справедливости,справедливость,справедливости,справедливости|справедливости,справедливостей,справедливости,справедливостям,справедливостях
7830|m|inan|комитет,комитета,комитет,комитету,комитете|комитеты,комитетов,комитеты,комитетам,комитетах
7833|f|inan|политика,политики,политику,политике,политике|политики,политик,политики,политикам,политиках
7834|f|inan|реформа,реформы,реформу,реформе,реформе|реформы,реформ,реформы,реформам,реформах
7836|f|inan|сила,силы,силу,силе,силе|силы,сил,силы,силам,силах
7838|m|anim|сторонник,сторонника,сторонника,стороннику,стороннике|сторонники,сторонников,сторонников,сторонникам,сторонниках
7839|n|inan|влияние,влияния,влияние,влиянию,влиянии|влияния,влияний,влияния,влияниям,влияниях
7840|m|inan|режим,режима,режим,режиму,режиме|режимы,режимов,режимы,режимам,режимах
7842|m|inan|заговор,заговора,заговор,заговору,заговоре|заговоры,заговоров,заговоры,заговорам,заговорах
7843|f|inan|провокация,провокации,провокацию,провокации,провокации|провокации,провокаций,провокации,провокациям,провокациях
7845|n|inan|свержение,свержения,свержение,свержению,свержении|свержения,свержений,свержения,свержениям,свержениях
7846|f|inan|революция,революции,революцию,революции,революции|революции,революций,революции,революциям,революциях
7847|m|inan|переворот,переворота,переворот,перевороту,перевороте|перевороты,переворотов,перевороты,переворотам,переворотах
7851|m|anim|демонстрант,демонстранта,демонстранта,демонстранту,демонстранте|демонстранты,демонстрантов,демонстрантов,демонстрантам,демонстрантах
7852|f|inan|демонстрация,демонстрации,демонстрацию,демонстрации,демонстрации|демонстрации,демонстраций,демонстрации,демонстрациям,демонстрациях
7855|f|inan|стабильность,стабильности,стабильность,стабильности,стабильности|стабильности,стабильностей,стабильности,стабильностям,стабильностях
7857|f|inan|эксплуатация,эксплуатации,эксплуатацию,эксплуатации,эксплуатации|эксплуатации,эксплуатаций,эксплуатации,эксплуатациям,эксплуатациях
7859|m|inan|расизм,расизма,расизм,расизму,расизме|расизмы,расизмов,расизмы,расизмам,расизмах
7860|m|anim|расист,расиста,расиста,расисту,расисте|расисты,расистов,расистов,расистам,расистах
7861|m|inan|фашизм,фашизма,фашизм,фашизму,фашизме|фашизмы,фашизмов,фашизмы,фашизмам,фашизмах
7862|m|anim|фашист,фашиста,фашиста,фашисту,фашисте|фашисты,фашистов,фашистов,фашистам,фашистах
7866|m|anim|эмигрант,эмигранта,эмигранта,эмигранту,эмигранте|эмигранты,эмигрантов,эмигрантов,эмигрантам,эмигрантах
7867|f|inan|эмиграция,эмиграции,эмиграцию,эмиграции,эмиграции|эмиграции,эмиграций,эмиграции,эмиграциям,эмиграциях
7872|f|inan|цивилизация,цивилизации,цивилизацию,цивилизации,цивилизации|цивилизации,цивилизаций,цивилизации,цивилизациям,цивилизациях
7873|n|inan|человечество,человечества,человечество,человечеству,человечестве|человечества,человечеств,человечества,человечествам,человечествах
7874|m|inan|мир,мира,мир,миру,мире|миры,миров,миры,мирам,мирах
7875|m|inan|мир,мира,мир,миру,мире|мир,мира,мир,миру,мире
7877|f|inan|родина,родины,родину,родине,родине|родины,родин,родины,родинам,родинах
7879|n|inan|население,населения,население,населению,населении|населения,населений,населения,населениям,населениях
7881|f|inan|нация,нации,нацию,нации,нации|нации,наций,нации,нациям,нациях
7882|n|inan|поколение,поколения,поколение,поколению,поколении|поколения,поколений,поколения,поколениям,поколениях
7884|m|inan|регион,региона,регион,региону,регионе|регионы,регионов,регионы,регионам,регионах
7885|m|inan|штат,штата,штат,штату,штате|штаты,штатов,штаты,штатам,штатах
7886|f|inan|традиция,традиции,традицию,традиции,традиции|традиции,традиций,традиции,традициям,традициях
7888|f|inan|экология,экологии,экологию,экологии,экологии|экологии,экологий,экологии,экологиям,экологиях
7889|m|anim|индеец,индейца,индейца,индейцу,индейце|индейцы,индейцев,индейцев,индейцам,индейцах
7890|m|anim|цыган,цыгана,цыгана,цыгану,цыгане|цыгане,цыган,цыган,цыганам,цыганах
7893|f|inan|империя,империи,империю,империи,империи|империи,империй,империи,империям,империях
7894|f|inan|колония,колонии,колонию,колонии,колонии|колонии,колоний,колонии,колониям,колониях
7895|n|inan|рабство,рабства,рабство,рабству,рабстве|рабства,рабств,рабства,рабствам,рабствах
7897|m|inan|голод,голода,голод,голоду,голоде|голоды,голодов,голоды,голодам,голодах
7898|f|inan|религия,религии,религию,религии,религии|религии,религий,религии,религиям,религиях
7900|n|inan|верование,верования,верование,верованию,веровании|верования,верований,верования,верованиям,верованиях
7902|m|anim|верующий,верующего,верующего,верующему,верующем|верующие,верующих,верующих,верующим,верующих
7903|m|inan|атеизм,атеизма,атеизм,атеизму,атеизме|атеизмы,атеизмов,атеизмы,атеизмам,атеизмах
7904|m|anim|атеист,атеиста,атеиста,атеисту,атеисте|атеисты,атеистов,атеистов,атеистам,атеистах
7906|m|anim|христианин,христианина,христианина,христианину,христианине|христиане,христиан,христиан,христианам,христианах
7909|m|anim|католик,католика,католика,католику,католике|католики,католиков,католиков,католикам,католиках
7913|m|anim|протестант,протестанта,протестанта,протестанту,протестанте|протестанты,протестантов,протестантов,протестантам,протестантах
7919|m|anim|пресвитерианин,пресвитерианина,пресвитерианина,пресвитерианину,пресвитерианине|пресвитериане,пресвитериан,пресвитериан,пресвитерианам,пресвитерианах
7921|m|anim|лютеранин,лютеранина,лютеранина,лютеранину,лютеранине|лютеране,лютеран,лютеран,лютеранам,лютеранах
7923|m|anim|баптист,баптиста,баптиста,баптисту,баптисте|баптисты,баптистов,баптистов,баптистам,баптистах
7925|m|anim|англиканин,англиканина,англиканина,англиканину,англиканине|англикане,англикан,англикан,англиканам,англиканах
7927|m|anim|мормон,мормона,мормона,мормону,мормоне|мормоны,мормонов,мормонов,мормонам,мормонах
7929|m|anim|иудей,иудея,иудея,иудею,иудее|иудеи,иудеев,иудеев,иудеям,иудеях
7931|m|anim|буддист,буддиста,буддиста,буддисту,буддисте|буддисты,буддистов,буддистов,буддистам,буддистах
7933|m|anim|индуист,индуиста,индуиста,индуисту,индуисте|индуисты,индуистов,индуистов,индуистам,индуистах
7935|m|anim|мусульманин,мусульманина,мусульманина,мусульманину,мусульманине|мусульмане,мусульман,мусульман,мусульманам,мусульманах
7938|m|anim|шиит,шиита,шиита,шииту,шиите|шииты,шиитов,шиитов,шиитам,шиитах
7940|m|anim|суннит,суннита,суннита,сунниту,сунните|сунниты,суннитов,суннитов,суннитам,суннитах
7941|m|anim|священник,священника,священника,священнику,священнике|священники,священников,священников,священникам,священниках
7943|m|anim|монах,монаха,монаха,монаху,монахе|монахи,монахов,монахов,монахам,монахах
7944|f|anim|монахиня,монахини,монахиню,монахине,монахине|монахини,монахинь,монахинь,монахиням,монахинях
7945|m|anim|пастор,пастора,пастора,пастору,пасторе|пасторы,пасторов,пасторов,пасторам,пасторах
7947|m|anim|викарий,викария,викария,викарию,викарии|викарии,викариев,викариев,викариям,викариях
7950|m|anim|проповедник,проповедника,проповедника,проповеднику,проповеднике|проповедники,проповедников,проповедников,проповедникам,проповедниках
7951|f|inan|проповедь,проповеди,проповедь,проповеди,проповеди|проповеди,проповедей,проповеди,проповедям,проповедях
7952|m|anim|прихожане,прихожан,прихожан,прихожанам,прихожанах|прихожане,прихожан,прихожан,прихожанам,прихожанах
7960|m|inan|грех,греха,грех,греху,грехе|грехи,грехов,грехи,грехам,грехах
7962|m|anim|грешник,грешника,грешника,грешнику,грешнике|грешники,грешников,грешников,грешникам,грешниках
7975|m|anim|ангел,ангела,ангела,ангелу,ангеле|ангелы,ангелов,ангелов,ангелам,ангелах
7978|m|anim|апостол,апостола,апостола,апостолу,апостоле|апостолы,апостолов,апостолов,апостолам,апостолах
7980|m|anim|антихрист,антихриста,антихриста,антихристу,антихристе|антихристы,антихристов,антихристов,антихристам,антихристах
7982|f|inan|библия,библии,библию,библии,библии|библии,библий,библии,библиям,библиях
7990|m|anim|пророк,пророка,пророка,пророку,пророке|пророки,пророков,пророков,пророкам,пророках
7991|n|inan|пророчество,пророчества,пророчество,пророчеству,пророчестве|пророчества,пророчеств,пророчества,пророчествам,пророчествах
7996|m|anim|мулла,муллы,муллу,мулле,мулле|муллы,мулл,мулл,муллам,муллах
7997|f|inan|молитва,молитвы,молитву,молитве,молитве|молитвы,молитв,молитвы,молитвам,молитвах
7999|n|inan|паломничество,паломничества,паломничество,паломничеству,паломничестве|паломничества,паломничеств,паломничества,паломничествам,паломничествах
8000|m|anim|паломник,паломника,паломника,паломнику,паломнике|паломники,паломников,паломников,паломникам,паломниках
8008|f|inan|часовня,часовни,часовню,часовне,часовне|часовни,часовен,часовни,часовням,часовнях
8009|n|inan|аббатство,аббатства,аббатство,аббатству,аббатстве|аббатства,аббатств,аббатства,аббатствам,аббатствах
8013|f|inan|колокольня,колокольни,колокольню,колокольне,колокольне|колокольни,колоколен,колокольни,колокольням,колокольнях
8016|m|inan|купол,купола,купол,куполу,куполе|купола,куполов,купола,куполам,куполах
8017|f|inan|икона,иконы,икону,иконе,иконе|иконы,икон,иконы,иконам,иконах
8018|f|inan|душа,души,душу,душе,душе|души,душ,души,душам,душах
8019|f|inan|судьба,судьбы,судьбу,судьбе,судьбе|судьбы,судеб,судьбы,судьбам,судьбах
8020|n|inan|зло,зла,зло,злу,зле|зло,зла,зло,злу,зле
8021|n|inan|добро,добра,добро,добру,добре|добро,добра,добро,добру,добре
8022|m|anim|вампир,вампира,вампира,вампиру,вампире|вампиры,вампиров,вампиров,вампирам,вампирах
8023|f|anim|ведьма,ведьмы,ведьму,ведьме,ведьме|ведьмы,ведьм,ведьм,ведьмам,ведьмах
8024|m|anim|демон,демона,демона,демону,демоне|демоны,демонов,демонов,демонам,демонах
8025|m|anim|чёрт,чёрта,чёрта,чёрту,чёрте|черти,чертей,чертей,чертям,чертях
8026|m|inan|дух,духа,дух,духу,духе|духи,духов,духи,духам,духах
8029|f|inan|служба,службы,службу,службе,службе|службы,служб,службы,службам,службах
8031|f|inan|исповедь,исповеди,исповедь,исповеди,исповеди|исповеди,исповедей,исповеди,исповедям,исповедях
8033|m|anim|святой,святого,святого,святому,святом|святые,святых,святых,святым,святых
8036|m|inan|ритуал,ритуала,ритуал,ритуалу,ритуале|ритуалы,ритуалов,ритуалы,ритуалам,ритуалах
8038|n|inan|жертвоприношение,жертвоприношения,жертвоприношение,жертвоприношению,жертвоприношении|жертвоприношения,жертвоприношений,жертвоприношения,жертвоприношениям,жертвоприношениях
8043|f|inan|база,базы,базу,базе,базе|базы,баз,базы,базам,базах
8044|m|inan|баланс,баланса,баланс,балансу,балансе|балансы,балансов,балансы,балансам,балансах
8045|m|inan|вариант,варианта,вариант,варианту,варианте|варианты,вариантов,варианты,вариантам,вариантах
8046|f|inan|вещь,вещи,вещь,вещи,вещи|вещи,вещей,вещи,вещам,вещах
8047|m|inan|вид,вида,вид,виду,виде|виды,видов,виды,видам,видах
8048|m|inan|выбор,выбора,выбор,выбору,выборе|выборы,выборов,выборы,выборам,выборах
8049|f|inan|зона,зоны,зону,зоне,зоне|зоны,зон,зоны,зонам,зонах
8050|m|inan|идеал,идеала,идеал,идеалу,идеале|идеалы,идеалов,идеалы,идеалам,идеалах
8051|f|inan|истина,истины,истину,истине,истине|истины,истин,истины,истинам,истинах
8052|f|inan|категория,категории,категорию,категории,категории|категории,категорий,категории,категориям,категориях
8053|f|inan|компенсация,компенсации,компенсацию,компенсации,компенсации|компенсации,компенсаций,компенсации,компенсациям,компенсациях
8054|m|inan|лабиринт,лабиринта,лабиринт,лабиринту,лабиринте|лабиринты,лабиринтов,лабиринты,лабиринтам,лабиринтах
8055|m|inan|момент,момента,момент,моменту,моменте|моменты,моментов,моменты,моментам,моментах
8057|m|inan|объект,объекта,объект,объекту,объекте|объекты,объектов,объекты,объектам,объектах
8058|n|inan|окончание,окончания,окончание,окончанию,окончании|окончания,окончаний,окончания,окончаниям,окончаниях
8059|m|inan|оригинал,оригинала,оригинал,оригиналу,оригинале|оригиналы,оригиналов,оригиналы,оригиналам,оригиналах
8060|f|inan|остановка,остановки,остановку,остановке,остановке|остановки,остановок,остановки,остановкам,остановках
8062|f|inan|пауза,паузы,паузу,паузе,паузе|паузы,пауз,паузы,паузам,паузах
8063|f|inan|позиция,позиции,позицию,позиции,позиции|позиции,позиций,позиции,позициям,позициях
8064|f|inan|польза,пользы,пользу,пользе,пользе|польза,пользы,пользу,пользе,пользе
8065|f|inan|помощь,помощи,помощь,помощи,помощи|помощь,помощи,помощь,помощи,помощи
8066|f|inan|преграда,преграды,преграду,преграде,преграде|преграды,преград,преграды,преградам,преградах
8067|n|inan|препятствие,препятствия,препятствие,препятствию,препятствии|препятствия,препятствий,препятствия,препятствиям,препятствиях
8068|m|inan|пример,примера,пример,примеру,примере|примеры,примеров,примеры,примерам,примерах
8069|m|inan|принцип,принципа,принцип,принципу,принципе|принципы,принципов,принципы,принципам,принципах
8070|f|inan|причина,причины,причину,причине,причине|причины,причин,причины,причинам,причинах
8072|m|inan|прогресс,прогресса,прогресс,прогрессу,прогрессе|прогрессы,прогрессов,прогрессы,прогрессам,прогрессах
8073|m|inan|процесс,процесса,процесс,процессу,процессе|процессы,процессов,процессы,процессам,процессах
8075|n|inan|различие,различия,различие,различию,различии|различия,различий,различия,различиям,различиях
8076|f|inan|реакция,реакции,реакцию,реакции,реакции|реакции,реакций,реакции,реакциям,реакциях
8077|n|inan|решение,решения,решение,решению,решении|решения,решений,решения,решениям,решениях
8079|m|inan|рост,роста,рост,росту,росте|росты,ростов,росты,ростам,ростах
8080|n|inan|свойство,свойства,свойство,свойству,свойстве|свойства,свойств,свойства,свойствам,свойствах
8081|f|inan|секция,секции,секцию,секции,секции|секции,секций,секции,секциям,секциях
8082|f|inan|серия,серии,серию,серии,серии|серии,серий,серии,сериям,сериях
8083|f|inan|система,системы,систему,системе,системе|системы,систем,системы,системам,системах
8084|f|inan|ситуация,ситуации,ситуацию,ситуации,ситуации|ситуации,ситуаций,ситуации,ситуациям,ситуациях
8085|n|inan|совпадение,совпадения,совпадение,совпадению,совпадении|совпадения,совпадений,совпадения,совпадениям,совпадениях
8086|m|inan|способ,способа,способ,способу,способе|способы,способов,способы,способам,способах
8087|n|inan|сравнение,сравнения,сравнение,сравнению,сравнении|сравнения,сравнений,сравнения,сравнениям,сравнениях
8090|m|inan|стандарт,стандарта,стандарт,стандарту,стандарте|стандарты,стандартов,стандарты,стандартам,стандартах
8092|f|inan|степень,степени,степень,степени,степени|степени,степеней,степени,степеням,степенях
8093|m|inan|стиль,стиля,стиль,стилю,стиле|стили,стилей,стили,стилям,стилях
8094|f|inan|таблица,таблицы,таблицу,таблице,таблице|таблицы,таблиц,таблицы,таблицам,таблицах
8095|f|inan|тайна,тайны,тайну,тайне,тайне|тайны,тайн,тайны,тайнам,тайнах
8096|m|inan|темп,темпа,темп,темпу,темпе|темпы,темпов,темпы,темпам,темпах
8097|m|inan|термин,термина,термин,термину,термине|термины,терминов,термины,терминам,терминах
8098|m|inan|тип,типа,тип,типу,типе|типы,типов,типы,типам,типах
8101|m|inan|факт,факта,факт,факту,факте|факты,фактов,факты,фактам,фактах
8104|f|inan|частица,частицы,частицу,частице,частице|частицы,частиц,частицы,частицам,частицах
8106|f|inan|часть,части,часть,части,части|части,частей,части,частям,частях
8107|m|inan|элемент,элемента,элемент,элементу,элементе|элементы,элементов,элементы,элементам,элементах
8108|m|inan|эффект,эффекта,эффект,эффекту,эффекте|эффекты,эффектов,эффекты,эффектам,эффектах
8197|m|anim|нищий,нищего,нищего,нищему,нищем|нищие,нищих,нищих,нищим,нищих
20110|m|anim|друг,друга,друга,другу,друге|друзья,друзей,друзей,друзьям,друзьях
20112|m|anim|брат,брата,брата,брату,брате|братья,братьев,братьев,братьям,братьях
20117|f|anim|келинойи,келинойи,келинойи,келинойи,келинойи|келинойи,келинойи,келинойи,келинойи,келинойи
20118|m|anim|зять,зятя,зятя,зятю,зяте|зятья,зятьёв,зятьёв,зятьям,зятьях
20119|m|anim|домла,домлы,домлу,домле,домле|домлы,домл,домл,домлам,домлах
20120|m|anim|мастер,мастера,мастера,мастеру,мастере|мастера,мастеров,мастеров,мастерам,мастерах
20204|m|inan|пакет,пакета,пакет,пакету,пакете|пакеты,пакетов,пакеты,пакетам,пакетах
20210|f|inan|скидка,скидки,скидку,скидке,скидке|скидки,скидок,скидки,скидкам,скидках
20223|f|inan|сдача,сдачи,сдачу,сдаче,сдаче|сдачи,сдач,сдачи,сдачам,сдачах
20227|f|inan|остановка,остановки,остановку,остановке,остановке|остановки,остановок,остановки,остановкам,остановках
20228|f|inan|маршрутка,маршрутки,маршрутку,маршрутке,маршрутке|маршрутки,маршруток,маршрутки,маршруткам,маршрутках
20233|m|inan|поворот,поворота,поворот,повороту,повороте|повороты,поворотов,повороты,поворотам,поворотах
20234|m|inan|разворот,разворота,разворот,развороту,развороте|развороты,разворотов,развороты,разворотам,разворотах
20236|m|anim|водитель,водителя,водителя,водителю,водителе|водители,водителей,водителей,водителям,водителях
20240|m|inan|плов,плова,плов,плову,плове|пловы,пловов,пловы,пловам,пловах
20241|f|inan|чайхана,чайханы,чайхану,чайхане,чайхане|чайханы,чайхан,чайханы,чайханам,чайханах
20245|m|inan|счёт,счёта,счёт,счёту,счёте|счета,счетов,счета,счетам,счетах
20247|f|inan|порция,порции,порцию,порции,порции|порции,порций,порции,порциям,порциях
20249|m|inan|патыр,патыра,патыр,патыру,патыре|патыры,патыров,патыры,патырам,патырах
20251|m|inan|кайф,кайфа,кайф,кайфу,кайфе|кайфы,кайфов,кайфы,кайфам,кайфах
20257|m|inan|заказ,заказа,заказ,заказу,заказе|заказы,заказов,заказы,заказам,заказах
20258|f|inan|доставка,доставки,доставку,доставке,доставке|доставки,доставок,доставки,доставкам,доставках
20260|m|inan|обед,обеда,обед,обеду,обеде|обеды,обедов,обеды,обедам,обедах
20263|f|inan|работа,работы,работу,работе,работе|работы,работ,работы,работам,работах
20265|m|inan|аванс,аванса,аванс,авансу,авансе|авансы,авансов,авансы,авансам,авансах
20266|m|anim|начальник,начальника,начальника,начальнику,начальнике|начальники,начальников,начальников,начальникам,начальниках
20267|m|inan|отпуск,отпуска,отпуск,отпуску,отпуске|отпуска,отпусков,отпуска,отпускам,отпусках
20268|m|inan|больничный,больничного,больничный,больничному,больничном|больничные,больничных,больничные,больничным,больничных
20269|f|inan|справка,справки,справку,справке,справке|справки,справок,справки,справкам,справках
20273|m|inan|универ,универа,универ,универу,универе|универы,универов,универы,универам,универах
20274|f|inan|пара,пары,пару,паре,паре|пары,пар,пары,парам,парах
20276|m|inan|зачёт,зачёта,зачёт,зачёту,зачёте|зачёты,зачётов,зачёты,зачётам,зачётах
20277|f|inan|сессия,сессии,сессию,сессии,сессии|сессии,сессий,сессии,сессиям,сессиях
20281|m|inan|перерыв,перерыва,перерыв,перерыву,перерыве|перерывы,перерывов,перерывы,перерывам,перерывах
20282|f|inan|смена,смены,смену,смене,смене|смены,смен,смены,сменам,сменах
20283|m|anim|шеф,шефа,шефа,шефу,шефе|шефы,шефов,шефов,шефам,шефах
20284|m|inan|сум,сума,сум,суму,суме|сумы,сумов,сумы,сумам,сумах
20288|m|inan|наличные,наличных,наличные,наличным,наличных|наличные,наличных,наличные,наличным,наличных
20289|f|inan|наличка,налички,наличку,наличке,наличке|наличка,налички,наличку,наличке,наличке
20292|f|inan|мелочь,мелочи,мелочь,мелочи,мелочи|мелочи,мелочей,мелочи,мелочам,мелочах
20293|f|inan|мелочь,мелочи,мелочь,мелочи,мелочи|мелочи,мелочей,мелочи,мелочам,мелочах
20312|f|inan|минута,минуты,минуту,минуте,минуте|минуты,минут,минуты,минутам,минутах
20315|m|inan|выходной,выходного,выходной,выходному,выходном|выходные,выходных,выходные,выходным,выходных
20326|m|inan|прикол,прикола,прикол,приколу,приколе|приколы,приколов,приколы,приколам,приколах
20327|m|inan|класс,класса,класс,классу,классе|классы,классов,классы,классам,классах
20328|m|inan|кайф,кайфа,кайф,кайфу,кайфе|кайфы,кайфов,кайфы,кайфам,кайфах
20329|m|anim|дружище,дружища,дружища,дружищу,дружище|дружищи,дружищ,дружищ,дружищам,дружищах
20331|m|anim|братан,братана,братана,братану,братане|братаны,братанов,братанов,братанам,братанах
20378|f|inan|домашка,домашки,домашку,домашке,домашке|домашки,домашек,домашки,домашкам,домашках
