# Переводы форм глаголов (сгенерированы, требуют проверки): id|ru_inf|ru_tail|наст.6|прош.м,ж,мн|повел.ед,мн|en base,3s,past,pp,ing|en_tail
12|здороваться||здороваюсь,здороваешься,здоровается,здороваемся,здороваетесь,здороваются|здоровался,здоровалась,здоровались|здоровайся,здоровайтесь|greet,greets,greeted,greeted,greeting|
15|приветствовать||приветствую,приветствуешь,приветствует,приветствуем,приветствуете,приветствуют|приветствовал,приветствовала,приветствовали|приветствуй,приветствуйте|greet,greets,greeted,greeted,greeting|
21|прощаться||прощаюсь,прощаешься,прощается,прощаемся,прощаетесь,прощаются|прощался,прощалась,прощались|прощайся,прощайтесь|say,says,said,said,saying|goodbye
30|извинять||извиняю,извиняешь,извиняет,извиняем,извиняете,извиняют|извинял,извиняла,извиняли|извиняй,извиняйте|excuse,excuses,excused,excused,excusing|
31|извиняться||извиняюсь,извиняешься,извиняется,извиняемся,извиняетесь,извиняются|извинялся,извинялась,извинялись|извиняйся,извиняйтесь|apologize,apologizes,apologized,apologized,apologizing|
34|прощать||прощаю,прощаешь,прощает,прощаем,прощаете,прощают|прощал,прощала,прощали|прощай,прощайте|forgive,forgives,forgave,forgiven,forgiving|
120|вычитать||вычитаю,вычитаешь,вычитает,вычитаем,вычитаете,вычитают|вычитал,вычитала,вычитали|вычитай,вычитайте|subtract,subtracts,subtracted,subtracted,subtracting|
122|делить||делю,делишь,делит,делим,делите,делят|делил,делила,делили|дели,делите|divide,divides,divided,divided,dividing|
124|сложить||сложу,сложишь,сложит,сложим,сложите,сложат|сложил,сложила,сложили|сложи,сложите|add,adds,added,added,adding|up
125|прибавлять||прибавляю,прибавляешь,прибавляет,прибавляем,прибавляете,прибавляют|прибавлял,прибавляла,прибавляли|прибавляй,прибавляйте|add,adds,added,added,adding|
127|умножать||умножаю,умножаешь,умножает,умножаем,умножаете,умножают|умножал,умножала,умножали|умножай,умножайте|multiply,multiplies,multiplied,multiplied,multiplying|
135|считать||считаю,считаешь,считает,считаем,считаете,считают|считал,считала,считали|считай,считайте|count,counts,counted,counted,counting|
136|подсчитывать||подсчитываю,подсчитываешь,подсчитывает,подсчитываем,подсчитываете,подсчитывают|подсчитывал,подсчитывала,подсчитывали|подсчитывай,подсчитывайте|calculate,calculates,calculated,calculated,calculating|
137|сравнивать||сравниваю,сравниваешь,сравнивает,сравниваем,сравниваете,сравнивают|сравнивал,сравнивала,сравнивали|сравнивай,сравнивайте|compare,compares,compared,compared,comparing|
152|бежать||бегу,бежишь,бежит,бежим,бежите,бегут|бежал,бежала,бежали|беги,бегите|run,runs,ran,run,running|
153|бояться||боюсь,боишься,боится,боимся,боитесь,боятся|боялся,боялась,боялись|бойся,бойтесь|fear,fears,feared,feared,fearing|
154|брать||беру,берёшь,берёт,берём,берёте,берут|брал,брала,брали|бери,берите|take,takes,took,taken,taking|
155|быть||буду,будешь,будет,будем,будете,будут|был,была,были|будь,будьте|be,is,was,been,being|
156|видеть||вижу,видишь,видит,видим,видите,видят|видел,видела,видели|смотри,смотрите|see,sees,saw,seen,seeing|
157|владеть||владею,владеешь,владеет,владеем,владеете,владеют|владел,владела,владели|владей,владейте|own,owns,owned,owned,owning|
158|возражать||возражаю,возражаешь,возражает,возражаем,возражаете,возражают|возражал,возражала,возражали|возражай,возражайте|object,objects,objected,objected,objecting|
159|входить||вхожу,входишь,входит,входим,входите,входят|входил,входила,входили|входи,входите|enter,enters,entered,entered,entering|
160|выбирать||выбираю,выбираешь,выбирает,выбираем,выбираете,выбирают|выбирал,выбирала,выбирали|выбирай,выбирайте|choose,chooses,chose,chosen,choosing|
161|выходить||выхожу,выходишь,выходит,выходим,выходите,выходят|выходил,выходила,выходили|выходи,выходите|go,goes,went,gone,going|out
162|говорить||говорю,говоришь,говорит,говорим,говорите,говорят|говорил,говорила,говорили|говори,говорите|speak,speaks,speaked,speaked,speaking|
163|готовить||готовлю,готовишь,готовит,готовим,готовите,готовят|готовил,готовила,готовили|готовь,готовьте|cook,cooks,cooked,cooked,cooking|
164|давать||даю,даёшь,даёт,даём,даёте,дают|давал,давала,давали|давай,давайте|give,gives,gave,given,giving|
165|делать||делаю,делаешь,делает,делаем,делаете,делают|делал,делала,делали|делай,делайте|do,does,did,done,doing|
166|доверять||доверяю,доверяешь,доверяет,доверяем,доверяете,доверяют|доверял,доверяла,доверяли|доверяй,доверяйте|trust,trusts,trusted,trusted,trusting|
167|думать||думаю,думаешь,думает,думаем,думаете,думают|думал,думала,думали|думай,думайте|think,thinks,thought,thought,thinking|
168|жаловаться||жалуюсь,жалуешься,жалуется,жалуемся,жалуетесь,жалуются|жаловался,жаловалась,жаловались|жалуйся,жалуйтесь|complain,complains,complained,complained,complaining|
169|ждать||жду,ждёшь,ждёт,ждём,ждёте,ждут|ждал,ждала,ждали|жди,ждите|wait,waits,waited,waited,waiting|for
170|забывать||забываю,забываешь,забывает,забываем,забываете,забывают|забывал,забывала,забывали|забывай,забывайте|forget,forgets,forgot,forgotten,forgetting|
171|завтракать||завтракаю,завтракаешь,завтракает,завтракаем,завтракаете,завтракают|завтракал,завтракала,завтракали|завтракай,завтракайте|have,has,had,had,having|breakfast
172|заказывать||заказываю,заказываешь,заказывает,заказываем,заказываете,заказывают|заказывал,заказывала,заказывали|заказывай,заказывайте|order,orders,ordered,ordered,ordering|
173|заканчивать||заканчиваю,заканчиваешь,заканчивает,заканчиваем,заканчиваете,заканчивают|заканчивал,заканчивала,заканчивали|заканчивай,заканчивайте|finish,finishes,finished,finished,finishing|
174|замечать||замечаю,замечаешь,замечает,замечаем,замечаете,замечают|замечал,замечала,замечали|замечай,замечайте|notice,notices,noticed,noticed,noticing|
175|записывать||записываю,записываешь,записывает,записываем,записываете,записывают|записывал,записывала,записывали|записывай,записывайте|write,writes,wrote,written,writing|down
176|защищать||защищаю,защищаешь,защищает,защищаем,защищаете,защищают|защищал,защищала,защищали|защищай,защищайте|defend,defends,defended,defended,defending|
177|звать||зову,зовёшь,зовёт,зовём,зовёте,зовут|звал,звала,звали|зови,зовите|call,calls,called,called,calling|
178|знать||знаю,знаешь,знает,знаем,знаете,знают|знал,знала,знали|знай,знайте|know,knows,knew,known,knowing|
179|знать||знаю,знаешь,знает,знаем,знаете,знают|знал,знала,знали|знай,знайте|know,knows,knew,known,knowing|
180|играть||играю,играешь,играет,играем,играете,играют|играл,играла,играли|играй,играйте|play,plays,played,played,playing|
181|идти||иду,идёшь,идёт,идём,идёте,идут|шёл,шла,шли|иди,идите|go,goes,went,gone,going|
183|изменить||изменю,изменишь,изменит,изменим,измените,изменят|изменил,изменила,изменили|измени,измените|change,changes,changed,changed,changing|
184|изучать||изучаю,изучаешь,изучает,изучаем,изучаете,изучают|изучал,изучала,изучали|изучай,изучайте|study,studies,studied,studied,studying|
185|иметь||имею,имеешь,имеет,имеем,имеете,имеют|имел,имела,имели|имей,имейте|have,has,had,had,having|
186|интересоваться||интересуюсь,интересуешься,интересуется,интересуемся,интересуетесь,интересуются|интересовался,интересовалась,интересовались|интересуйся,интересуйтесь|be,is,was,been,being|interested in
187|информировать||информирую,информируешь,информирует,информируем,информируете,информируют|информировал,информировала,информировали|информируй,информируйте|inform,informs,informed,informed,informing|
188|контролировать||контролирую,контролируешь,контролирует,контролируем,контролируете,контролируют|контролировал,контролировала,контролировали|контролируй,контролируйте|control,controls,controlled,controlled,controlling|
189|красть||краду,крадёшь,крадёт,крадём,крадёте,крадут|крал,крала,крали|кради,крадите|steal,steals,stole,stolen,stealing|
190|кричать||кричу,кричишь,кричит,кричим,кричите,кричат|кричал,кричала,кричали|кричи,кричите|shout,shouts,shouted,shouted,shouting|
191|купаться||купаюсь,купаешься,купается,купаемся,купаетесь,купаются|купался,купалась,купались|купайся,купайтесь|swim,swims,swam,swum,swimming|
192|лететь||лечу,летишь,летит,летим,летите,летят|летел,летела,летели|лети,летите|fly,flies,flew,flown,flying|
193|ловить||ловлю,ловишь,ловит,ловим,ловите,ловят|ловил,ловила,ловили|лови,ловите|catch,catches,caught,caught,catching|
194|ломать||ломаю,ломаешь,ломает,ломаем,ломаете,ломают|ломал,ломала,ломали|ломай,ломайте|break,breaks,broke,broken,breaking|
195|любить||люблю,любишь,любит,любим,любите,любят|любил,любила,любили|люби,любите|love,loves,loved,loved,loving|
196|молиться||молюсь,молишься,молится,молимся,молитесь,молятся|молился,молилась,молились|молись,молитесь|pray,prays,prayed,prayed,praying|
197|молчать||молчу,молчишь,молчит,молчим,молчите,молчат|молчал,молчала,молчали|молчи,молчите|keep,keeps,kept,kept,keeping|silent
198|справиться||справлюсь,справишься,справится,справимся,справитесь,справятся|справился,справилась,справились|справься,справьтесь|manage,manages,managed,managed,managing|
199|наблюдать||наблюдаю,наблюдаешь,наблюдает,наблюдаем,наблюдаете,наблюдают|наблюдал,наблюдала,наблюдали|наблюдай,наблюдайте|observe,observes,observed,observed,observing|
200|надеяться||надеюсь,надеешься,надеется,надеемся,надеетесь,надеются|надеялся,надеялась,надеялись|надейся,надейтесь|hope,hopes,hoped,hoped,hoping|
201|наказывать||наказываю,наказываешь,наказывает,наказываем,наказываете,наказывают|наказывал,наказывала,наказывали|наказывай,наказывайте|punish,punishes,punished,punished,punishing|
202|настаивать||настаиваю,настаиваешь,настаивает,настаиваем,настаиваете,настаивают|настаивал,настаивала,настаивали|настаивай,настаивайте|insist,insists,insisted,insisted,insisting|
203|находить||нахожу,находишь,находит,находим,находите,находят|находил,находила,находили|находи,находите|find,finds,found,found,finding|
204|начинать||начинаю,начинаешь,начинает,начинаем,начинаете,начинают|начинал,начинала,начинали|начинай,начинайте|begin,begins,began,begun,beginning|
205|недооценивать||недооцениваю,недооцениваешь,недооценивает,недооцениваем,недооцениваете,недооценивают|недооценивал,недооценивала,недооценивали|недооценивай,недооценивайте|underestimate,underestimates,underestimated,underestimated,underestimating|
206|нравиться||нравлюсь,нравишься,нравится,нравимся,нравитесь,нравятся|нравился,нравилась,нравились|нравься,нравьтесь|like,likes,liked,liked,liking|
207|обедать||обедаю,обедаешь,обедает,обедаем,обедаете,обедают|обедал,обедала,обедали|обедай,обедайте|have,has,had,had,having|lunch
208|обещать||обещаю,обещаешь,обещает,обещаем,обещаете,обещают|обещал,обещала,обещали|обещай,обещайте|promise,promises,promised,promised,promising|
209|обманывать||обманываю,обманываешь,обманывает,обманываем,обманываете,обманывают|обманывал,обманывала,обманывали|обманывай,обманывайте|deceive,deceives,deceived,deceived,deceiving|
210|обсуждать||обсуждаю,обсуждаешь,обсуждает,обсуждаем,обсуждаете,обсуждают|обсуждал,обсуждала,обсуждали|обсуждай,обсуждайте|discuss,discusses,discussed,discussed,discussing|
211|объединять||объединяю,объединяешь,объединяет,объединяем,объединяете,объединяют|объединял,объединяла,объединяли|объединяй,объединяйте|unite,unites,united,united,uniting|
212|объяснять||объясняю,объясняешь,объясняет,объясняем,объясняете,объясняют|объяснял,объясняла,объясняли|объясняй,объясняйте|explain,explains,explained,explained,explaining|
213|означать||означаю,означаешь,означает,означаем,означаете,означают|означал,означала,означали|означай,означайте|mean,means,meant,meant,meaning|
214|освобождать||освобождаю,освобождаешь,освобождает,освобождаем,освобождаете,освобождают|освобождал,освобождала,освобождали|освобождай,освобождайте|liberate,liberates,liberated,liberated,liberating|
215|оскорблять||оскорбляю,оскорбляешь,оскорбляет,оскорбляем,оскорбляете,оскорбляют|оскорблял,оскорбляла,оскорбляли|оскорбляй,оскорбляйте|insult,insults,insulted,insulted,insulting|
216|останавливаться||останавливаюсь,останавливаешься,останавливается,останавливаемся,останавливаетесь,останавливаются|останавливался,останавливалась,останавливались|останавливайся,останавливайтесь|stop,stops,stopped,stopped,stopping|
217|отвечать||отвечаю,отвечаешь,отвечает,отвечаем,отвечаете,отвечают|отвечал,отвечала,отвечали|отвечай,отвечайте|answer,answers,answered,answered,answering|
218|отгадать||отгадаю,отгадаешь,отгадает,отгадаем,отгадаете,отгадают|отгадал,отгадала,отгадали|отгадай,отгадайте|guess,guesses,guessed,guessed,guessing|
219|отказываться||отказываюсь,отказываешься,отказывается,отказываемся,отказываетесь,отказываются|отказывался,отказывалась,отказывались|отказывайся,отказывайтесь|refuse,refuses,refused,refused,refusing|
220|открывать||открываю,открываешь,открывает,открываем,открываете,открывают|открывал,открывала,открывали|открывай,открывайте|open,opens,opened,opened,opening|
221|отправлять||отправляю,отправляешь,отправляет,отправляем,отправляете,отправляют|отправлял,отправляла,отправляли|отправляй,отправляйте|send,sends,sent,sent,sending|
222|охотиться||охочусь,охотишься,охотится,охотимся,охотитесь,охотятся|охотился,охотилась,охотились|охоться,охотьтесь|hunt,hunts,hunted,hunted,hunting|
223|ошибаться||ошибаюсь,ошибаешься,ошибается,ошибаемся,ошибаетесь,ошибаются|ошибался,ошибалась,ошибались|ошибайся,ошибайтесь|make,makes,made,made,making|a mistake
224|падать||падаю,падаешь,падает,падаем,падаете,падают|падал,падала,падали|падай,падайте|fall,falls,fell,fallen,falling|
225|переводить||перевожу,переводишь,переводит,переводим,переводите,переводят|переводил,переводила,переводили|переводи,переводите|translate,translates,translated,translated,translating|
226|писать||пишу,пишешь,пишет,пишем,пишете,пишут|писал,писала,писали|пиши,пишите|write,writes,wrote,written,writing|
227|плавать||плаваю,плаваешь,плавает,плаваем,плаваете,плавают|плавал,плавала,плавали|плавай,плавайте|swim,swims,swam,swum,swimming|
228|плакать||плачу,плачешь,плачет,плачем,плачете,плачут|плакал,плакала,плакали|плачь,плачьте|cry,cries,cried,cried,crying|
229|планировать||планирую,планируешь,планирует,планируем,планируете,планируют|планировал,планировала,планировали|планируй,планируйте|plan,plans,planned,planned,planning|
230|платить||плачу,платишь,платит,платим,платите,платят|платил,платила,платили|плати,платите|pay,pays,paid,paid,paying|
231|поворачивать||поворачиваю,поворачиваешь,поворачивает,поворачиваем,поворачиваете,поворачивают|поворачивал,поворачивала,поворачивали|поворачивай,поворачивайте|turn,turns,turned,turned,turning|
232|повторять||повторяю,повторяешь,повторяет,повторяем,повторяете,повторяют|повторял,повторяла,повторяли|повторяй,повторяйте|repeat,repeats,repeated,repeated,repeating|
233|подписывать||подписываю,подписываешь,подписывает,подписываем,подписываете,подписывают|подписывал,подписывала,подписывали|подписывай,подписывайте|sign,signs,signed,signed,signing|
234|подсказать||подскажу,подскажешь,подскажет,подскажем,подскажете,подскажут|подсказал,подсказала,подсказали|подскажи,подскажите|hint,hints,hinted,hinted,hinting|
235|показывать||показываю,показываешь,показывает,показываем,показываете,показывают|показывал,показывала,показывали|показывай,показывайте|show,shows,showed,shown,showing|
236|помогать||помогаю,помогаешь,помогает,помогаем,помогаете,помогают|помогал,помогала,помогали|помогай,помогайте|help,helps,helped,helped,helping|
237|понимать||понимаю,понимаешь,понимает,понимаем,понимаете,понимают|понимал,понимала,понимали|понимай,понимайте|understand,understands,understood,understood,understanding|
238|предвидеть||предвижу,предвидишь,предвидит,предвидим,предвидите,предвидят|предвидел,предвидела,предвидели|предвидь,предвидьте|foresee,foresees,foresaw,foreseen,foreseeing|
239|предлагать||предлагаю,предлагаешь,предлагает,предлагаем,предлагаете,предлагают|предлагал,предлагала,предлагали|предлагай,предлагайте|offer,offers,offered,offered,offering|
240|предпочитать||предпочитаю,предпочитаешь,предпочитает,предпочитаем,предпочитаете,предпочитают|предпочитал,предпочитала,предпочитали|предпочитай,предпочитайте|prefer,prefers,preferred,preferred,preferring|
241|предупреждать||предупреждаю,предупреждаешь,предупреждает,предупреждаем,предупреждаете,предупреждают|предупреждал,предупреждала,предупреждали|предупреждай,предупреждайте|warn,warns,warned,warned,warning|
242|прекращать||прекращаю,прекращаешь,прекращает,прекращаем,прекращаете,прекращают|прекращал,прекращала,прекращали|прекращай,прекращайте|stop,stops,stopped,stopped,stopping|
243|приглашать||приглашаю,приглашаешь,приглашает,приглашаем,приглашаете,приглашают|приглашал,приглашала,приглашали|приглашай,приглашайте|invite,invites,invited,invited,inviting|
244|приезжать||приезжаю,приезжаешь,приезжает,приезжаем,приезжаете,приезжают|приезжал,приезжала,приезжали|приезжай,приезжайте|arrive,arrives,arrived,arrived,arriving|
245|приказывать||приказываю,приказываешь,приказывает,приказываем,приказываете,приказывают|приказывал,приказывала,приказывали|приказывай,приказывайте|order,orders,ordered,ordered,ordering|
246|принадлежать||принадлежу,принадлежишь,принадлежит,принадлежим,принадлежите,принадлежат|принадлежал,принадлежала,принадлежали|принадлежи,принадлежите|belong,belongs,belonged,belonged,belonging|to
247|пробовать||пробую,пробуешь,пробует,пробуем,пробуете,пробуют|пробовал,пробовала,пробовали|пробуй,пробуйте|try,tries,tried,tried,trying|
248|продавать||продаю,продаёшь,продаёт,продаём,продаёте,продают|продавал,продавала,продавали|продавай,продавайте|sell,sells,sold,sold,selling|
249|продолжать||продолжаю,продолжаешь,продолжает,продолжаем,продолжаете,продолжают|продолжал,продолжала,продолжали|продолжай,продолжайте|continue,continues,continued,continued,continuing|
250|произносить||произношу,произносишь,произносит,произносим,произносите,произносят|произносил,произносила,произносили|произноси,произносите|pronounce,pronounces,pronounced,pronounced,pronouncing|
251|пропускать||пропускаю,пропускаешь,пропускает,пропускаем,пропускаете,пропускают|пропускал,пропускала,пропускали|пропускай,пропускайте|miss,misses,missed,missed,missing|
252|просить||прошу,просишь,просит,просим,просите,просят|просил,просила,просили|проси,просите|ask,asks,asked,asked,asking|for
253|прощать||прощаю,прощаешь,прощает,прощаем,прощаете,прощают|прощал,прощала,прощали|прощай,прощайте|forgive,forgives,forgave,forgiven,forgiving|
254|прятать||прячу,прячешь,прячет,прячем,прячете,прячут|прятал,прятала,прятали|прячь,прячьте|hide,hides,hid,hidden,hiding|
255|путать||путаю,путаешь,путает,путаем,путаете,путают|путал,путала,путали|путай,путайте|confuse,confuses,confused,confused,confusing|
256|работать||работаю,работаешь,работает,работаем,работаете,работают|работал,работала,работали|работай,работайте|work,works,worked,worked,working|
257|разрешать||разрешаю,разрешаешь,разрешает,разрешаем,разрешаете,разрешают|разрешал,разрешала,разрешали|разрешай,разрешайте|allow,allows,allowed,allowed,allowing|
258|резервировать||резервирую,резервируешь,резервирует,резервируем,резервируете,резервируют|резервировал,резервировала,резервировали|резервируй,резервируйте|reserve,reserves,reserved,reserved,reserving|
259|рекомендовать||рекомендую,рекомендуешь,рекомендует,рекомендуем,рекомендуете,рекомендуют|рекомендовал,рекомендовала,рекомендовали|рекомендуй,рекомендуйте|recommend,recommends,recommended,recommended,recommending|
260|ронять||роняю,роняешь,роняет,роняем,роняете,роняют|ронял,роняла,роняли|роняй,роняйте|drop,drops,dropped,dropped,dropping|
261|ругать||ругаю,ругаешь,ругает,ругаем,ругаете,ругают|ругал,ругала,ругали|ругай,ругайте|scold,scolds,scolded,scolded,scolding|
262|руководить||руковожу,руководишь,руководит,руководим,руководите,руководят|руководил,руководила,руководили|руководи,руководите|manage,manages,managed,managed,managing|
263|рыть||рою,роешь,роет,роем,роете,роют|рыл,рыла,рыли|рой,ройте|dig,digs,dug,dug,digging|
264|садиться||сажусь,садишься,садится,садимся,садитесь,садятся|садился,садилась,садились|садись,садитесь|sit,sits,sat,sat,sitting|down
265|сказать||скажу,скажешь,скажет,скажем,скажете,скажут|сказал,сказала,сказали|скажи,скажите|say,says,said,said,saying|
266|слышать||слышу,слышишь,слышит,слышим,слышите,слышат|слышал,слышала,слышали|слушай,слушайте|hear,hears,heard,heard,hearing|
267|смеяться||смеюсь,смеёшься,смеётся,смеёмся,смеётесь,смеются|смеялся,смеялась,смеялись|смейся,смейтесь|laugh,laughs,laughed,laughed,laughing|
268|снимать||снимаю,снимаешь,снимает,снимаем,снимаете,снимают|снимал,снимала,снимали|снимай,снимайте|rent,rents,rented,rented,renting|
269|советовать||советую,советуешь,советует,советуем,советуете,советуют|советовал,советовала,советовали|советуй,советуйте|advise,advises,advised,advised,advising|
270|соглашаться||соглашаюсь,соглашаешься,соглашается,соглашаемся,соглашаетесь,соглашаются|соглашался,соглашалась,соглашались|соглашайся,соглашайтесь|agree,agrees,agreed,agreed,agreeing|
271|сожалеть||сожалею,сожалеешь,сожалеет,сожалеем,сожалеете,сожалеют|сожалел,сожалела,сожалели|сожалей,сожалейте|regret,regrets,regretted,regretted,regretting|
272|создать||создам,создашь,создаст,создадим,создадите,создадут|создал,создала,создали|создай,создайте|create,creates,created,created,creating|
273|сомневаться||сомневаюсь,сомневаешься,сомневается,сомневаемся,сомневаетесь,сомневаются|сомневался,сомневалась,сомневались|сомневайся,сомневайтесь|doubt,doubts,doubted,doubted,doubting|
274|сохранять||сохраняю,сохраняешь,сохраняет,сохраняем,сохраняете,сохраняют|сохранял,сохраняла,сохраняли|сохраняй,сохраняйте|keep,keeps,kept,kept,keeping|
275|спасать||спасаю,спасаешь,спасает,спасаем,спасаете,спасают|спасал,спасала,спасали|спасай,спасайте|save,saves,saved,saved,saving|
276|спрашивать||спрашиваю,спрашиваешь,спрашивает,спрашиваем,спрашиваете,спрашивают|спрашивал,спрашивала,спрашивали|спрашивай,спрашивайте|ask,asks,asked,asked,asking|
277|спускаться||спускаюсь,спускаешься,спускается,спускаемся,спускаетесь,спускаются|спускался,спускалась,спускались|спускайся,спускайтесь|go,goes,went,gone,going|down
279|стоить|того|стою,стоишь,стоит,стоим,стоите,стоят|стоил,стоила,стоили|стой,стойте|be,is,was,been,being|worth it
280|стрелять||стреляю,стреляешь,стреляет,стреляем,стреляете,стреляют|стрелял,стреляла,стреляли|стреляй,стреляйте|shoot,shoots,shot,shot,shooting|
281|существовать||существую,существуешь,существует,существуем,существуете,существуют|существовал,существовала,существовали|существуй,существуйте|exist,exists,existed,existed,existing|
282|считать||считаю,считаешь,считает,считаем,считаете,считают|считал,считала,считали|считай,считайте|calculate,calculates,calculated,calculated,calculating|
283|торопиться||тороплюсь,торопишься,торопится,торопимся,торопитесь,торопятся|торопился,торопилась,торопились|торопись,торопитесь|hurry,hurries,hurried,hurried,hurrying|
284|требовать||требую,требуешь,требует,требуем,требуете,требуют|требовал,требовала,требовали|требуй,требуйте|demand,demands,demanded,demanded,demanding|
285|требоваться||требуюсь,требуешься,требуется,требуемся,требуетесь,требуются|требовался,требовалась,требовались|требуйся,требуйтесь|be,is,was,been,being|needed
286|трогать||трогаю,трогаешь,трогает,трогаем,трогаете,трогают|трогал,трогала,трогали|трогай,трогайте|touch,touches,touched,touched,touching|
287|убивать||убиваю,убиваешь,убивает,убиваем,убиваете,убивают|убивал,убивала,убивали|убивай,убивайте|kill,kills,killed,killed,killing|
288|угрожать||угрожаю,угрожаешь,угрожает,угрожаем,угрожаете,угрожают|угрожал,угрожала,угрожали|угрожай,угрожайте|threaten,threatens,threatened,threatened,threatening|
289|удивляться||удивляюсь,удивляешься,удивляется,удивляемся,удивляетесь,удивляются|удивлялся,удивлялась,удивлялись|удивляйся,удивляйтесь|be,is,was,been,being|surprised
290|ужинать||ужинаю,ужинаешь,ужинает,ужинаем,ужинаете,ужинают|ужинал,ужинала,ужинали|ужинай,ужинайте|have,has,had,had,having|dinner
291|украшать||украшаю,украшаешь,украшает,украшаем,украшаете,украшают|украшал,украшала,украшали|украшай,украшайте|decorate,decorates,decorated,decorated,decorating|
292|улыбаться||улыбаюсь,улыбаешься,улыбается,улыбаемся,улыбаетесь,улыбаются|улыбался,улыбалась,улыбались|улыбайся,улыбайтесь|smile,smiles,smiled,smiled,smiling|
293|упоминать||упоминаю,упоминаешь,упоминает,упоминаем,упоминаете,упоминают|упоминал,упоминала,упоминали|упоминай,упоминайте|mention,mentions,mentioned,mentioned,mentioning|
294|участвовать||участвую,участвуешь,участвует,участвуем,участвуете,участвуют|участвовал,участвовала,участвовали|участвуй,участвуйте|participate,participates,participated,participated,participating|in
295|хвастаться||хвастаюсь,хвастаешься,хвастается,хвастаемся,хвастаетесь,хвастаются|хвастался,хвасталась,хвастались|хвастайся,хвастайтесь|boast,boasts,boasted,boasted,boasting|
296|хотеть||хочу,хочешь,хочет,хотим,хотите,хотят|хотел,хотела,хотели|хоти,хотите|want,wants,wanted,wanted,wanting|
297|хотеть|есть|хочу,хочешь,хочет,хотим,хотите,хотят|хотел,хотела,хотели|хоти,хотите|be,is,was,been,being|hungry
298|хотеть|пить|хочу,хочешь,хочет,хотим,хотите,хотят|хотел,хотела,хотели|хоти,хотите|be,is,was,been,being|thirsty
299|читать||читаю,читаешь,читает,читаем,читаете,читают|читал,читала,читали|читай,читайте|read,reads,read,read,reading|
300|шутить||шучу,шутишь,шутит,шутим,шутите,шутят|шутил,шутила,шутили|шути,шутите|joke,jokes,joked,joked,joking|
620|перенести||перенесу,перенесёшь,перенесёт,перенесём,перенесёте,перенесут|перенёс,перенесла,перенесли|перенеси,перенесите|postpone,postpones,postponed,postponed,postponing|
660|запретить||запрещу,запретишь,запретит,запретим,запретите,запретят|запретил,запретила,запретили|запрети,запретите|forbid,forbids,forbade,forbidden,forbidding|
661|разрешить||разрешу,разрешишь,разрешит,разрешим,разрешите,разрешат|разрешил,разрешила,разрешили|разреши,разрешите|allow,allows,allowed,allowed,allowing|
670|приказать||прикажу,прикажешь,прикажет,прикажем,прикажете,прикажут|приказал,приказала,приказали|прикажи,прикажите|order,orders,ordered,ordered,ordering|
671|подчиниться||подчинюсь,подчинишься,подчинится,подчинимся,подчинитесь,подчинятся|подчинился,подчинилась,подчинились|подчинись,подчинитесь|obey,obeys,obeyed,obeyed,obeying|
676|родиться||рожусь,родишься,родится,родимся,родитесь,родятся|родился,родилась,родились|родись,родитесь|be,is,was,been,being|born
677|умереть||умру,умрёшь,умрёт,умрём,умрёте,умрут|умер,умерла,умерли|умри,умрите|die,dies,died,died,dying|
1090|оторваться||оторвусь,оторвёшься,оторвётся,оторвёмся,оторвётесь,оторвутся|оторвался,оторвалась,оторвались|оторвись,оторвитесь|come,comes,came,come,coming|off
1097|испачкаться||испачкаюсь,испачкаешься,испачкается,испачкаемся,испачкаетесь,испачкаются|испачкался,испачкалась,испачкались|испачкайся,испачкайтесь|get,gets,got,got,getting|dirty
1104|чистить|зубы|чищу,чистишь,чистит,чистим,чистите,чистят|чистил,чистила,чистили|чисти,чистите|brush,brushes,brushed,brushed,brushing|teeth
1107|бриться||бреюсь,бреешься,бреется,бреемся,бреетесь,бреются|брился,брилась,брились|брейся,брейтесь|shave,shaves,shaved,shaved,shaving|
1166|поменять|батарейку|поменяю,поменяешь,поменяет,поменяем,поменяете,поменяют|поменял,поменяла,поменяли|поменяй,поменяйте|change,changes,changed,changed,changing|the battery
1167|спешить||спешу,спешишь,спешит,спешим,спешите,спешат|спешил,спешила,спешили|спеши,спешите|be,is,was,been,being|fast
1168|отставать||отстаю,отстаёшь,отстаёт,отстаём,отстаёте,отстают|отставал,отставала,отставали|отставай,отставайте|be,is,was,been,being|slow
1174|ремонтировать||ремонтирую,ремонтируешь,ремонтирует,ремонтируем,ремонтируете,ремонтируют|ремонтировал,ремонтировала,ремонтировали|ремонтируй,ремонтируйте|repair,repairs,repaired,repaired,repairing|
1404|варить||варю,варишь,варит,варим,варите,варят|варил,варила,варили|вари,варите|cook,cooks,cooked,cooked,cooking|
1405|готовить|ужин|готовлю,готовишь,готовит,готовим,готовите,готовят|готовил,готовила,готовили|готовь,готовьте|cook,cooks,cooked,cooked,cooking|dinner
1406|жарить||жарю,жаришь,жарит,жарим,жарите,жарят|жарил,жарила,жарили|жарь,жарьте|fry,fries,fried,fried,frying|
1407|разогревать||разогреваю,разогреваешь,разогревает,разогреваем,разогреваете,разогревают|разогревал,разогревала,разогревали|разогревай,разогревайте|heat,heats,heated,heated,heating|up
1408|солить||солю,солишь,солит,солим,солите,солят|солил,солила,солили|соли,солите|salt,salts,salted,salted,salting|
1409|перчить||перчу,перчишь,перчит,перчим,перчите,перчат|перчил,перчила,перчили|перчи,перчите|pepper,peppers,peppered,peppered,peppering|
1410|тереть|на тёрке|тру,трёшь,трёт,трём,трёте,трут|тёр,тёрла,тёрли|три,трите|grate,grates,grated,grated,grating|
1412|чистить||чищу,чистишь,чистит,чистим,чистите,чистят|чистил,чистила,чистили|чисти,чистите|peel,peels,peeled,peeled,peeling|
1436|есть||ем,ешь,ест,едим,едите,едят|ел,ела,ели|ешь,ешьте|eat,eats,ate,eaten,eating|
1445|открывать||открываю,открываешь,открывает,открываем,открываете,открывают|открывал,открывала,открывали|открывай,открывайте|open,opens,opened,opened,opening|
1446|пролить||пролью,прольёшь,прольёт,прольём,прольёте,прольют|пролил,пролила,пролили|пролей,пролейте|spill,spills,spilled,spilled,spilling|
1447|пролиться||прольюсь,прольёшься,прольётся,прольёмся,прольётесь,прольются|пролился,пролилась,пролились|пролейся,пролейтесь|spill,spills,spilled,spilled,spilling|
1448|кипеть||киплю,кипишь,кипит,кипим,кипите,кипят|кипел,кипела,кипели|кипи,кипите|boil,boils,boiled,boiled,boiling|
1449|кипятить||кипячу,кипятишь,кипятит,кипятим,кипятите,кипятят|кипятил,кипятила,кипятили|кипяти,кипятите|boil,boils,boiled,boiled,boiling|
1451|охладить||охлажу,охладишь,охладит,охладим,охладите,охладят|охладил,охладила,охладили|охлади,охладите|cool,cools,cooled,cooled,cooling|
1452|охлаждаться||охлаждаюсь,охлаждаешься,охлаждается,охлаждаемся,охлаждаетесь,охлаждаются|охлаждался,охлаждалась,охлаждались|охлаждайся,охлаждайтесь|cool,cools,cooled,cooled,cooling|down
1455|худеть||худею,худеешь,худеет,худеем,худеете,худеют|худел,худела,худели|худей,худейте|lose,loses,lost,lost,losing|weight
1484|забронировать|столик|забронирую,забронируешь,забронирует,забронируем,забронируете,забронируют|забронировал,забронировала,забронировали|забронируй,забронируйте|book,books,booked,booked,booking|a table
1486|заказать||закажу,закажешь,закажет,закажем,закажете,закажут|заказал,заказала,заказали|закажи,закажите|order,orders,ordered,ordered,ordering|
1487|сделать|заказ|сделаю,сделаешь,сделает,сделаем,сделаете,сделают|сделал,сделала,сделали|сделай,сделайте|place,places,placed,placed,placing|an order
1492|оплатить|счёт|оплачу,оплатишь,оплатит,оплатим,оплатите,оплатят|оплатил,оплатила,оплатили|оплати,оплатите|pay,pays,paid,paid,paying|the bill
1493|дать|сдачу|дам,дашь,даст,дадим,дадите,дадут|дал,дала,дали|дай,дайте|give,gives,gave,given,giving|change
1566|дружить||дружу,дружишь,дружит,дружим,дружите,дружат|дружил,дружила,дружили|дружи,дружите|be,is,was,been,being|friends
1639|шалить||шалю,шалишь,шалит,шалим,шалите,шалят|шалил,шалила,шалили|шали,шалите|misbehave,misbehaves,misbehaved,misbehaved,misbehaving|
1648|целовать||целую,целуешь,целует,целуем,целуете,целуют|целовал,целовала,целовали|целуй,целуйте|kiss,kisses,kissed,kissed,kissing|
1649|целоваться||целуюсь,целуешься,целуется,целуемся,целуетесь,целуются|целовался,целовалась,целовались|целуйся,целуйтесь|kiss,kisses,kissed,kissed,kissing|
1668|выйти|замуж|выйду,выйдешь,выйдет,выйдем,выйдете,выйдут|вышел,вышла,вышли|выйди,выйдите|marry,marries,married,married,marrying|
1669|жениться||женюсь,женишься,женится,женимся,женитесь,женятся|женился,женилась,женились|женись,женитесь|marry,marries,married,married,marrying|
1676|изменить||изменю,изменишь,изменит,изменим,измените,изменят|изменил,изменила,изменили|измени,измените|cheat,cheats,cheated,cheated,cheating|on someone
1678|ревновать||ревную,ревнуешь,ревнует,ревнуем,ревнуете,ревнуют|ревновал,ревновала,ревновали|ревнуй,ревнуйте|be,is,was,been,being|jealous
1680|развестись||разведусь,разведёшься,разведётся,разведёмся,разведётесь,разведутся|развёлся,развелась,развелись|разведись,разведитесь|divorce,divorces,divorced,divorced,divorcing|
1681|ссориться||ссорюсь,ссоришься,ссорится,ссоримся,ссоритесь,ссорятся|ссорился,ссорилась,ссорились|ссорься,ссорьтесь|quarrel,quarrels,quarreled,quarreled,quarreling|
1682|мириться||мирюсь,миришься,мирится,миримся,миритесь,мирятся|мирился,мирилась,мирились|мирись,миритесь|make,makes,made,made,making|up
1691|чувствовать||чувствую,чувствуешь,чувствует,чувствуем,чувствуете,чувствуют|чувствовал,чувствовала,чувствовали|чувствуй,чувствуйте|feel,feels,felt,felt,feeling|
1697|хотеть|спать|хочу,хочешь,хочет,хотим,хотите,хотят|хотел,хотела,хотели|хоти,хотите|be,is,was,been,being|sleepy
1700|устать||устану,устанешь,устанет,устанем,устанете,устанут|устал,устала,устали|устань,устаньте|get,gets,got,got,getting|tired
1703|скучать||скучаю,скучаешь,скучает,скучаем,скучаете,скучают|скучал,скучала,скучали|скучай,скучайте|be,is,was,been,being|bored
1705|уединиться||уединюсь,уединишься,уединится,уединимся,уединитесь,уединятся|уединился,уединилась,уединились|уединись,уединитесь|be,is,was,been,being|alone
1706|беспокоить||беспокою,беспокоишь,беспокоит,беспокоим,беспокоите,беспокоят|беспокоил,беспокоила,беспокоили|беспокой,беспокойте|worry,worries,worried,worried,worrying|
1707|беспокоиться||беспокоюсь,беспокоишься,беспокоится,беспокоимся,беспокоитесь,беспокоятся|беспокоился,беспокоилась,беспокоились|беспокойся,беспокойтесь|worry,worries,worried,worried,worrying|
1711|нервничать||нервничаю,нервничаешь,нервничает,нервничаем,нервничаете,нервничают|нервничал,нервничала,нервничали|нервничай,нервничайте|be,is,was,been,being|nervous
1712|паниковать||паникую,паникуешь,паникует,паникуем,паникуете,паникуют|паниковал,паниковала,паниковали|паникуй,паникуйте|panic,panics,panicked,panicked,panicking|
1723|испугать||испугаю,испугаешь,испугает,испугаем,испугаете,испугают|испугал,испугала,испугали|испугай,испугайте|frighten,frightens,frightened,frightened,frightening|
1737|проявить|инициативу|проявлю,проявишь,проявит,проявим,проявите,проявят|проявил,проявила,проявили|прояви,проявите|take,takes,took,taken,taking|the initiative
1776|верить||верю,веришь,верит,верим,верите,верят|верил,верила,верили|верь,верьте|believe,believes,believed,believed,believing|
1797|спать||сплю,спишь,спит,спим,спите,спят|спал,спала,спали|спи,спите|sleep,sleeps,slept,slept,sleeping|
1800|видеть|сны|вижу,видишь,видит,видим,видите,видят|видел,видела,видели|смотри,смотрите|dream,dreams,dreamed,dreamed,dreaming|
1810|принять|снотворное|приму,примешь,примет,примем,примете,примут|принял,приняла,приняли|прими,примите|take,takes,took,taken,taking|a sleeping pill
1812|зевать||зеваю,зеваешь,зевает,зеваем,зеваете,зевают|зевал,зевала,зевали|зевай,зевайте|yawn,yawns,yawned,yawned,yawning|
1813|идти|спать|иду,идёшь,идёт,идём,идёте,идут|шёл,шла,шли|иди,идите|go,goes,went,gone,going|to bed
1814|стелить|постель|стелю,стелешь,стелет,стелем,стелете,стелют|стелил,стелила,стелили|стели,стелите|make,makes,made,made,making|the bed
1815|заснуть||засну,заснёшь,заснёт,заснём,заснёте,заснут|заснул,заснула,заснули|засни,засните|fall,falls,fell,fallen,falling|asleep
1818|храпеть||храплю,храпишь,храпит,храпим,храпите,храпят|храпел,храпела,храпели|храпи,храпите|snore,snores,snored,snored,snoring|
1820|разбудить||разбужу,разбудишь,разбудит,разбудим,разбудите,разбудят|разбудил,разбудила,разбудили|разбуди,разбудите|wake,wakes,woke,woken,waking|up
1821|просыпаться||просыпаюсь,просыпаешься,просыпается,просыпаемся,просыпаетесь,просыпаются|просыпался,просыпалась,просыпались|просыпайся,просыпайтесь|wake,wakes,woke,woken,waking|up
1822|подниматься||поднимаюсь,поднимаешься,поднимается,поднимаемся,поднимаетесь,поднимаются|поднимался,поднималась,поднимались|поднимайся,поднимайтесь|get,gets,got,got,getting|up
1823|умываться||умываюсь,умываешься,умывается,умываемся,умываетесь,умываются|умывался,умывалась,умывались|умывайся,умывайтесь|wash,washes,washed,washed,washing|up
1826|веселиться||веселюсь,веселишься,веселится,веселимся,веселитесь,веселятся|веселился,веселилась,веселились|веселись,веселитесь|have,has,had,had,having|fun
1831|засмеяться||засмеюсь,засмеёшься,засмеётся,засмеёмся,засмеётесь,засмеются|засмеялся,засмеялась,засмеялись|засмейся,засмейтесь|burst,bursts,burst,burst,bursting|out laughing
1840|радоваться||радуюсь,радуешься,радуется,радуемся,радуетесь,радуются|радовался,радовалась,радовались|радуйся,радуйтесь|rejoice,rejoices,rejoiced,rejoiced,rejoicing|
1843|общаться||общаюсь,общаешься,общается,общаемся,общаетесь,общаются|общался,общалась,общались|общайся,общайтесь|communicate,communicates,communicated,communicated,communicating|
1848|спорить||спорю,споришь,спорит,спорим,спорите,спорят|спорил,спорила,спорили|спорь,спорьте|argue,argues,argued,argued,arguing|
1857|беседовать||беседую,беседуешь,беседует,беседуем,беседуете,беседуют|беседовал,беседовала,беседовали|беседуй,беседуйте|talk,talks,talked,talked,talking|
1859|встречаться||встречаюсь,встречаешься,встречается,встречаемся,встречаетесь,встречаются|встречался,встречалась,встречались|встречайся,встречайтесь|meet,meets,met,met,meeting|
1863|загадывать|загадку|загадываю,загадываешь,загадывает,загадываем,загадываете,загадывают|загадывал,загадывала,загадывали|загадывай,загадывайте|ask,asks,asked,asked,asking|a riddle
1867|клясться||клянусь,клянёшься,клянётся,клянёмся,клянётесь,клянутся|клялся,клялась,клялись|клянись,клянитесь|swear,swears,swore,sworn,swearing|
1872|слушаться||слушаюсь,слушаешься,слушается,слушаемся,слушаетесь,слушаются|слушался,слушалась,слушались|слушайся,слушайтесь|follow,follows,followed,followed,following|advice
1889|уважать||уважаю,уважаешь,уважает,уважаем,уважаете,уважают|уважал,уважала,уважали|уважай,уважайте|respect,respects,respected,respected,respecting|
1892|познакомить||познакомлю,познакомишь,познакомит,познакомим,познакомите,познакомят|познакомил,познакомила,познакомили|познакомь,познакомьте|introduce,introduces,introduced,introduced,introducing|
1894|намереваться||намереваюсь,намереваешься,намеревается,намереваемся,намереваетесь,намереваются|намеревался,намеревалась,намеревались|намеревайся,намеревайтесь|intend,intends,intended,intended,intending|
1896|пожелать||пожелаю,пожелаешь,пожелает,пожелаем,пожелаете,пожелают|пожелал,пожелала,пожелали|пожелай,пожелайте|wish,wishes,wished,wished,wishing|
1898|удивлять||удивляю,удивляешь,удивляет,удивляем,удивляете,удивляют|удивлял,удивляла,удивляли|удивляй,удивляйте|surprise,surprises,surprised,surprised,surprising|
1899|удивляться||удивляюсь,удивляешься,удивляется,удивляемся,удивляетесь,удивляются|удивлялся,удивлялась,удивлялись|удивляйся,удивляйтесь|be,is,was,been,being|surprised
1900|дать||дам,дашь,даст,дадим,дадите,дадут|дал,дала,дали|дай,дайте|give,gives,gave,given,giving|
1901|взять||возьму,возьмёшь,возьмёт,возьмём,возьмёте,возьмут|взял,взяла,взяли|возьми,возьмите|take,takes,took,taken,taking|
1902|вернуть||верну,вернёшь,вернёт,вернём,вернёте,вернут|вернул,вернула,вернули|верни,верните|return,returns,returned,returned,returning|
1903|отдать||отдам,отдашь,отдаст,отдадим,отдадите,отдадут|отдал,отдала,отдали|отдай,отдайте|give,gives,gave,given,giving|back
1907|разговаривать||разговариваю,разговариваешь,разговаривает,разговариваем,разговариваете,разговаривают|разговаривал,разговаривала,разговаривали|разговаривай,разговаривайте|talk,talks,talked,talked,talking|
1908|слушать||слушаю,слушаешь,слушает,слушаем,слушаете,слушают|слушал,слушала,слушали|слушай,слушайте|listen,listens,listened,listened,listening|to
1909|выслушать||выслушаю,выслушаешь,выслушает,выслушаем,выслушаете,выслушают|выслушал,выслушала,выслушали|выслушай,выслушайте|hear,hears,heard,heard,hearing|out
1910|понять||пойму,поймёшь,поймёт,поймём,поймёте,поймут|понял,поняла,поняли|пойми,поймите|understand,understands,understood,understood,understanding|
1911|показать||покажу,покажешь,покажет,покажем,покажете,покажут|показал,показала,показали|покажи,покажите|show,shows,showed,shown,showing|
1912|позвать||позову,позовёшь,позовёт,позовём,позовёте,позовут|позвал,позвала,позвали|позови,позовите|call,calls,called,called,calling|
1913|мешать||мешаю,мешаешь,мешает,мешаем,мешаете,мешают|мешал,мешала,мешали|мешай,мешайте|disturb,disturbs,disturbed,disturbed,disturbing|
1914|передать||передам,передашь,передаст,передадим,передадите,передадут|передал,передала,передали|передай,передайте|pass,passes,passed,passed,passing|on
1919|дразнить||дразню,дразнишь,дразнит,дразним,дразните,дразнят|дразнил,дразнила,дразнили|дразни,дразните|tease,teases,teased,teased,teasing|
1920|насмехаться||насмехаюсь,насмехаешься,насмехается,насмехаемся,насмехаетесь,насмехаются|насмехался,насмехалась,насмехались|насмехайся,насмехайтесь|mock,mocks,mocked,mocked,mocking|
1924|намекать||намекаю,намекаешь,намекает,намекаем,намекаете,намекают|намекал,намекала,намекали|намекай,намекайте|hint,hints,hinted,hinted,hinting|
1925|подразумевать||подразумеваю,подразумеваешь,подразумевает,подразумеваем,подразумеваете,подразумевают|подразумевал,подразумевала,подразумевали|подразумевай,подразумевайте|imply,implies,implied,implied,implying|
1927|описать||опишу,опишешь,опишет,опишем,опишете,опишут|описал,описала,описали|опиши,опишите|describe,describes,described,described,describing|
1931|разочаровать||разочарую,разочаруешь,разочарует,разочаруем,разочаруете,разочаруют|разочаровал,разочаровала,разочаровали|разочаруй,разочаруйте|disappoint,disappoints,disappointed,disappointed,disappointing|
1932|разочароваться||разочаруюсь,разочаруешься,разочаруется,разочаруемся,разочаруетесь,разочаруются|разочаровался,разочаровалась,разочаровались|разочаруйся,разочаруйтесь|be,is,was,been,being|disappointed
1934|предполагать||предполагаю,предполагаешь,предполагает,предполагаем,предполагаете,предполагают|предполагал,предполагала,предполагали|предполагай,предполагайте|suppose,supposes,supposed,supposed,supposing|
1936|предостеречь||предостерегу,предостережёшь,предостережёт,предостережём,предостережёте,предостерегут|предостерёг,предостерегла,предостерегли|предостереги,предостерегите|warn,warns,warned,warned,warning|
1937|уговорить||уговорю,уговоришь,уговорит,уговорим,уговорите,уговорят|уговорил,уговорила,уговорили|уговори,уговорите|persuade,persuades,persuaded,persuaded,persuading|
1938|успокаивать||успокаиваю,успокаиваешь,успокаивает,успокаиваем,успокаиваете,успокаивают|успокаивал,успокаивала,успокаивали|успокаивай,успокаивайте|calm,calms,calmed,calmed,calming|down
1941|шепнуть||шепну,шепнёшь,шепнёт,шепнём,шепнёте,шепнут|шепнул,шепнула,шепнули|шепни,шепните|whisper,whispers,whispered,whispered,whispering|
1950|взглянуть||взгляну,взглянешь,взглянет,взглянем,взглянете,взглянут|взглянул,взглянула,взглянули|взгляни,взгляните|glance,glances,glanced,glanced,glancing|
1952|моргать||моргаю,моргаешь,моргает,моргаем,моргаете,моргают|моргал,моргала,моргали|моргай,моргайте|blink,blinks,blinked,blinked,blinking|
1953|мигнуть||мигну,мигнёшь,мигнёт,мигнём,мигнёте,мигнут|мигнул,мигнула,мигнули|мигни,мигните|wink,winks,winked,winked,winking|
1956|вздохнуть||вздохну,вздохнёшь,вздохнёт,вздохнём,вздохнёте,вздохнут|вздохнул,вздохнула,вздохнули|вздохни,вздохните|sigh,sighs,sighed,sighed,sighing|
1957|вздрагивать||вздрагиваю,вздрагиваешь,вздрагивает,вздрагиваем,вздрагиваете,вздрагивают|вздрагивал,вздрагивала,вздрагивали|вздрагивай,вздрагивайте|flinch,flinches,flinched,flinched,flinching|
1959|прикоснуться||прикоснусь,прикоснёшься,прикоснётся,прикоснёмся,прикоснётесь,прикоснутся|прикоснулся,прикоснулась,прикоснулись|прикоснись,прикоснитесь|touch,touches,touched,touched,touching|
1960|хватать||хватаю,хватаешь,хватает,хватаем,хватаете,хватают|хватал,хватала,хватали|хватай,хватайте|grab,grabs,grabbed,grabbed,grabbing|
1961|хлопать||хлопаю,хлопаешь,хлопает,хлопаем,хлопаете,хлопают|хлопал,хлопала,хлопали|хлопай,хлопайте|pat,pats,patted,patted,patting|
1971|одобрить||одобрю,одобришь,одобрит,одобрим,одобрите,одобрят|одобрил,одобрила,одобрили|одобри,одобрите|approve,approves,approved,approved,approving|
1981|отклонить||отклоню,отклонишь,отклонит,отклоним,отклоните,отклонят|отклонил,отклонила,отклонили|отклони,отклоните|reject,rejects,rejected,rejected,rejecting|
1982|поддержать||поддержу,поддержишь,поддержит,поддержим,поддержите,поддержат|поддержал,поддержала,поддержали|поддержи,поддержите|support,supports,supported,supported,supporting|
1983|принять||приму,примешь,примет,примем,примете,примут|принял,приняла,приняли|прими,примите|accept,accepts,accepted,accepted,accepting|
1984|подтвердить||подтвержу,подтвердишь,подтвердит,подтвердим,подтвердите,подтвердят|подтвердил,подтвердила,подтвердили|подтверди,подтвердите|confirm,confirms,confirmed,confirmed,confirming|
1989|промолчать||промолчу,промолчишь,промолчит,промолчим,промолчите,промолчат|промолчал,промолчала,промолчали|промолчи,промолчите|keep,keeps,kept,kept,keeping|silent
1993|похвалить||похвалю,похвалишь,похвалит,похвалим,похвалите,похвалят|похвалил,похвалила,похвалили|похвали,похвалите|praise,praises,praised,praised,praising|
2008|гордиться||горжусь,гордишься,гордится,гордимся,гордитесь,гордятся|гордился,гордилась,гордились|гордись,гордитесь|be,is,was,been,being|proud
2010|победить||одержу победу,победишь,победит,победим,победите,победят|победил,победила,победили|победи,победите|win,wins,won,won,winning|
2011|проиграть||проиграю,проиграешь,проиграет,проиграем,проиграете,проиграют|проиграл,проиграла,проиграли|проиграй,проиграйте|lose,loses,lost,lost,losing|
2013|пытаться||пытаюсь,пытаешься,пытается,пытаемся,пытаетесь,пытаются|пытался,пыталась,пытались|пытайся,пытайтесь|try,tries,tried,tried,trying|
2017|закричать||закричу,закричишь,закричит,закричим,закричите,закричат|закричал,закричала,закричали|закричи,закричите|scream,screams,screamed,screamed,screaming|
2021|скандалить||скандалю,скандалишь,скандалит,скандалим,скандалите,скандалят|скандалил,скандалила,скандалили|скандаль,скандальте|make,makes,made,made,making|a scene
2028|обидеть||обижу,обидишь,обидит,обидим,обидите,обидят|обидел,обидела,обидели|обидь,обидьте|offend,offends,offended,offended,offending|
2029|обидеться||обижусь,обидишься,обидится,обидимся,обидитесь,обидятся|обиделся,обиделась,обиделись|обидься,обидьтесь|take,takes,took,taken,taking|offense
2031|возмущаться||возмущаюсь,возмущаешься,возмущается,возмущаемся,возмущаетесь,возмущаются|возмущался,возмущалась,возмущались|возмущайся,возмущайтесь|be,is,was,been,being|indignant
2036|просить|прощения|прошу,просишь,просит,просим,просите,просят|просил,просила,просили|проси,просите|ask,asks,asked,asked,asking|for forgiveness
2038|критиковать||критикую,критикуешь,критикует,критикуем,критикуете,критикуют|критиковал,критиковала,критиковали|критикуй,критикуйте|criticize,criticizes,criticized,criticized,criticizing|
2040|обвинять||обвиняю,обвиняешь,обвиняет,обвиняем,обвиняете,обвиняют|обвинял,обвиняла,обвиняли|обвиняй,обвиняйте|accuse,accuses,accused,accused,accusing|
2042|мстить||мщу,мстишь,мстит,мстим,мстите,мстят|мстил,мстила,мстили|мсти,мстите|take,takes,took,taken,taking|revenge
2043|отплатить||отплачу,отплатишь,отплатит,отплатим,отплатите,отплатят|отплатил,отплатила,отплатили|отплати,отплатите|pay,pays,paid,paid,paying|back
2045|презирать||презираю,презираешь,презирает,презираем,презираете,презирают|презирал,презирала,презирали|презирай,презирайте|despise,despises,despised,despised,despising|
2047|ненавидеть||ненавижу,ненавидишь,ненавидит,ненавидим,ненавидите,ненавидят|ненавидел,ненавидела,ненавидели|ненавидь,ненавидьте|hate,hates,hated,hated,hating|
2051|рассердить||рассержу,рассердишь,рассердит,рассердим,рассердите,рассердят|рассердил,рассердила,рассердили|рассерди,рассердите|anger,angers,angered,angered,angering|
2052|ругаться||ругаюсь,ругаешься,ругается,ругаемся,ругаетесь,ругаются|ругался,ругалась,ругались|ругайся,ругайтесь|swear,swears,swore,sworn,swearing|
2054|унижать||унижаю,унижаешь,унижает,унижаем,унижаете,унижают|унижал,унижала,унижали|унижай,унижайте|humiliate,humiliates,humiliated,humiliated,humiliating|
2055|унижаться||унижаюсь,унижаешься,унижается,унижаемся,унижаетесь,унижаются|унижался,унижалась,унижались|унижайся,унижайтесь|humble,humbles,humbled,humbled,humbling|oneself
2057|смутить||смущу,смутишь,смутит,смутим,смутите,смутят|смутил,смутила,смутили|смути,смутите|embarrass,embarrasses,embarrassed,embarrassed,embarrassing|
2065|задрожать||задрожу,задрожишь,задрожит,задрожим,задрожите,задрожат|задрожал,задрожала,задрожали|задрожи,задрожите|tremble,trembles,trembled,trembled,trembling|
2067|заплакать||заплачу,заплачешь,заплачет,заплачем,заплачете,заплачут|заплакал,заплакала,заплакали|заплачь,заплачьте|burst,bursts,burst,burst,bursting|into tears
2074|беспокоить||беспокою,беспокоишь,беспокоит,беспокоим,беспокоите,беспокоят|беспокоил,беспокоила,беспокоили|беспокой,беспокойте|bother,bothers,bothered,bothered,bothering|
2075|злиться||злюсь,злишься,злится,злимся,злитесь,злятся|злился,злилась,злились|злись,злитесь|be,is,was,been,being|angry
2077|прекращать|отношения|прекращаю,прекращаешь,прекращает,прекращаем,прекращаете,прекращают|прекращал,прекращала,прекращали|прекращай,прекращайте|break,breaks,broke,broken,breaking|off
2078|пугаться||пугаюсь,пугаешься,пугается,пугаемся,пугаетесь,пугаются|пугался,пугалась,пугались|пугайся,пугайтесь|be,is,was,been,being|frightened
2079|ударить||ударю,ударишь,ударит,ударим,ударите,ударят|ударил,ударила,ударили|ударь,ударьте|hit,hits,hit,hit,hitting|
2080|драться||дерусь,дерёшься,дерётся,дерёмся,дерётесь,дерутся|дрался,дралась,дрались|дерись,деритесь|fight,fights,fought,fought,fighting|
2081|урегулировать||урегулирую,урегулируешь,урегулирует,урегулируем,урегулируете,урегулируют|урегулировал,урегулировала,урегулировали|урегулируй,урегулируйте|settle,settles,settled,settled,settling|
2087|болеть||болею,болеешь,болеет,болеем,болеете,болеют|болел,болела,болели|болей,болейте|be,is,was,been,being|ill
2092|простудиться||простужусь,простудишься,простудится,простудимся,простудитесь,простудятся|простудился,простудилась,простудились|простудись,простудитесь|catch,catches,caught,caught,catching|a cold
2106|парализовать||парализую,парализуешь,парализует,парализуем,парализуете,парализуют|парализовал,парализовала,парализовали|парализуй,парализуйте|paralyze,paralyzes,paralyzed,paralyzed,paralyzing|
2116|отравиться||отравлюсь,отравишься,отравится,отравимся,отравитесь,отравятся|отравился,отравилась,отравились|отравись,отравитесь|get,gets,got,got,getting|food poisoning
2160|кашлять||кашляю,кашляешь,кашляет,кашляем,кашляете,кашляют|кашлял,кашляла,кашляли|кашляй,кашляйте|cough,coughs,coughed,coughed,coughing|
2161|чихать||чихаю,чихаешь,чихает,чихаем,чихаете,чихают|чихал,чихала,чихали|чихай,чихайте|sneeze,sneezes,sneezed,sneezed,sneezing|
2163|упасть|в обморок|упаду,упадёшь,упадёт,упадём,упадёте,упадут|упал,упала,упали|упади,упадите|faint,faints,fainted,fainted,fainting|
2166|удариться||ударюсь,ударишься,ударится,ударимся,ударитесь,ударятся|ударился,ударилась,ударились|ударься,ударьтесь|hit,hits,hit,hit,hitting|oneself
2168|ушибиться||ушибусь,ушибёшься,ушибётся,ушибёмся,ушибётесь,ушибутся|ушибся,ушиблась,ушиблись|ушибись,ушибитесь|bruise,bruises,bruised,bruised,bruising|oneself
2173|получить|перелом|получу,получишь,получит,получим,получите,получат|получил,получила,получили|получи,получите|break,breaks,broke,broken,breaking|a bone
2178|обжечься||обожгусь,обожжёшься,обожжётся,обожжёмся,обожжётесь,обожгутся|обжёгся,обожглась,обожглись|обожгись,обожгитесь|burn,burns,burned,burned,burning|oneself
2179|уколоть||уколю,уколешь,уколет,уколем,уколете,уколют|уколол,уколола,укололи|уколи,уколите|prick,pricks,pricked,pricked,pricking|
2180|уколоться||уколюсь,уколешься,уколется,уколемся,уколетесь,уколются|укололся,укололась,укололись|уколись,уколитесь|prick,pricks,pricked,pricked,pricking|oneself
2181|повредить||поврежу,повредишь,повредит,повредим,повредите,повредят|повредил,повредила,повредили|повреди,повредите|injure,injures,injured,injured,injuring|
2185|бредить||брежу,бредишь,бредит,бредим,бредите,бредят|бредил,бредила,бредили|бредь,бредьте|be,is,was,been,being|delirious
2186|заикаться||заикаюсь,заикаешься,заикается,заикаемся,заикаетесь,заикаются|заикался,заикалась,заикались|заикайся,заикайтесь|stutter,stutters,stuttered,stuttered,stuttering|
2191|потеть||потею,потеешь,потеет,потеем,потеете,потеют|потел,потела,потели|потей,потейте|sweat,sweats,sweated,sweated,sweating|
2197|рожать||рожаю,рожаешь,рожает,рожаем,рожаете,рожают|рожал,рожала,рожали|рожай,рожайте|give,gives,gave,given,giving|birth
2202|выдохнуть||выдохну,выдохнешь,выдохнет,выдохнем,выдохнете,выдохнут|выдохнул,выдохнула,выдохнули|выдохни,выдохните|exhale,exhales,exhaled,exhaled,exhaling|
2203|сделать|вдох|сделаю,сделаешь,сделает,сделаем,сделаете,сделают|сделал,сделала,сделали|сделай,сделайте|inhale,inhales,inhaled,inhaled,inhaling|
2227|лечиться||лечусь,лечишься,лечится,лечимся,лечитесь,лечатся|лечился,лечилась,лечились|лечись,лечитесь|be,is,was,been,being|treated
2228|лечить||лечу,лечишь,лечит,лечим,лечите,лечат|лечил,лечила,лечили|лечи,лечите|treat,treats,treated,treated,treating|
2229|ухаживать|за кем-л.|ухаживаю,ухаживаешь,ухаживает,ухаживаем,ухаживаете,ухаживают|ухаживал,ухаживала,ухаживали|ухаживай,ухаживайте|take,takes,took,taken,taking|care of
2232|перевязать||перевяжу,перевяжешь,перевяжет,перевяжем,перевяжете,перевяжут|перевязал,перевязала,перевязали|перевяжи,перевяжите|bandage,bandages,bandaged,bandaged,bandaging|
2235|делать|прививку|делаю,делаешь,делает,делаем,делаете,делают|делал,делала,делали|делай,делайте|vaccinate,vaccinates,vaccinated,vaccinated,vaccinating|
2237|делать|укол|делаю,делаешь,делает,делаем,делаете,делают|делал,делала,делали|делай,делайте|give,gives,gave,given,giving|an injection
2239|ампутировать||ампутирую,ампутируешь,ампутирует,ампутируем,ампутируете,ампутируют|ампутировал,ампутировала,ампутировали|ампутируй,ампутируйте|amputate,amputates,amputated,amputated,amputating|
2241|быть|в коме|буду,будешь,будет,будем,будете,будут|был,была,были|будь,будьте|be,is,was,been,being|in a coma
2243|выздоравливать||выздоравливаю,выздоравливаешь,выздоравливает,выздоравливаем,выздоравливаете,выздоравливают|выздоравливал,выздоравливала,выздоравливали|выздоравливай,выздоравливайте|recover,recovers,recovered,recovered,recovering|
2247|удалять||удаляю,удаляешь,удаляет,удаляем,удаляете,удаляют|удалял,удаляла,удаляли|удаляй,удаляйте|extract,extracts,extracted,extracted,extracting|
2249|пломбировать||пломбирую,пломбируешь,пломбирует,пломбируем,пломбируете,пломбируют|пломбировал,пломбировала,пломбировали|пломбируй,пломбируйте|fill,fills,filled,filled,filling|
2251|гипнотизировать||гипнотизирую,гипнотизируешь,гипнотизирует,гипнотизируем,гипнотизируете,гипнотизируют|гипнотизировал,гипнотизировала,гипнотизировали|гипнотизируй,гипнотизируйте|hypnotize,hypnotizes,hypnotized,hypnotized,hypnotizing|
2266|прописать||пропишу,пропишешь,пропишет,пропишем,пропишете,пропишут|прописал,прописала,прописали|пропиши,пропишите|prescribe,prescribes,prescribed,prescribed,prescribing|
2301|курить||курю,куришь,курит,курим,курите,курят|курил,курила,курили|кури,курите|smoke,smokes,smoked,smoked,smoking|
2302|начать|курить|начну,начнёшь,начнёт,начнём,начнёте,начнут|начал,начала,начали|начни,начните|start,starts,started,started,starting|smoking
2354|сорить||сорю,соришь,сорит,сорим,сорите,сорят|сорил,сорила,сорили|сори,сорите|litter,litters,littered,littered,littering|
2425|предупредить||предупрежу,предупредишь,предупредит,предупредим,предупредите,предупредят|предупредил,предупредила,предупредили|предупреди,предупредите|warn,warns,warned,warned,warning|
2464|сесть||сяду,сядешь,сядет,сядем,сядете,сядут|сел,села,сели|сядь,сядьте|get,gets,got,got,getting|on
2465|сойти||сойду,сойдёшь,сойдёт,сойдём,сойдёте,сойдут|сошёл,сошла,сошли|сойди,сойдите|get,gets,got,got,getting|off
2476|опаздывать||опаздываю,опаздываешь,опаздывает,опаздываем,опаздываете,опаздывают|опаздывал,опаздывала,опаздывали|опаздывай,опаздывайте|be,is,was,been,being|late
2478|спешить||спешу,спешишь,спешит,спешим,спешите,спешат|спешил,спешила,спешили|спеши,спешите|hurry,hurries,hurried,hurried,hurrying|
2483|вызвать|такси|вызову,вызовешь,вызовет,вызовем,вызовете,вызовут|вызвал,вызвала,вызвали|вызови,вызовите|call,calls,called,called,calling|a taxi
2484|взять|такси|возьму,возьмёшь,возьмёт,возьмём,возьмёте,возьмут|взял,взяла,взяли|возьми,возьмите|take,takes,took,taken,taking|a taxi
2488|парковаться||паркуюсь,паркуешься,паркуется,паркуемся,паркуетесь,паркуются|парковался,парковалась,парковались|паркуйся,паркуйтесь|park,parks,parked,parked,parking|
2489|парковать||паркую,паркуешь,паркует,паркуем,паркуете,паркуют|парковал,парковала,парковали|паркуй,паркуйте|park,parks,parked,parked,parking|
2493|ехать|на метро|еду,едешь,едет,едем,едете,едут|ехал,ехала,ехали|езжай,езжайте|take,takes,took,taken,taking|the metro
2511|рассказывать||рассказываю,рассказываешь,рассказывает,рассказываем,рассказываете,рассказывают|рассказывал,рассказывала,рассказывали|рассказывай,рассказывайте|tell,tells,told,told,telling|
2512|найти||найду,найдёшь,найдёт,найдём,найдёте,найдут|нашёл,нашла,нашли|найди,найдите|find,finds,found,found,finding|
2513|потеряться||потеряюсь,потеряешься,потеряется,потеряемся,потеряетесь,потеряются|потерялся,потерялась,потерялись|потеряйся,потеряйтесь|get,gets,got,got,getting|lost
2520|покупать||покупаю,покупаешь,покупает,покупаем,покупаете,покупают|покупал,покупала,покупали|покупай,покупайте|buy,buys,bought,bought,buying|
2522|делать|покупки|делаю,делаешь,делает,делаем,делаете,делают|делал,делала,делали|делай,делайте|go,goes,went,gone,going|shopping
2524|работать||работаю,работаешь,работает,работаем,работаете,работают|работал,работала,работали|работай,работайте|be,is,was,been,being|open
2525|быть|закрытым|буду,будешь,будет,будем,будете,будут|был,была,были|будь,будьте|be,is,was,been,being|closed
2537|подходить||подхожу,подходишь,подходит,подходим,подходите,подходят|подходил,подходила,подходили|подходи,подходите|fit,fits,fit,fit,fitting|
2541|стоить||стою,стоишь,стоит,стоим,стоите,стоят|стоил,стоила,стоили|стой,стойте|cost,costs,cost,cost,costing|
2549|взять|напрокат|возьму,возьмёшь,возьмёт,возьмём,возьмёте,возьмут|взял,взяла,взяли|возьми,возьмите|rent,rents,rented,rented,renting|
2566|дать|в долг|дам,дашь,даст,дадим,дадите,дадут|дал,дала,дали|дай,дайте|lend,lends,lent,lent,lending|
2567|взять|в долг|возьму,возьмёшь,возьмёт,возьмём,возьмёте,возьмут|взял,взяла,взяли|возьми,возьмите|borrow,borrows,borrowed,borrowed,borrowing|
2570|положить|на счёт|положу,положишь,положит,положим,положите,положат|положил,положила,положили|положи,положите|deposit,deposits,deposited,deposited,depositing|
2571|снять|со счёта|сниму,снимешь,снимет,снимем,снимете,снимут|снял,сняла,сняли|сними,снимите|withdraw,withdraws,withdrew,withdrawn,withdrawing|
2575|выписать|чек|выпишу,выпишешь,выпишет,выпишем,выпишете,выпишут|выписал,выписала,выписали|выпиши,выпишите|write,writes,wrote,written,writing|a check
2586|снимать|квартиру|снимаю,снимаешь,снимает,снимаем,снимаете,снимают|снимал,снимала,снимали|снимай,снимайте|rent,rents,rented,rented,renting|an apartment
2590|тратить||трачу,тратишь,тратит,тратим,тратите,тратят|тратил,тратила,тратили|трать,тратьте|spend,spends,spent,spent,spending|
2592|экономить||экономлю,экономишь,экономит,экономим,экономите,экономят|экономил,экономила,экономили|экономь,экономьте|save,saves,saved,saved,saving|
2599|штрафовать||штрафую,штрафуешь,штрафует,штрафуем,штрафуете,штрафуют|штрафовал,штрафовала,штрафовали|штрафуй,штрафуйте|fine,fines,fined,fined,fining|
2623|взвешивать||взвешиваю,взвешиваешь,взвешивает,взвешиваем,взвешиваете,взвешивают|взвешивал,взвешивала,взвешивали|взвешивай,взвешивайте|weigh,weighs,weighed,weighed,weighing|
2659|подниматься||поднимаюсь,поднимаешься,поднимается,поднимаемся,поднимаетесь,поднимаются|поднимался,поднималась,поднимались|поднимайся,поднимайтесь|go,goes,went,gone,going|up
2661|переезжать||переезжаю,переезжаешь,переезжает,переезжаем,переезжаете,переезжают|переезжал,переезжала,переезжали|переезжай,переезжайте|move,moves,moved,moved,moving|
2673|ехать|на лифте|еду,едешь,едет,едем,едете,едут|ехал,ехала,ехали|езжай,езжайте|take,takes,took,taken,taking|the elevator
2688|отпереть||отопру,отопрёшь,отопрёт,отопрём,отопрёте,отопрут|отпер,отперла,отперли|отопри,отоприте|unlock,unlocks,unlocked,unlocked,unlocking|
2689|открывать||открываю,открываешь,открывает,открываем,открываете,открывают|открывал,открывала,открывали|открывай,открывайте|open,opens,opened,opened,opening|
2690|закрывать||закрываю,закрываешь,закрывает,закрываем,закрываете,закрывают|закрывал,закрывала,закрывали|закрывай,закрывайте|close,closes,closed,closed,closing|
2693|скрипеть||скриплю,скрипишь,скрипит,скрипим,скрипите,скрипят|скрипел,скрипела,скрипели|скрипи,скрипите|creak,creaks,creaked,creaked,creaking|
2701|звонить||звоню,звонишь,звонит,звоним,звоните,звонят|звонил,звонила,звонили|звони,звоните|call,calls,called,called,calling|
2706|стучать||стучу,стучишь,стучит,стучим,стучите,стучат|стучал,стучала,стучали|стучи,стучите|knock,knocks,knocked,knocked,knocking|
2723|топить|печь|топлю,топишь,топит,топим,топите,топят|топил,топила,топили|топи,топите|light,lights,lit,lit,lighting|the stove
2736|ухаживать|за садом|ухаживаю,ухаживаешь,ухаживает,ухаживаем,ухаживаете,ухаживают|ухаживал,ухаживала,ухаживали|ухаживай,ухаживайте|tend,tends,tended,tended,tending|the garden
2776|убирать||убираю,убираешь,убирает,убираем,убираете,убирают|убирал,убирала,убирали|убирай,убирайте|tidy,tidies,tidied,tidied,tidying|up
2777|уносить||уношу,уносишь,уносит,уносим,уносите,уносят|уносил,уносила,уносили|уноси,уносите|take,takes,took,taken,taking|away
2780|вытирать|пыль|вытираю,вытираешь,вытирает,вытираем,вытираете,вытирают|вытирал,вытирала,вытирали|вытирай,вытирайте|dust,dusts,dusted,dusted,dusting|
2782|пылесосить||пылесошу,пылесосишь,пылесосит,пылесосим,пылесосите,пылесосят|пылесосил,пылесосила,пылесосили|пылесось,пылесосьте|vacuum,vacuums,vacuumed,vacuumed,vacuuming|
2783|подметать||подметаю,подметаешь,подметает,подметаем,подметаете,подметают|подметал,подметала,подметали|подметай,подметайте|sweep,sweeps,swept,swept,sweeping|
2888|мыть||мою,моешь,моет,моем,моете,моют|мыл,мыла,мыли|мой,мойте|wash,washes,washed,washed,washing|
2889|мыться||моюсь,моешься,моется,моемся,моетесь,моются|мылся,мылась,мылись|мойся,мойтесь|wash,washes,washed,washed,washing|
2903|стирать|бельё|стираю,стираешь,стирает,стираем,стираете,стирают|стирал,стирала,стирали|стирай,стирайте|do,does,did,done,doing|the laundry
2932|делать|ремонт|делаю,делаешь,делает,делаем,делаете,делают|делал,делала,делали|делай,делайте|renovate,renovates,renovated,renovated,renovating|
2934|приводить|в порядок|привожу,приводишь,приводит,приводим,приводите,приводят|приводил,приводила,приводили|приводи,приводите|put,puts,put,put,putting|in order
2935|переделывать||переделываю,переделываешь,переделывает,переделываем,переделываете,переделывают|переделывал,переделывала,переделывали|переделывай,переделывайте|redo,redoes,redid,redone,redoing|
2937|красить||крашу,красишь,красит,красим,красите,красят|красил,красила,красили|крась,красьте|paint,paints,painted,painted,painting|
2941|белить||белю,белишь,белит,белим,белите,белят|белил,белила,белили|бели,белите|whitewash,whitewashes,whitewashed,whitewashed,whitewashing|
2943|оклеить|обоями|оклею,оклеишь,оклеит,оклеим,оклеите,оклеят|оклеил,оклеила,оклеили|оклей,оклейте|wallpaper,wallpapers,wallpapered,wallpapered,wallpapering|
2945|покрывать|лаком|покрываю,покрываешь,покрывает,покрываем,покрываете,покрывают|покрывал,покрывала,покрывали|покрывай,покрывайте|varnish,varnishes,varnished,varnished,varnishing|
2951|капать||капаю,капаешь,капает,капаем,капаете,капают|капал,капала,капали|капай,капайте|drip,drips,dripped,dripped,dripping|
2952|течь||теку,течёшь,течёт,течём,течёте,текут|тёк,текла,текли|теки,теките|leak,leaks,leaked,leaked,leaking|
2957|засориться||засорюсь,засоришься,засорится,засоримся,засоритесь,засорятся|засорился,засорилась,засорились|засорись,засоритесь|get,gets,got,got,getting|clogged
2960|открутить||откручу,открутишь,открутит,открутим,открутите,открутят|открутил,открутила,открутили|открути,открутите|unscrew,unscrews,unscrewed,unscrewed,unscrewing|
2961|закрутить||закручу,закрутишь,закрутит,закрутим,закрутите,закрутят|закрутил,закрутила,закрутили|закрути,закрутите|screw,screws,screwed,screwed,screwing|in
2962|прочищать||прочищаю,прочищаешь,прочищает,прочищаем,прочищаете,прочищают|прочищал,прочищала,прочищали|прочищай,прочищайте|clean,cleans,cleaned,cleaned,cleaning|out
2980|загореться||загорюсь,загоришься,загорится,загоримся,загоритесь,загорятся|загорелся,загорелась,загорелись|загорись,загоритесь|catch,catches,caught,caught,catching|fire
2982|поджечь||подожгу,подожжёшь,подожжёт,подожжём,подожжёте,подожгут|поджёг,подожгла,подожгли|подожги,подожгите|set,sets,set,set,setting|fire to
2985|пылать||пылаю,пылаешь,пылает,пылаем,пылаете,пылают|пылал,пылала,пылали|пылай,пылайте|blaze,blazes,blazed,blazed,blazing|
2986|гореть||горю,горишь,горит,горим,горите,горят|горел,горела,горели|гори,горите|burn,burns,burned,burned,burning|
2987|сгореть||сгорю,сгоришь,сгорит,сгорим,сгорите,сгорят|сгорел,сгорела,сгорели|сгори,сгорите|burn,burns,burned,burned,burning|down
2988|вызвать|пожарных|вызову,вызовешь,вызовет,вызовем,вызовете,вызовут|вызвал,вызвала,вызвали|вызови,вызовите|call,calls,called,called,calling|the fire brigade
2998|звать|на помощь|зову,зовёшь,зовёт,зовём,зовёте,зовут|звал,звала,звали|зови,зовите|call,calls,called,called,calling|for help
3001|приехать||приеду,приедешь,приедет,приедем,приедете,приедут|приехал,приехала,приехали|приезжай,приезжайте|arrive,arrives,arrived,arrived,arriving|
3002|тушить||тушу,тушишь,тушит,тушим,тушите,тушат|тушил,тушила,тушили|туши,тушите|put,puts,put,put,putting|out
3006|рухнуть||рухну,рухнешь,рухнет,рухнем,рухнете,рухнут|рухнул,рухнула,рухнули|рухни,рухните|collapse,collapses,collapsed,collapsed,collapsing|
3007|обвалиться||обвалюсь,обвалишься,обвалится,обвалимся,обвалитесь,обвалятся|обвалился,обвалилась,обвалились|обвались,обвалитесь|cave,caves,caved,caved,caving|in
3008|обрушиться||обрушусь,обрушишься,обрушится,обрушимся,обрушитесь,обрушатся|обрушился,обрушилась,обрушились|обрушься,обрушьтесь|collapse,collapses,collapsed,collapsed,collapsing|
3011|задохнуться||задохнусь,задохнёшься,задохнётся,задохнёмся,задохнётесь,задохнутся|задохнулся,задохнулась,задохнулись|задохнись,задохнитесь|suffocate,suffocates,suffocated,suffocated,suffocating|
3012|погибнуть||погибну,погибнешь,погибнет,погибнем,погибнете,погибнут|погиб,погибла,погибли|погибни,погибните|die,dies,died,died,dying|
3045|делать|копию|делаю,делаешь,делает,делаем,делаете,делают|делал,делала,делали|делай,делайте|make,makes,made,made,making|a copy
3046|размножить||размножу,размножишь,размножит,размножим,размножите,размножат|размножил,размножила,размножили|размножь,размножьте|copy,copies,copied,copied,copying|
3047|получать|факс|получаю,получаешь,получает,получаем,получаете,получают|получал,получала,получали|получай,получайте|receive,receives,received,received,receiving|a fax
3048|отправлять|факс|отправляю,отправляешь,отправляет,отправляем,отправляете,отправляют|отправлял,отправляла,отправляли|отправляй,отправляйте|send,sends,sent,sent,sending|a fax
3049|позвонить||позвоню,позвонишь,позвонит,позвоним,позвоните,позвонят|позвонил,позвонила,позвонили|позвони,позвоните|call,calls,called,called,calling|
3050|ответить||отвечу,ответишь,ответит,ответим,ответите,ответят|ответил,ответила,ответили|ответь,ответьте|answer,answers,answered,answered,answering|
3051|соединить|по телефону|соединю,соединишь,соединит,соединим,соедините,соединят|соединил,соединила,соединили|соедини,соедините|connect,connects,connected,connected,connecting|by phone
3052|назначать|встречу|назначаю,назначаешь,назначает,назначаем,назначаете,назначают|назначал,назначала,назначали|назначай,назначайте|schedule,schedules,scheduled,scheduled,scheduling|a meeting
3053|демонстрировать||демонстрирую,демонстрируешь,демонстрирует,демонстрируем,демонстрируете,демонстрируют|демонстрировал,демонстрировала,демонстрировали|демонстрируй,демонстрируйте|demonstrate,demonstrates,demonstrated,demonstrated,demonstrating|
3054|отсутствовать||отсутствую,отсутствуешь,отсутствует,отсутствуем,отсутствуете,отсутствуют|отсутствовал,отсутствовала,отсутствовали|отсутствуй,отсутствуйте|be,is,was,been,being|absent
3074|конкурировать||конкурирую,конкурируешь,конкурирует,конкурируем,конкурируете,конкурируют|конкурировал,конкурировала,конкурировали|конкурируй,конкурируйте|compete,competes,competed,competed,competing|
3079|обанкротиться||обанкрочусь,обанкротишься,обанкротится,обанкротимся,обанкротитесь,обанкротятся|обанкротился,обанкротилась,обанкротились|обанкроться,обанкротьтесь|go,goes,went,gone,going|bankrupt
3088|торговать||торгую,торгуешь,торгует,торгуем,торгуете,торгуют|торговал,торговала,торговали|торгуй,торгуйте|trade,trades,traded,traded,trading|
3104|исправлять|ошибку|исправляю,исправляешь,исправляет,исправляем,исправляете,исправляют|исправлял,исправляла,исправляли|исправляй,исправляйте|correct,corrects,corrected,corrected,correcting|a mistake
3119|отменить||отменю,отменишь,отменит,отменим,отмените,отменят|отменил,отменила,отменили|отмени,отмените|cancel,cancels,cancelled,cancelled,cancelling|
3122|патентовать||патентую,патентуешь,патентует,патентуем,патентуете,патентуют|патентовал,патентовала,патентовали|патентуй,патентуйте|patent,patents,patented,patented,patenting|
3127|рассмотреть|вопрос|рассмотрю,рассмотришь,рассмотрит,рассмотрим,рассмотрите,рассмотрят|рассмотрел,рассмотрела,рассмотрели|рассмотри,рассмотрите|consider,considers,considered,considered,considering|a question
3136|страховать||страхую,страхуешь,страхует,страхуем,страхуете,страхуют|страховал,страховала,страховали|страхуй,страхуйте|insure,insures,insured,insured,insuring|
3139|уведомить||уведомлю,уведомишь,уведомит,уведомим,уведомите,уведомят|уведомил,уведомила,уведомили|уведоми,уведомите|notify,notifies,notified,notified,notifying|
3143|функционировать||функционирую,функционируешь,функционирует,функционируем,функционируете,функционируют|функционировал,функционировала,функционировали|функционируй,функционируйте|function,functions,functioned,functioned,functioning|
3156|производить||произвожу,производишь,производит,производим,производите,производят|производил,производила,производили|производи,производите|produce,produces,produced,produced,producing|
3166|выполнять|план|выполняю,выполняешь,выполняет,выполняем,выполняете,выполняют|выполнял,выполняла,выполняли|выполняй,выполняйте|fulfill,fulfills,fulfilled,fulfilled,fulfilling|the plan
3174|нарушать||нарушаю,нарушаешь,нарушает,нарушаем,нарушаете,нарушают|нарушал,нарушала,нарушали|нарушай,нарушайте|violate,violates,violated,violated,violating|
3177|бастовать||бастую,бастуешь,бастует,бастуем,бастуете,бастуют|бастовал,бастовала,бастовали|бастуй,бастуйте|go,goes,went,gone,going|on strike
3179|изобретать||изобретаю,изобретаешь,изобретает,изобретаем,изобретаете,изобретают|изобретал,изобретала,изобретали|изобретай,изобретайте|invent,invents,invented,invented,inventing|
3182|улучшать||улучшаю,улучшаешь,улучшает,улучшаем,улучшаете,улучшают|улучшал,улучшала,улучшали|улучшай,улучшайте|improve,improves,improved,improved,improving|
3187|грузить||гружу,грузишь,грузит,грузим,грузите,грузят|грузил,грузила,грузили|грузи,грузите|load,loads,loaded,loaded,loading|
3189|разгружать||разгружаю,разгружаешь,разгружает,разгружаем,разгружаете,разгружают|разгружал,разгружала,разгружали|разгружай,разгружайте|unload,unloads,unloaded,unloaded,unloading|
3193|транспортировать||транспортирую,транспортируешь,транспортирует,транспортируем,транспортируете,транспортируют|транспортировал,транспортировала,транспортировали|транспортируй,транспортируйте|transport,transports,transported,transported,transporting|
3201|упаковать||упакую,упакуешь,упакует,упакуем,упакуете,упакуют|упаковал,упаковала,упаковали|упакуй,упакуйте|pack,packs,packed,packed,packing|
3205|заключить|контракт|заключу,заключишь,заключит,заключим,заключите,заключат|заключил,заключила,заключили|заключи,заключите|conclude,concludes,concluded,concluded,concluding|a contract
3207|подписать||подпишу,подпишешь,подпишет,подпишем,подпишете,подпишут|подписал,подписала,подписали|подпиши,подпишите|sign,signs,signed,signed,signing|
3213|нарушить|контракт|нарушу,нарушишь,нарушит,нарушим,нарушите,нарушат|нарушил,нарушила,нарушили|наруши,нарушите|break,breaks,broke,broken,breaking|a contract
3221|импортировать||импортирую,импортируешь,импортирует,импортируем,импортируете,импортируют|импортировал,импортировала,импортировали|импортируй,импортируйте|import,imports,imported,imported,importing|
3224|экспортировать||экспортирую,экспортируешь,экспортирует,экспортируем,экспортируете,экспортируют|экспортировал,экспортировала,экспортировали|экспортируй,экспортируйте|export,exports,exported,exported,exporting|
3244|подешеветь||подешевею,подешевеешь,подешевеет,подешевеем,подешевеете,подешевеют|подешевел,подешевела,подешевели|подешевей,подешевейте|get,gets,got,got,getting|cheaper
3245|подорожать||подорожаю,подорожаешь,подорожает,подорожаем,подорожаете,подорожают|подорожал,подорожала,подорожали|подорожай,подорожайте|get,gets,got,got,getting|more expensive
3248|инвестировать||инвестирую,инвестируешь,инвестирует,инвестируем,инвестируете,инвестируют|инвестировал,инвестировала,инвестировали|инвестируй,инвестируйте|invest,invests,invested,invested,investing|
3262|разориться||разорюсь,разоришься,разорится,разоримся,разоритесь,разорятся|разорился,разорилась,разорились|разорись,разоритесь|go,goes,went,gone,going|broke
3271|сократить|расходы|сокращу,сократишь,сократит,сократим,сократите,сократят|сократил,сократила,сократили|сократи,сократите|cut,cuts,cut,cut,cutting|costs
3285|анализировать||анализирую,анализируешь,анализирует,анализируем,анализируете,анализируют|анализировал,анализировала,анализировали|анализируй,анализируйте|analyze,analyzes,analyzed,analyzed,analyzing|
3287|позиционировать||позиционирую,позиционируешь,позиционирует,позиционируем,позиционируете,позиционируют|позиционировал,позиционировала,позиционировали|позиционируй,позиционируйте|position,positions,positioned,positioned,positioning|
3292|рекламировать||рекламирую,рекламируешь,рекламирует,рекламируем,рекламируете,рекламируют|рекламировал,рекламировала,рекламировали|рекламируй,рекламируйте|advertise,advertises,advertised,advertised,advertising|
3321|открыть|счёт|открою,откроешь,откроет,откроем,откроете,откроют|открыл,открыла,открыли|открой,откройте|open,opens,opened,opened,opening|an account
3322|закрыть|счёт|закрою,закроешь,закроет,закроем,закроете,закроют|закрыл,закрыла,закрыли|закрой,закройте|close,closes,closed,closed,closing|an account
3326|сделать|вклад|сделаю,сделаешь,сделает,сделаем,сделаете,сделают|сделал,сделала,сделали|сделай,сделайте|make,makes,made,made,making|a deposit
3328|сделать|перевод|сделаю,сделаешь,сделает,сделаем,сделаете,сделают|сделал,сделала,сделали|сделай,сделайте|make,makes,made,made,making|a transfer
3341|обращаться|за кредитом|обращаюсь,обращаешься,обращается,обращаемся,обращаетесь,обращаются|обращался,обращалась,обращались|обращайся,обращайтесь|apply,applies,applied,applied,applying|for a loan
3342|брать|кредит|беру,берёшь,берёт,берём,берёте,берут|брал,брала,брали|бери,берите|take,takes,took,taken,taking|a loan
3343|предоставлять|кредит|предоставляю,предоставляешь,предоставляет,предоставляем,предоставляете,предоставляют|предоставлял,предоставляла,предоставляли|предоставляй,предоставляйте|grant,grants,granted,granted,granting|a loan
3348|звонить|по телефону|звоню,звонишь,звонит,звоним,звоните,звонят|звонил,звонила,звонили|звони,звоните|call,calls,called,called,calling|
3350|набрать|номер|наберу,наберёшь,наберёт,наберём,наберёте,наберут|набрал,набрала,набрали|набери,наберите|dial,dials,dialed,dialed,dialing|a number
3352|спросить||спрошу,спросишь,спросит,спросим,спросите,спросят|спросил,спросила,спросили|спроси,спросите|ask,asks,asked,asked,asking|
3359|снять|трубку|сниму,снимешь,снимет,снимем,снимете,снимут|снял,сняла,сняли|сними,снимите|pick,picks,picked,picked,picking|up the phone
3360|положить|трубку|положу,положишь,положит,положим,положите,положат|положил,положила,положили|положи,положите|hang,hangs,hung,hung,hanging|up
3362|звонить||звоню,звонишь,звонит,звоним,звоните,звонят|звонил,звонила,звонили|звони,звоните|ring,rings,rang,rung,ringing|
3375|разрядиться||разряжусь,разрядишься,разрядится,разрядимся,разрядитесь,разрядятся|разрядился,разрядилась,разрядились|разрядись,разрядитесь|run,runs,ran,run,running|down
3380|выбрать||выберу,выберешь,выберет,выберем,выберете,выберут|выбрал,выбрала,выбрали|выбери,выберите|choose,chooses,chose,chosen,choosing|
3416|заполнять|анкету|заполняю,заполняешь,заполняет,заполняем,заполняете,заполняют|заполнял,заполняла,заполняли|заполняй,заполняйте|fill,fills,filled,filled,filling|in a form
3418|зачеркнуть||зачеркну,зачеркнёшь,зачеркнёт,зачеркнём,зачеркнёте,зачеркнут|зачеркнул,зачеркнула,зачеркнули|зачеркни,зачеркните|cross,crosses,crossed,crossed,crossing|out
3431|предъявлять||предъявляю,предъявляешь,предъявляет,предъявляем,предъявляете,предъявляют|предъявлял,предъявляла,предъявляли|предъявляй,предъявляйте|present,presents,presented,presented,presenting|
3528|организовывать||организовываю,организовываешь,организовывает,организовываем,организовываете,организовывают|организовывал,организовывала,организовывали|организовывай,организовывайте|organize,organizes,organized,organized,organizing|
3530|заполнить|документ|заполню,заполнишь,заполнит,заполним,заполните,заполнят|заполнил,заполнила,заполнили|заполни,заполните|fill,fills,filled,filled,filling|in a document
3535|включать|в цену|включаю,включаешь,включает,включаем,включаете,включают|включал,включала,включали|включай,включайте|include,includes,included,included,including|in the price
3540|регистрировать||регистрирую,регистрируешь,регистрирует,регистрируем,регистрируете,регистрируют|регистрировал,регистрировала,регистрировали|регистрируй,регистрируйте|register,registers,registered,registered,registering|
3543|бронировать|стенд|бронирую,бронируешь,бронирует,бронируем,бронируете,бронируют|бронировал,бронировала,бронировали|бронируй,бронируйте|book,books,booked,booked,booking|a stand
3548|располагаться||располагаюсь,располагаешься,располагается,располагаемся,располагаетесь,располагаются|располагался,располагалась,располагались|располагайся,располагайтесь|be,is,was,been,being|located
3551|поставлять||поставляю,поставляешь,поставляет,поставляем,поставляете,поставляют|поставлял,поставляла,поставляли|поставляй,поставляйте|supply,supplies,supplied,supplied,supplying|
3560|посещать||посещаю,посещаешь,посещает,посещаем,посещаете,посещают|посещал,посещала,посещали|посещай,посещайте|visit,visits,visited,visited,visiting|
3577|подписаться|на газету|подпишусь,подпишешься,подпишется,подпишемся,подпишетесь,подпишутся|подписался,подписалась,подписались|подпишись,подпишитесь|subscribe,subscribes,subscribed,subscribed,subscribing|to a newspaper
3609|пахать||пашу,пашешь,пашет,пашем,пашете,пашут|пахал,пахала,пахали|паши,пашите|plow,plows,plowed,plowed,plowing|
3616|косить|траву|кошу,косишь,косит,косим,косите,косят|косил,косила,косили|коси,косите|mow,mows,mowed,mown,mowing|the grass
3618|копать||копаю,копаешь,копает,копаем,копаете,копают|копал,копала,копали|копай,копайте|dig,digs,dug,dug,digging|
3620|полоть||полю,полешь,полет,полем,полете,полют|полол,полола,пололи|поли,полите|weed,weeds,weeded,weeded,weeding|
3623|поливать||поливаю,поливаешь,поливает,поливаем,поливаете,поливают|поливал,поливала,поливали|поливай,поливайте|water,waters,watered,watered,watering|
3628|удобрять||удобряю,удобряешь,удобряет,удобряем,удобряете,удобряют|удобрял,удобряла,удобряли|удобряй,удобряйте|fertilize,fertilizes,fertilized,fertilized,fertilizing|
3634|пасти|скот|пасу,пасёшь,пасёт,пасём,пасёте,пасут|пас,пасла,пасли|паси,пасите|graze,grazes,grazed,grazed,grazing|cattle
3645|убирать|урожай|убираю,убираешь,убирает,убираем,убираете,убирают|убирал,убирала,убирали|убирай,убирайте|harvest,harvests,harvested,harvested,harvesting|
3648|молоть|зерно|мелю,мелешь,мелет,мелем,мелете,мелют|молол,молола,мололи|мели,мелите|grind,grinds,ground,ground,grinding|grain
3652|строить||строю,строишь,строит,строим,строите,строят|строил,строила,строили|строй,стройте|build,builds,built,built,building|
3670|штукатурить||штукатурю,штукатуришь,штукатурит,штукатурим,штукатурите,штукатурят|штукатурил,штукатурила,штукатурили|штукатурь,штукатурьте|plaster,plasters,plastered,plastered,plastering|
3675|поднимать||поднимаю,поднимаешь,поднимает,поднимаем,поднимаете,поднимают|поднимал,поднимала,поднимали|поднимай,поднимайте|lift,lifts,lifted,lifted,lifting|
3676|опускать||опускаю,опускаешь,опускает,опускаем,опускаете,опускают|опускал,опускала,опускали|опускай,опускайте|lower,lowers,lowered,lowered,lowering|
3680|копать|котлован|копаю,копаешь,копает,копаем,копаете,копают|копал,копала,копали|копай,копайте|dig,digs,dug,dug,digging|a pit
3697|исследовать||исследую,исследуешь,исследует,исследуем,исследуете,исследуют|исследовал,исследовала,исследовали|исследуй,исследуйте|research,researches,researched,researched,researching|
3707|прогнозировать||прогнозирую,прогнозируешь,прогнозирует,прогнозируем,прогнозируете,прогнозируют|прогнозировал,прогнозировала,прогнозировали|прогнозируй,прогнозируйте|forecast,forecasts,forecast,forecast,forecasting|
3738|уволить||уволю,уволишь,уволит,уволим,уволите,уволят|уволил,уволила,уволили|уволь,увольте|fire,fires,fired,fired,firing|
3758|основать||осную,оснуёшь,оснуёт,оснуём,оснуёте,оснуют|основал,основала,основали|основай,основайте|found,founds,founded,founded,founding|
4067|играть|в хоккей|играю,играешь,играет,играем,играете,играют|играл,играла,играли|играй,играйте|play,plays,played,played,playing|hockey
4082|играть|в футбол|играю,играешь,играет,играем,играете,играют|играл,играла,играли|играй,играйте|play,plays,played,played,playing|football
4109|пропустить|гол|пропущу,пропустишь,пропустит,пропустим,пропустите,пропустят|пропустил,пропустила,пропустили|пропусти,пропустите|concede,concedes,conceded,conceded,conceding|a goal
4113|нанести|удар|нанесу,нанесёшь,нанесёт,нанесём,нанесёте,нанесут|нанёс,нанесла,нанесли|нанеси,нанесите|strike,strikes,struck,struck,striking|a blow
4120|свистеть||свищу,свистишь,свистит,свистим,свистите,свистят|свистел,свистела,свистели|свисти,свистите|whistle,whistles,whistled,whistled,whistling|
4123|нарушить|правила|нарушу,нарушишь,нарушит,нарушим,нарушите,нарушат|нарушил,нарушила,нарушили|наруши,нарушите|break,breaks,broke,broken,breaking|the rules
4128|дисквалифицировать||дисквалифицирую,дисквалифицируешь,дисквалифицирует,дисквалифицируем,дисквалифицируете,дисквалифицируют|дисквалифицировал,дисквалифицировала,дисквалифицировали|дисквалифицируй,дисквалифицируйте|disqualify,disqualifies,disqualified,disqualified,disqualifying|
4131|забить||забью,забьёшь,забьёт,забьём,забьёте,забьют|забил,забила,забили|забей,забейте|score,scores,scored,scored,scoring|
4133|забить|гол|забью,забьёшь,забьёт,забьём,забьёте,забьют|забил,забила,забили|забей,забейте|score,scores,scored,scored,scoring|a goal
4135|заменить|игрока|заменю,заменишь,заменит,заменим,замените,заменят|заменил,заменила,заменили|замени,замените|substitute,substitutes,substituted,substituted,substituting|a player
4145|проиграть||проиграю,проиграешь,проиграет,проиграем,проиграете,проиграют|проиграл,проиграла,проиграли|проиграй,проиграйте|lose,loses,lost,lost,losing|
4147|сыграть|вничью|сыграю,сыграешь,сыграет,сыграем,сыграете,сыграют|сыграл,сыграла,сыграли|сыграй,сыграйте|draw,draws,drew,drawn,drawing|
4149|победить||одержу победу,победишь,победит,победим,победите,победят|победил,победила,победили|победи,победите|win,wins,won,won,winning|
4152|поздравлять||поздравляю,поздравляешь,поздравляет,поздравляем,поздравляете,поздравляют|поздравлял,поздравляла,поздравляли|поздравляй,поздравляйте|congratulate,congratulates,congratulated,congratulated,congratulating|
4154|комментировать||комментирую,комментируешь,комментирует,комментируем,комментируете,комментируют|комментировал,комментировала,комментировали|комментируй,комментируйте|comment,comments,commented,commented,commenting|on
4157|кататься|на лыжах|катаюсь,катаешься,катается,катаемся,катаетесь,катаются|катался,каталась,катались|катайся,катайтесь|ski,skis,skied,skied,skiing|
4172|подавать||подаю,подаёшь,подаёт,подаём,подаёте,подают|подавал,подавала,подавали|подавай,подавайте|pass,passes,passed,passed,passing|
4190|ходить||хожу,ходишь,ходит,ходим,ходите,ходят|ходил,ходила,ходили|ходи,ходите|move,moves,moved,moved,moving|
4191|пожертвовать|фигурой|пожертвую,пожертвуешь,пожертвует,пожертвуем,пожертвуете,пожертвуют|пожертвовал,пожертвовала,пожертвовали|пожертвуй,пожертвуйте|sacrifice,sacrifices,sacrificed,sacrificed,sacrificing|a piece
4209|нокаутировать||нокаутирую,нокаутируешь,нокаутирует,нокаутируем,нокаутируете,нокаутируют|нокаутировал,нокаутировала,нокаутировали|нокаутируй,нокаутируйте|knock,knocks,knocked,knocked,knocking|out
4217|побеждать||побеждаю,побеждаешь,побеждает,побеждаем,побеждаете,побеждают|побеждал,побеждала,побеждали|побеждай,побеждайте|win,wins,won,won,winning|
4218|выиграть||выиграю,выиграешь,выиграет,выиграем,выиграете,выиграют|выиграл,выиграла,выиграли|выиграй,выиграйте|win,wins,won,won,winning|
4220|лидировать||лидирую,лидируешь,лидирует,лидируем,лидируете,лидируют|лидировал,лидировала,лидировали|лидируй,лидируйте|lead,leads,led,led,leading|
4230|ставить|рекорд|ставлю,ставишь,ставит,ставим,ставите,ставят|ставил,ставила,ставили|ставь,ставьте|set,sets,set,set,setting|a record
4252|штрафовать||штрафую,штрафуешь,штрафует,штрафуем,штрафуете,штрафуют|штрафовал,штрафовала,штрафовали|штрафуй,штрафуйте|penalize,penalizes,penalized,penalized,penalizing|
4263|тренировать||тренирую,тренируешь,тренирует,тренируем,тренируете,тренируют|тренировал,тренировала,тренировали|тренируй,тренируйте|train,trains,trained,trained,training|
4264|тренироваться||тренируюсь,тренируешься,тренируется,тренируемся,тренируетесь,тренируются|тренировался,тренировалась,тренировались|тренируйся,тренируйтесь|practice,practices,practiced,practiced,practicing|
4275|учить||учу,учишь,учит,учим,учите,учат|учил,учила,учили|учи,учите|teach,teaches,taught,taught,teaching|
4276|учить||учу,учишь,учит,учим,учите,учат|учил,учила,учили|учи,учите|learn,learns,learned,learned,learning|
4277|учить|наизусть|учу,учишь,учит,учим,учите,учат|учил,учила,учили|учи,учите|learn,learns,learned,learned,learning|by heart
4278|учиться||учусь,учишься,учится,учимся,учитесь,учатся|учился,училась,учились|учись,учитесь|learn,learns,learned,learned,learning|
4279|учиться|в школе|учусь,учишься,учится,учимся,учитесь,учатся|учился,училась,учились|учись,учитесь|study,studies,studied,studied,studying|at school
4280|идти|в школу|иду,идёшь,идёт,идём,идёте,идут|шёл,шла,шли|иди,идите|go,goes,went,gone,going|to school
4292|ставить|отметку|ставлю,ставишь,ставит,ставим,ставите,ставят|ставил,ставила,ставили|ставь,ставьте|give,gives,gave,given,giving|a mark
4294|делать|ошибки|делаю,делаешь,делает,делаем,делаете,делают|делал,делала,делали|делай,делайте|make,makes,made,made,making|mistakes
4295|исправлять|ошибку|исправляю,исправляешь,исправляет,исправляем,исправляете,исправляют|исправлял,исправляла,исправляли|исправляй,исправляйте|correct,corrects,corrected,corrected,correcting|a mistake
4299|присутствовать||присутствую,присутствуешь,присутствует,присутствуем,присутствуете,присутствуют|присутствовал,присутствовала,присутствовали|присутствуй,присутствуйте|be,is,was,been,being|present
4301|пропускать|уроки|пропускаю,пропускаешь,пропускает,пропускаем,пропускаете,пропускают|пропускал,пропускала,пропускали|пропускай,пропускайте|miss,misses,missed,missed,missing|lessons
4315|чертить||черчу,чертишь,чертит,чертим,чертите,чертят|чертил,чертила,чертили|черти,чертите|draw,draws,drew,drawn,drawing|
4327|сдавать|экзамены|сдаю,сдаёшь,сдаёт,сдаём,сдаёте,сдают|сдавал,сдавала,сдавали|сдавай,сдавайте|take,takes,took,taken,taking|exams
4412|подчеркнуть||подчеркну,подчеркнёшь,подчеркнёт,подчеркнём,подчеркнёте,подчеркнут|подчеркнул,подчеркнула,подчеркнули|подчеркни,подчеркните|underline,underlines,underlined,underlined,underlining|
4417|учить|иностранный язык|учу,учишь,учит,учим,учите,учат|учил,учила,учили|учи,учите|learn,learns,learned,learned,learning|a foreign language
4419|говорить||говорю,говоришь,говорит,говорим,говорите,говорят|говорил,говорила,говорили|говори,говорите|speak,speaks,spoke,spoken,speaking|
4438|говорить|по буквам|говорю,говоришь,говорит,говорим,говорите,говорят|говорил,говорила,говорили|говори,говорите|spell,spells,spelled,spelled,spelling|
4446|записаться|на курсы|запишусь,запишешься,запишется,запишемся,запишетесь,запишутся|записался,записалась,записались|запишись,запишитесь|sign,signs,signed,signed,signing|up for a course
4485|гадать||гадаю,гадаешь,гадает,гадаем,гадаете,гадают|гадал,гадала,гадали|гадай,гадайте|tell,tells,told,told,telling|fortunes
4495|гастролировать||гастролирую,гастролируешь,гастролирует,гастролируем,гастролируете,гастролируют|гастролировал,гастролировала,гастролировали|гастролируй,гастролируйте|tour,tours,toured,toured,touring|
4496|репетировать||репетирую,репетируешь,репетирует,репетируем,репетируете,репетируют|репетировал,репетировала,репетировали|репетируй,репетируйте|rehearse,rehearses,rehearsed,rehearsed,rehearsing|
4517|хлопать||хлопаю,хлопаешь,хлопает,хлопаем,хлопаете,хлопают|хлопал,хлопала,хлопали|хлопай,хлопайте|applaud,applauds,applauded,applauded,applauding|
4546|играть|роль|играю,играешь,играет,играем,играете,играют|играл,играла,играли|играй,играйте|play,plays,played,played,playing|a role
4558|снимать|фильм|снимаю,снимаешь,снимает,снимаем,снимаете,снимают|снимал,снимала,снимали|снимай,снимайте|shoot,shoots,shot,shot,shooting|a film
4566|показывать|фильм|показываю,показываешь,показывает,показываем,показываете,показывают|показывал,показывала,показывали|показывай,показывайте|show,shows,showed,shown,showing|a film
4608|рисовать|карандашом|рисую,рисуешь,рисует,рисуем,рисуете,рисуют|рисовал,рисовала,рисовали|рисуй,рисуйте|draw,draws,drew,drawn,drawing|
4609|рисовать|красками|рисую,рисуешь,рисует,рисуем,рисуете,рисуют|рисовал,рисовала,рисовали|рисуй,рисуйте|paint,paints,painted,painted,painting|
4610|позировать||позирую,позируешь,позирует,позируем,позируете,позируют|позировал,позировала,позировали|позируй,позируйте|pose,poses,posed,posed,posing|
4622|реставрировать||реставрирую,реставрируешь,реставрирует,реставрируем,реставрируете,реставрируют|реставрировал,реставрировала,реставрировали|реставрируй,реставрируйте|restore,restores,restored,restored,restoring|
4668|жонглировать||жонглирую,жонглируешь,жонглирует,жонглируем,жонглируете,жонглируют|жонглировал,жонглировала,жонглировали|жонглируй,жонглируйте|juggle,juggles,juggled,juggled,juggling|
4671|дрессировать||дрессирую,дрессируешь,дрессирует,дрессируем,дрессируете,дрессируют|дрессировал,дрессировала,дрессировали|дрессируй,дрессируйте|train,trains,trained,trained,training|animals
4704|сочинить||сочиню,сочинишь,сочинит,сочиним,сочините,сочинят|сочинил,сочинила,сочинили|сочини,сочините|compose,composes,composed,composed,composing|
4721|быть|в отпуске|буду,будешь,будет,будем,будете,будут|был,была,были|будь,будьте|be,is,was,been,being|on vacation
4749|остановиться|в отеле|остановлюсь,остановишься,остановится,остановимся,остановитесь,остановятся|остановился,остановилась,остановились|остановись,остановитесь|stay,stays,stayed,stayed,staying|at a hotel
4753|бронировать|номер|бронирую,бронируешь,бронирует,бронируем,бронируете,бронируют|бронировал,бронировала,бронировали|бронируй,бронируйте|book,books,booked,booked,booking|a room
4778|написать|книгу|напишу,напишешь,напишет,напишем,напишете,напишут|написал,написала,написали|напиши,напишите|write,writes,wrote,written,writing|a book
4784|издавать|книгу|издаю,издаёшь,издаёт,издаём,издаёте,издают|издавал,издавала,издавали|издавай,издавайте|publish,publishes,published,published,publishing|a book
4788|выйти||выйду,выйдешь,выйдет,выйдем,выйдете,выйдут|вышел,вышла,вышли|выйди,выйдите|come,comes,came,come,coming|out
4827|переводить||перевожу,переводишь,переводит,переводим,переводите,переводят|переводил,переводила,переводили|переводи,переводите|translate,translates,translated,translated,translating|
4845|попасться|в капкан|попадусь,попадёшься,попадётся,попадёмся,попадётесь,попадутся|попался,попалась,попались|попадись,попадитесь|get,gets,got,got,getting|caught in a trap
4846|ставить|капкан|ставлю,ставишь,ставит,ставим,ставите,ставят|ставил,ставила,ставили|ставь,ставьте|set,sets,set,set,setting|a trap
4854|ловить|рыбу|ловлю,ловишь,ловит,ловим,ловите,ловят|ловил,ловила,ловили|лови,ловите|catch,catches,caught,caught,catching|fish
4860|забросить|удочку|заброшу,забросишь,забросит,забросим,забросите,забросят|забросил,забросила,забросили|забрось,забросьте|cast,casts,cast,cast,casting|a line
4861|клевать||клюю,клюёшь,клюёт,клюём,клюёте,клюют|клевал,клевала,клевали|клюй,клюйте|bite,bites,bit,bitten,biting|
4866|ловить|сетью|ловлю,ловишь,ловит,ловим,ловите,ловят|ловил,ловила,ловили|лови,ловите|catch,catches,caught,caught,catching|with a net
4867|забрасывать|сеть|забрасываю,забрасываешь,забрасывает,забрасываем,забрасываете,забрасывают|забрасывал,забрасывала,забрасывали|забрасывай,забрасывайте|cast,casts,cast,cast,casting|a net
4868|вытаскивать|сеть|вытаскиваю,вытаскиваешь,вытаскивает,вытаскиваем,вытаскиваете,вытаскивают|вытаскивал,вытаскивала,вытаскивали|вытаскивай,вытаскивайте|pull,pulls,pulled,pulled,pulling|in a net
4869|попасться|в сети|попадусь,попадёшься,попадётся,попадёмся,попадётесь,попадутся|попался,попалась,попались|попадись,попадитесь|get,gets,got,got,getting|caught in a net
4876|загнать|шар|загоню,загонишь,загонит,загоним,загоните,загонят|загнал,загнала,загнали|загони,загоните|pot,pots,potted,potted,potting|a ball
4892|сдавать|карты|сдаю,сдаёшь,сдаёт,сдаём,сдаёте,сдают|сдавал,сдавала,сдавали|сдавай,сдавайте|deal,deals,dealt,dealt,dealing|cards
4893|тасовать||тасую,тасуешь,тасует,тасуем,тасуете,тасуют|тасовал,тасовала,тасовали|тасуй,тасуйте|shuffle,shuffles,shuffled,shuffled,shuffling|
4899|делать|ставки|делаю,делаешь,делает,делаем,делаете,делают|делал,делала,делали|делай,делайте|place,places,placed,placed,placing|bets
4902|ставить|на красное|ставлю,ставишь,ставит,ставим,ставите,ставят|ставил,ставила,ставили|ставь,ставьте|bet,bets,bet,bet,betting|on red
4903|ставить|на чёрное|ставлю,ставишь,ставит,ставим,ставите,ставят|ставил,ставила,ставили|ставь,ставьте|bet,bets,bet,bet,betting|on black
4908|выиграть||выиграю,выиграешь,выиграет,выиграем,выиграете,выиграют|выиграл,выиграла,выиграли|выиграй,выиграйте|win,wins,won,won,winning|
4917|гулять||гуляю,гуляешь,гуляет,гуляем,гуляете,гуляют|гулял,гуляла,гуляли|гуляй,гуляйте|walk,walks,walked,walked,walking|
4926|коллекционировать||коллекционирую,коллекционируешь,коллекционирует,коллекционируем,коллекционируете,коллекционируют|коллекционировал,коллекционировала,коллекционировали|коллекционируй,коллекционируйте|collect,collects,collected,collected,collecting|
4938|смотреть|телевизор|смотрю,смотришь,смотрит,смотрим,смотрите,смотрят|смотрел,смотрела,смотрели|смотри,смотрите|watch,watches,watched,watched,watching|TV
4957|фотографировать||фотографирую,фотографируешь,фотографирует,фотографируем,фотографируете,фотографируют|фотографировал,фотографировала,фотографировали|фотографируй,фотографируйте|photograph,photographs,photographed,photographed,photographing|
4958|снимать||снимаю,снимаешь,снимает,снимаем,снимаете,снимают|снимал,снимала,снимали|снимай,снимайте|take,takes,took,taken,taking|pictures
4959|фотографироваться||фотографируюсь,фотографируешься,фотографируется,фотографируемся,фотографируетесь,фотографируются|фотографировался,фотографировалась,фотографировались|фотографируйся,фотографируйтесь|have,has,had,had,having|one's picture taken
4970|печатать||печатаю,печатаешь,печатает,печатаем,печатаете,печатают|печатал,печатала,печатали|печатай,печатайте|print,prints,printed,printed,printing|
4975|загорать||загораю,загораешь,загорает,загораем,загораете,загорают|загорал,загорала,загорали|загорай,загорайте|sunbathe,sunbathes,sunbathed,sunbathed,sunbathing|
4984|переодеваться||переодеваюсь,переодеваешься,переодевается,переодеваемся,переодеваетесь,переодеваются|переодевался,переодевалась,переодевались|переодевайся,переодевайтесь|change,changes,changed,changed,changing|clothes
4996|нырять||ныряю,ныряешь,ныряет,ныряем,ныряете,ныряют|нырял,ныряла,ныряли|ныряй,ныряйте|dive,dives,dived,dived,diving|
5003|купаться||купаюсь,купаешься,купается,купаемся,купаетесь,купаются|купался,купалась,купались|купайся,купайтесь|swim,swims,swam,swum,swimming|
5005|надувать||надуваю,надуваешь,надувает,надуваем,надуваете,надувают|надувал,надувала,надували|надувай,надувайте|inflate,inflates,inflated,inflated,inflating|
5009|тонуть||тону,тонешь,тонет,тонем,тонете,тонут|тонул,тонула,тонули|тони,тоните|drown,drowns,drowned,drowned,drowning|
5016|включить||включу,включишь,включит,включим,включите,включат|включил,включила,включили|включи,включите|turn,turns,turned,turned,turning|on
5017|выключить||выключу,выключишь,выключит,выключим,выключите,выключат|выключил,выключила,выключили|выключи,выключите|turn,turns,turned,turned,turning|off
5032|открыть||открою,откроешь,откроет,откроем,откроете,откроют|открыл,открыла,открыли|открой,откройте|open,opens,opened,opened,opening|
5033|закрыть||закрою,закроешь,закроет,закроем,закроете,закроют|закрыл,закрыла,закрыли|закрой,закройте|close,closes,closed,closed,closing|
5034|сохранить||сохраню,сохранишь,сохранит,сохраним,сохраните,сохранят|сохранил,сохранила,сохранили|сохрани,сохраните|save,saves,saved,saved,saving|
5035|удалить||удалю,удалишь,удалит,удалим,удалите,удалят|удалил,удалила,удалили|удали,удалите|delete,deletes,deleted,deleted,deleting|
5036|скопировать||скопирую,скопируешь,скопирует,скопируем,скопируете,скопируют|скопировал,скопировала,скопировали|скопируй,скопируйте|copy,copies,copied,copied,copying|
5037|сортировать||сортирую,сортируешь,сортирует,сортируем,сортируете,сортируют|сортировал,сортировала,сортировали|сортируй,сортируйте|sort,sorts,sorted,sorted,sorting|
5038|переписать|файл|перепишу,перепишешь,перепишет,перепишем,перепишете,перепишут|переписал,переписала,переписали|перепиши,перепишите|overwrite,overwrites,overwrote,overwritten,overwriting|a file
5042|программировать||программирую,программируешь,программирует,программируем,программируете,программируют|программировал,программировала,программировали|программируй,программируйте|program,programs,programmed,programmed,programming|
5046|обнаружить||обнаружу,обнаружишь,обнаружит,обнаружим,обнаружите,обнаружат|обнаружил,обнаружила,обнаружили|обнаружь,обнаружьте|detect,detects,detected,detected,detecting|
5052|отсоединить||отсоединю,отсоединишь,отсоединит,отсоединим,отсоедините,отсоединят|отсоединил,отсоединила,отсоединили|отсоедини,отсоедините|disconnect,disconnects,disconnected,disconnected,disconnecting|
5053|подсоединить||подсоединю,подсоединишь,подсоединит,подсоединим,подсоедините,подсоединят|подсоединил,подсоединила,подсоединили|подсоедини,подсоедините|connect,connects,connected,connected,connecting|
5070|отправить||отправлю,отправишь,отправит,отправим,отправите,отправят|отправил,отправила,отправили|отправь,отправьте|send,sends,sent,sent,sending|
5073|получить||получу,получишь,получит,получим,получите,получат|получил,получила,получили|получи,получите|receive,receives,received,received,receiving|
5075|переписываться||переписываюсь,переписываешься,переписывается,переписываемся,переписываетесь,переписываются|переписывался,переписывалась,переписывались|переписывайся,переписывайтесь|correspond,corresponds,corresponded,corresponded,corresponding|
5077|скачать||скачаю,скачаешь,скачает,скачаем,скачаете,скачают|скачал,скачала,скачали|скачай,скачайте|download,downloads,downloaded,downloaded,downloading|
5087|подключиться||подключусь,подключишься,подключится,подключимся,подключитесь,подключатся|подключился,подключилась,подключились|подключись,подключитесь|connect,connects,connected,connected,connecting|
5089|искать||ищу,ищешь,ищет,ищем,ищете,ищут|искал,искала,искали|ищи,ищите|search,searches,searched,searched,searching|for
5099|включать||включаю,включаешь,включает,включаем,включаете,включают|включал,включала,включали|включай,включайте|turn,turns,turned,turned,turning|on
5100|выключать||выключаю,выключаешь,выключает,выключаем,выключаете,выключают|выключал,выключала,выключали|выключай,выключайте|turn,turns,turned,turned,turning|off
5101|погасить|свет|погашу,погасишь,погасит,погасим,погасите,погасят|погасил,погасила,погасили|погаси,погасите|turn,turns,turned,turned,turning|off the light
5102|перегореть||перегорю,перегоришь,перегорит,перегорим,перегорите,перегорят|перегорел,перегорела,перегорели|перегори,перегорите|burn,burns,burned,burned,burning|out
5120|паять||паяю,паяешь,паяет,паяем,паяете,паяют|паял,паяла,паяли|паяй,паяйте|solder,solders,soldered,soldered,soldering|
5130|пилить||пилю,пилишь,пилит,пилим,пилите,пилят|пилил,пилила,пилили|пили,пилите|saw,saws,sawed,sawn,sawing|
5132|строгать||строгаю,строгаешь,строгает,строгаем,строгаете,строгают|строгал,строгала,строгали|строгай,строгайте|plane,planes,planed,planed,planing|
5141|сверлить||сверлю,сверлишь,сверлит,сверлим,сверлите,сверлят|сверлил,сверлила,сверлили|сверли,сверлите|drill,drills,drilled,drilled,drilling|
5148|затупиться||затуплюсь,затупишься,затупится,затупимся,затупитесь,затупятся|затупился,затупилась,затупились|затупись,затупитесь|become,becomes,became,become,becoming|blunt
5149|точить||точу,точишь,точит,точим,точите,точат|точил,точила,точили|точи,точите|sharpen,sharpens,sharpened,sharpened,sharpening|
5161|измерять||измеряю,измеряешь,измеряет,измеряем,измеряете,измеряют|измерял,измеряла,измеряли|измеряй,измеряйте|measure,measures,measured,measured,measuring|
5184|закручивать||закручиваю,закручиваешь,закручивает,закручиваем,закручиваете,закручивают|закручивал,закручивала,закручивали|закручивай,закручивайте|screw,screws,screwed,screwed,screwing|in
5185|откручивать||откручиваю,откручиваешь,откручивает,откручиваем,откручиваете,откручивают|откручивал,откручивала,откручивали|откручивай,откручивайте|unscrew,unscrews,unscrewed,unscrewed,unscrewing|
5186|зажимать||зажимаю,зажимаешь,зажимает,зажимаем,зажимаете,зажимают|зажимал,зажимала,зажимали|зажимай,зажимайте|clamp,clamps,clamped,clamped,clamping|
5187|приклеивать||приклеиваю,приклеиваешь,приклеивает,приклеиваем,приклеиваете,приклеивают|приклеивал,приклеивала,приклеивали|приклеивай,приклеивайте|glue,glues,glued,glued,gluing|
5188|резать||режу,режешь,режет,режем,режете,режут|резал,резала,резали|режь,режьте|cut,cuts,cut,cut,cutting|
5192|регулировать||регулирую,регулируешь,регулирует,регулируем,регулируете,регулируют|регулировал,регулировала,регулировали|регулируй,регулируйте|adjust,adjusts,adjusted,adjusted,adjusting|
5193|проверять||проверяю,проверяешь,проверяет,проверяем,проверяете,проверяют|проверял,проверяла,проверяли|проверяй,проверяйте|check,checks,checked,checked,checking|
5198|ржаветь||ржавею,ржавеешь,ржавеет,ржавеем,ржавеете,ржавеют|ржавел,ржавела,ржавели|ржавей,ржавейте|rust,rusts,rusted,rusted,rusting|
5227|взлетать||взлетаю,взлетаешь,взлетает,взлетаем,взлетаете,взлетают|взлетал,взлетала,взлетали|взлетай,взлетайте|take,takes,took,taken,taking|off
5267|отходить||отхожу,отходишь,отходит,отходим,отходите,отходят|отходил,отходила,отходили|отходи,отходите|depart,departs,departed,departed,departing|
5269|прибывать||прибываю,прибываешь,прибывает,прибываем,прибываете,прибывают|прибывал,прибывала,прибывали|прибывай,прибывайте|arrive,arrives,arrived,arrived,arriving|
5271|приехать|поездом|приеду,приедешь,приедет,приедем,приедете,приедут|приехал,приехала,приехали|приезжай,приезжайте|arrive,arrives,arrived,arrived,arriving|by train
5272|сесть|на поезд|сяду,сядешь,сядет,сядем,сядете,сядут|сел,села,сели|сядь,сядьте|get,gets,got,got,getting|on a train
5273|сойти|с поезда|сойду,сойдёшь,сойдёт,сойдём,сойдёте,сойдут|сошёл,сошла,сошли|сойди,сойдите|get,gets,got,got,getting|off a train
5275|сойти|с рельсов|сойду,сойдёшь,сойдёт,сойдём,сойдёте,сойдут|сошёл,сошла,сошли|сойди,сойдите|derail,derails,derailed,derailed,derailing|
5328|поднять|якорь|подниму,поднимешь,поднимет,поднимем,поднимете,поднимут|поднял,подняла,подняли|подними,поднимите|weigh,weighs,weighed,weighed,weighing|anchor
5329|бросить|якорь|брошу,бросишь,бросит,бросим,бросите,бросят|бросил,бросила,бросили|брось,бросьте|drop,drops,dropped,dropped,dropping|anchor
5333|причаливать||причаливаю,причаливаешь,причаливает,причаливаем,причаливаете,причаливают|причаливал,причаливала,причаливали|причаливай,причаливайте|moor,moors,moored,moored,mooring|
5334|отчаливать||отчаливаю,отчаливаешь,отчаливает,отчаливаем,отчаливаете,отчаливают|отчаливал,отчаливала,отчаливали|отчаливай,отчаливайте|cast,casts,cast,cast,casting|off
5341|сесть|на мель|сяду,сядешь,сядет,сядем,сядете,сядут|сел,села,сели|сядь,сядьте|run,runs,ran,run,running|aground
5344|тонуть||тону,тонешь,тонет,тонем,тонете,тонут|тонул,тонула,тонули|тони,тоните|sink,sinks,sank,sunk,sinking|
5352|прилететь||прилечу,прилетишь,прилетит,прилетим,прилетите,прилетят|прилетел,прилетела,прилетели|прилети,прилетите|arrive,arrives,arrived,arrived,arriving|by plane
5355|задерживаться||задерживаюсь,задерживаешься,задерживается,задерживаемся,задерживаетесь,задерживаются|задерживался,задерживалась,задерживались|задерживайся,задерживайтесь|be,is,was,been,being|delayed
5359|объявлять||объявляю,объявляешь,объявляет,объявляем,объявляете,объявляют|объявлял,объявляла,объявляли|объявляй,объявляйте|announce,announces,announced,announced,announcing|
5364|заполнить|декларацию|заполню,заполнишь,заполнит,заполним,заполните,заполнят|заполнил,заполнила,заполнили|заполни,заполните|fill,fills,filled,filled,filling|in a declaration
5372|садиться||сажусь,садишься,садится,садимся,садитесь,садятся|садился,садилась,садились|садись,садитесь|land,lands,landed,landed,landing|
5376|зарегистрироваться||зарегистрируюсь,зарегистрируешься,зарегистрируется,зарегистрируемся,зарегистрируетесь,зарегистрируются|зарегистрировался,зарегистрировалась,зарегистрировались|зарегистрируйся,зарегистрируйтесь|check,checks,checked,checked,checking|in
5382|провожать||провожаю,провожаешь,провожает,провожаем,провожаете,провожают|провожал,провожала,провожали|провожай,провожайте|see,sees,saw,seen,seeing|off
5387|ехать|на велосипеде|еду,едешь,едет,едем,едете,едут|ехал,ехала,ехали|езжай,езжайте|ride,rides,rode,ridden,riding|a bicycle
5440|тормозить||торможу,тормозишь,тормозит,тормозим,тормозите,тормозят|тормозил,тормозила,тормозили|тормози,тормозите|brake,brakes,braked,braked,braking|
5487|пристегнуть|ремень|пристегну,пристегнёшь,пристегнёт,пристегнём,пристегнёте,пристегнут|пристегнул,пристегнула,пристегнули|пристегни,пристегните|fasten,fastens,fastened,fastened,fastening|the seat belt
5493|включить|приёмник|включу,включишь,включит,включим,включите,включат|включил,включила,включили|включи,включите|turn,turns,turned,turned,turning|on the radio
5527|врезаться||врежусь,врежешься,врежется,врежемся,врежетесь,врежутся|врезался,врезалась,врезались|врежься,врежьтесь|crash,crashes,crashed,crashed,crashing|into
5528|разбиться||разобьюсь,разобьёшься,разобьётся,разобьёмся,разобьётесь,разобьются|разбился,разбилась,разбились|разбейся,разбейтесь|crash,crashes,crashed,crashed,crashing|
5531|сломаться||сломаюсь,сломаешься,сломается,сломаемся,сломаетесь,сломаются|сломался,сломалась,сломались|сломайся,сломайтесь|break,breaks,broke,broken,breaking|down
5534|спустить||спущу,спустишь,спустит,спустим,спустите,спустят|спустил,спустила,спустили|спусти,спустите|go,goes,went,gone,going|flat
5535|накачивать|шину|накачиваю,накачиваешь,накачивает,накачиваем,накачиваете,накачивают|накачивал,накачивала,накачивали|накачивай,накачивайте|pump,pumps,pumped,pumped,pumping|up a tire
5537|проверить||проверю,проверишь,проверит,проверим,проверите,проверят|проверил,проверила,проверили|проверь,проверьте|check,checks,checked,checked,checking|
5557|глохнуть||глохну,глохнешь,глохнет,глохнем,глохнете,глохнут|глох,глохла,глохли|глохни,глохните|stall,stalls,stalled,stalled,stalling|
5559|быть|сломанным|буду,будешь,будет,будем,будете,будут|был,была,были|будь,будьте|be,is,was,been,being|broken
5560|перегреться||перегреюсь,перегреешься,перегреется,перегреемся,перегреетесь,перегреются|перегрелся,перегрелась,перегрелись|перегрейся,перегрейтесь|overheat,overheats,overheated,overheated,overheating|
5562|замёрзнуть||замёрзну,замёрзнешь,замёрзнет,замёрзнем,замёрзнете,замёрзнут|замёрз,замёрзла,замёрзли|замёрзни,замёрзните|freeze,freezes,froze,frozen,freezing|
5563|лопнуть||лопну,лопнешь,лопнет,лопнем,лопнете,лопнут|лопнул,лопнула,лопнули|лопни,лопните|burst,bursts,burst,burst,bursting|
5585|заправить|машину|заправлю,заправишь,заправит,заправим,заправите,заправят|заправил,заправила,заправили|заправь,заправьте|fill,fills,filled,filled,filling|up the car
5595|вести|автомобиль|веду,ведёшь,ведёт,ведём,ведёте,ведут|вёл,вела,вели|веди,ведите|drive,drives,drove,driven,driving|a car
5597|разворачиваться||разворачиваюсь,разворачиваешься,разворачивается,разворачиваемся,разворачиваетесь,разворачиваются|разворачивался,разворачивалась,разворачивались|разворачивайся,разворачивайтесь|turn,turns,turned,turned,turning|around
5599|сигналить||сигналю,сигналишь,сигналит,сигналим,сигналите,сигналят|сигналил,сигналила,сигналили|сигналь,сигнальте|honk,honks,honked,honked,honking|
5601|застрять||застряну,застрянешь,застрянет,застрянем,застрянете,застрянут|застрял,застряла,застряли|застрянь,застряньте|get,gets,got,got,getting|stuck
5602|буксовать||буксую,буксуешь,буксует,буксуем,буксуете,буксуют|буксовал,буксовала,буксовали|буксуй,буксуйте|spin,spins,spun,spun,spinning|the wheels
5603|глушить|мотор|глушу,глушишь,глушит,глушим,глушите,глушат|глушил,глушила,глушили|глуши,глушите|turn,turns,turned,turned,turning|off the engine
5605|увеличить|скорость|увеличу,увеличишь,увеличит,увеличим,увеличите,увеличат|увеличил,увеличила,увеличили|увеличь,увеличьте|increase,increases,increased,increased,increasing|speed
5634|праздновать||праздную,празднуешь,празднует,празднуем,празднуете,празднуют|праздновал,праздновала,праздновали|празднуй,празднуйте|celebrate,celebrates,celebrated,celebrated,celebrating|
5642|отметить||отмечу,отметишь,отметит,отметим,отметите,отметят|отметил,отметила,отметили|отметь,отметьте|celebrate,celebrates,celebrated,celebrated,celebrating|
5655|идти|в гости|иду,идёшь,идёт,идём,идёте,идут|шёл,шла,шли|иди,идите|visit,visits,visited,visited,visiting|someone
5656|встречать|гостей|встречаю,встречаешь,встречает,встречаем,встречаете,встречают|встречал,встречала,встречали|встречай,встречайте|welcome,welcomes,welcomed,welcomed,welcoming|guests
5658|дарить||дарю,даришь,дарит,дарим,дарите,дарят|дарил,дарила,дарили|дари,дарите|give,gives,gave,given,giving|a gift
5659|получать|подарки|получаю,получаешь,получает,получаем,получаете,получают|получал,получала,получали|получай,получайте|receive,receives,received,received,receiving|gifts
5664|отправить|открытку|отправлю,отправишь,отправит,отправим,отправите,отправят|отправил,отправила,отправили|отправь,отправьте|send,sends,sent,sent,sending|a card
5665|получить|открытку|получу,получишь,получит,получим,получите,получат|получил,получила,получили|получи,получите|receive,receives,received,received,receiving|a card
5667|угощать||угощаю,угощаешь,угощает,угощаем,угощаете,угощают|угощал,угощала,угощали|угощай,угощайте|treat,treats,treated,treated,treating|
5673|танцевать||танцую,танцуешь,танцует,танцуем,танцуете,танцуют|танцевал,танцевала,танцевали|танцуй,танцуйте|dance,dances,danced,danced,dancing|
5686|хоронить||хороню,хоронишь,хоронит,хороним,хороните,хоронят|хоронил,хоронила,хоронили|хорони,хороните|bury,buries,buried,buried,burying|
5698|рыдать||рыдаю,рыдаешь,рыдает,рыдаем,рыдаете,рыдают|рыдал,рыдала,рыдали|рыдай,рыдайте|sob,sobs,sobbed,sobbed,sobbing|
5728|патрулировать||патрулирую,патрулируешь,патрулирует,патрулируем,патрулируете,патрулируют|патрулировал,патрулировала,патрулировали|патрулируй,патрулируйте|patrol,patrols,patrolled,patrolled,patrolling|
5736|дезертировать||дезертирую,дезертируешь,дезертирует,дезертируем,дезертируете,дезертируют|дезертировал,дезертировала,дезертировали|дезертируй,дезертируйте|desert,deserts,deserted,deserted,deserting|
5744|воевать||воюю,воюешь,воюет,воюем,воюете,воюют|воевал,воевала,воевали|воюй,воюйте|wage,wages,waged,waged,waging|war
5748|объявить|войну|объявлю,объявишь,объявит,объявим,объявите,объявят|объявил,объявила,объявили|объяви,объявите|declare,declares,declared,declared,declaring|war
5750|нападать||нападаю,нападаешь,нападает,нападаем,нападаете,нападают|нападал,нападала,нападали|нападай,нападайте|attack,attacks,attacked,attacked,attacking|
5751|захватывать||захватываю,захватываешь,захватывает,захватываем,захватываете,захватывают|захватывал,захватывала,захватывали|захватывай,захватывайте|seize,seizes,seized,seized,seizing|
5755|оборонять||обороняю,обороняешь,обороняет,обороняем,обороняете,обороняют|оборонял,обороняла,обороняли|обороняй,обороняйте|defend,defends,defended,defended,defending|
5756|обороняться||обороняюсь,обороняешься,обороняется,обороняемся,обороняетесь,обороняются|оборонялся,оборонялась,оборонялись|обороняйся,обороняйтесь|defend,defends,defended,defended,defending|oneself
5769|штурмовать||штурмую,штурмуешь,штурмует,штурмуем,штурмуете,штурмуют|штурмовал,штурмовала,штурмовали|штурмуй,штурмуйте|storm,storms,stormed,stormed,storming|
5772|наступать||наступаю,наступаешь,наступает,наступаем,наступаете,наступают|наступал,наступала,наступали|наступай,наступайте|advance,advances,advanced,advanced,advancing|
5774|отступать||отступаю,отступаешь,отступает,отступаем,отступаете,отступают|отступал,отступала,отступали|отступай,отступайте|retreat,retreats,retreated,retreated,retreating|
5776|окружать||окружаю,окружаешь,окружает,окружаем,окружаете,окружают|окружал,окружала,окружали|окружай,окружайте|surround,surrounds,surrounded,surrounded,surrounding|
5778|сбросить|бомбу|сброшу,сбросишь,сбросит,сбросим,сбросите,сбросят|сбросил,сбросила,сбросили|сбрось,сбросьте|drop,drops,dropped,dropped,dropping|a bomb
5779|бомбить||бомблю,бомбишь,бомбит,бомбим,бомбите,бомбят|бомбил,бомбила,бомбили|бомби,бомбите|bomb,bombs,bombed,bombed,bombing|
5782|выстрелить||выстрелю,выстрелишь,выстрелит,выстрелим,выстрелите,выстрелят|выстрелил,выстрелила,выстрелили|выстрели,выстрелите|fire,fires,fired,fired,firing|a shot
5784|навести|орудие|наведу,наведёшь,наведёт,наведём,наведёте,наведут|навёл,навела,навели|наведи,наведите|aim,aims,aimed,aimed,aiming|a gun
5785|попасть|в цель|попаду,попадёшь,попадёт,попадём,попадёте,попадут|попал,попала,попали|попади,попадите|hit,hits,hit,hit,hitting|the target
5786|потопить||потоплю,потопишь,потопит,потопим,потопите,потопят|потопил,потопила,потопили|потопи,потопите|sink,sinks,sank,sunk,sinking|
5792|эвакуировать||эвакуирую,эвакуируешь,эвакуирует,эвакуируем,эвакуируете,эвакуируют|эвакуировал,эвакуировала,эвакуировали|эвакуируй,эвакуируйте|evacuate,evacuates,evacuated,evacuated,evacuating|
5797|ранить||раню,ранишь,ранит,раним,раните,ранят|ранил,ранила,ранили|рань,раньте|wound,wounds,wounded,wounded,wounding|
5800|получить|ранение|получу,получишь,получит,получим,получите,получат|получил,получила,получили|получи,получите|get,gets,got,got,getting|wounded
5803|взять|в плен|возьму,возьмёшь,возьмёт,возьмём,возьмёте,возьмут|взял,взяла,взяли|возьми,возьмите|take,takes,took,taken,taking|prisoner
5804|быть|в плену|буду,будешь,будет,будем,будете,будут|был,была,были|будь,будьте|be,is,was,been,being|in captivity
5805|попасть|в плен|попаду,попадёшь,попадёт,попадём,попадёте,попадут|попал,попала,попали|попади,попадите|be,is,was,been,being|taken prisoner
5808|бежать|из плена|бегу,бежишь,бежит,бежим,бежите,бегут|бежал,бежала,бежали|беги,бегите|escape,escapes,escaped,escaped,escaping|from captivity
5809|предать||предам,предашь,предаст,предадим,предадите,предадут|предал,предала,предали|предай,предайте|betray,betrays,betrayed,betrayed,betraying|
5812|расстрелять||расстреляю,расстреляешь,расстреляет,расстреляем,расстреляете,расстреляют|расстрелял,расстреляла,расстреляли|расстреляй,расстреляйте|execute,executes,executed,executed,executing|by shooting
5822|заминировать||заминирую,заминируешь,заминирует,заминируем,заминируете,заминируют|заминировал,заминировала,заминировали|заминируй,заминируйте|mine,mines,mined,mined,mining|
5840|разрушать||разрушаю,разрушаешь,разрушает,разрушаем,разрушаете,разрушают|разрушал,разрушала,разрушали|разрушай,разрушайте|destroy,destroys,destroyed,destroyed,destroying|
5841|выжить||выживу,выживешь,выживет,выживем,выживете,выживут|выжил,выжила,выжили|выживи,выживите|survive,survives,survived,survived,surviving|
5842|обезоружить||обезоружу,обезоружишь,обезоружит,обезоружим,обезоружите,обезоружат|обезоружил,обезоружила,обезоружили|обезоружь,обезоружьте|disarm,disarms,disarmed,disarmed,disarming|
5843|обращаться|с оружием|обращаюсь,обращаешься,обращается,обращаемся,обращаетесь,обращаются|обращался,обращалась,обращались|обращайся,обращайтесь|handle,handles,handled,handled,handling|weapons
5850|награждать||награждаю,награждаешь,награждает,награждаем,награждаете,награждают|награждал,награждала,награждали|награждай,награждайте|award,awards,awarded,awarded,awarding|
5859|маршировать||марширую,маршируешь,марширует,маршируем,маршируете,маршируют|маршировал,маршировала,маршировали|маршируй,маршируйте|march,marches,marched,marched,marching|
5900|заряжать|оружие|заряжаю,заряжаешь,заряжает,заряжаем,заряжаете,заряжают|заряжал,заряжала,заряжали|заряжай,заряжайте|load,loads,loaded,loaded,loading|a weapon
5929|приручать||приручаю,приручаешь,приручает,приручаем,приручаете,приручают|приручал,приручала,приручали|приручай,приручайте|tame,tames,tamed,tamed,taming|
5931|поклоняться||поклоняюсь,поклоняешься,поклоняется,поклоняемся,поклоняетесь,поклоняются|поклонялся,поклонялась,поклонялись|поклоняйся,поклоняйтесь|worship,worships,worshipped,worshipped,worshipping|
5937|приспосабливаться||приспосабливаюсь,приспосабливаешься,приспосабливается,приспосабливаемся,приспосабливаетесь,приспосабливаются|приспосабливался,приспосабливалась,приспосабливались|приспосабливайся,приспосабливайтесь|adapt,adapts,adapted,adapted,adapting|
5981|завоевать||завоюю,завоюешь,завоюет,завоюем,завоюете,завоюют|завоевал,завоевала,завоевали|завоюй,завоюйте|conquer,conquers,conquered,conquered,conquering|
5982|захватить||захвачу,захватишь,захватит,захватим,захватите,захватят|захватил,захватила,захватили|захвати,захватите|seize,seizes,seized,seized,seizing|
5985|осаждать||осаждаю,осаждаешь,осаждает,осаждаем,осаждаете,осаждают|осаждал,осаждала,осаждали|осаждай,осаждайте|besiege,besieges,besieged,besieged,besieging|
5999|открыть||открою,откроешь,откроет,откроем,откроете,откроют|открыл,открыла,открыли|открой,откройте|discover,discovers,discovered,discovered,discovering|
6049|указать|направление|укажу,укажешь,укажет,укажем,укажете,укажут|указал,указала,указали|укажи,укажите|show,shows,showed,shown,showing|the way
6055|поворачивать||поворачиваю,поворачиваешь,поворачивает,поворачиваем,поворачиваете,поворачивают|поворачивал,поворачивала,поворачивали|поворачивай,поворачивайте|turn,turns,turned,turned,turning|
6056|разворачиваться||разворачиваюсь,разворачиваешься,разворачивается,разворачиваемся,разворачиваетесь,разворачиваются|разворачивался,разворачивалась,разворачивались|разворачивайся,разворачивайтесь|turn,turns,turned,turned,turning|around
6057|виднеться||виднеюсь,виднеешься,виднеется,виднеемся,виднеетесь,виднеются|виднелся,виднелась,виднелись|виднейся,виднейтесь|be,is,was,been,being|visible
6058|показаться||покажусь,покажешься,покажется,покажемся,покажетесь,покажутся|показался,показалась,показались|покажись,покажитесь|appear,appears,appeared,appeared,appearing|
6060|отдохнуть||отдохну,отдохнёшь,отдохнёт,отдохнём,отдохнёте,отдохнут|отдохнул,отдохнула,отдохнули|отдохни,отдохните|rest,rests,rested,rested,resting|
6061|заблудиться||заблужусь,заблудишься,заблудится,заблудимся,заблудитесь,заблудятся|заблудился,заблудилась,заблудились|заблудись,заблудитесь|get,gets,got,got,getting|lost
6070|обогнать||обгоню,обгонишь,обгонит,обгоним,обгоните,обгонят|обогнал,обогнала,обогнали|обгони,обгоните|overtake,overtakes,overtook,overtaken,overtaking|
6073|перегородить|дорогу|перегорожу,перегородишь,перегородит,перегородим,перегородите,перегородят|перегородил,перегородила,перегородили|перегороди,перегородите|block,blocks,blocked,blocked,blocking|the road
6080|воровать||ворую,воруешь,ворует,воруем,воруете,воруют|воровал,воровала,воровали|воруй,воруйте|steal,steals,stole,stolen,stealing|
6082|похитить||похищу,похитишь,похитит,похитим,похитите,похитят|похитил,похитила,похитили|похити,похитите|kidnap,kidnaps,kidnapped,kidnapped,kidnapping|
6086|требовать|выкуп|требую,требуешь,требует,требуем,требуете,требуют|требовал,требовала,требовали|требуй,требуйте|demand,demands,demanded,demanded,demanding|a ransom
6087|грабить||граблю,грабишь,грабит,грабим,грабите,грабят|грабил,грабила,грабили|грабь,грабьте|rob,robs,robbed,robbed,robbing|
6089|вымогать||вымогаю,вымогаешь,вымогает,вымогаем,вымогаете,вымогают|вымогал,вымогала,вымогали|вымогай,вымогайте|extort,extorts,extorted,extorted,extorting|
6092|убить||убью,убьёшь,убьёт,убьём,убьёте,убьют|убил,убила,убили|убей,убейте|kill,kills,killed,killed,killing|
6097|застрелить||застрелю,застрелишь,застрелит,застрелим,застрелите,застрелят|застрелил,застрелила,застрелили|застрели,застрелите|shoot,shoots,shot,shot,shooting|dead
6103|повредить||поврежу,повредишь,повредит,повредим,повредите,повредят|повредил,повредила,повредили|повреди,повредите|damage,damages,damaged,damaged,damaging|
6108|бить||бью,бьёшь,бьёт,бьём,бьёте,бьют|бил,била,били|бей,бейте|hit,hits,hit,hit,hitting|
6109|избить||изобью,изобьёшь,изобьёт,изобьём,изобьёте,изобьют|избил,избила,избили|избей,избейте|beat,beats,beat,beaten,beating|up
6110|отнять||отниму,отнимешь,отнимет,отнимем,отнимете,отнимут|отнял,отняла,отняли|отними,отнимите|take,takes,took,taken,taking|away
6111|зарезать||зарежу,зарежешь,зарежет,зарежем,зарежете,зарежут|зарезал,зарезала,зарезали|зарежь,зарежьте|stab,stabs,stabbed,stabbed,stabbing|to death
6112|изувечить||изувечу,изувечишь,изувечит,изувечим,изувечите,изувечат|изувечил,изувечила,изувечили|изувечь,изувечьте|maim,maims,maimed,maimed,maiming|
6115|шантажировать||шантажирую,шантажируешь,шантажирует,шантажируем,шантажируете,шантажируют|шантажировал,шантажировала,шантажировали|шантажируй,шантажируйте|blackmail,blackmails,blackmailed,blackmailed,blackmailing|
6126|подделывать||подделываю,подделываешь,подделывает,подделываем,подделываете,подделывают|подделывал,подделывала,подделывали|подделывай,подделывайте|forge,forges,forged,forged,forging|
6129|изнасиловать||изнасилую,изнасилуешь,изнасилует,изнасилуем,изнасилуете,изнасилуют|изнасиловал,изнасиловала,изнасиловали|изнасилуй,изнасилуйте|rape,rapes,raped,raped,raping|
6137|взорвать||взорву,взорвёшь,взорвёт,взорвём,взорвёте,взорвут|взорвал,взорвала,взорвали|взорви,взорвите|blow,blows,blew,blown,blowing|up
6144|обмануть||обману,обманешь,обманет,обманем,обманете,обманут|обманул,обманула,обманули|обмани,обманите|deceive,deceives,deceived,deceived,deceiving|
6147|подкупить||подкуплю,подкупишь,подкупит,подкупим,подкупите,подкупят|подкупил,подкупила,подкупили|подкупи,подкупите|bribe,bribes,bribed,bribed,bribing|
6151|отравить||отравлю,отравишь,отравит,отравим,отравите,отравят|отравил,отравила,отравили|отрави,отравите|poison,poisons,poisoned,poisoned,poisoning|
6152|отравиться||отравлюсь,отравишься,отравится,отравимся,отравитесь,отравятся|отравился,отравилась,отравились|отравись,отравитесь|poison,poisons,poisoned,poisoned,poisoning|oneself
6157|покушаться|на жизнь|покушаюсь,покушаешься,покушается,покушаемся,покушаетесь,покушаются|покушался,покушалась,покушались|покушайся,покушайтесь|attempt,attempts,attempted,attempted,attempting|on someone's life
6159|угнать|автомобиль|угоню,угонишь,угонит,угоним,угоните,угонят|угнал,угнала,угнали|угони,угоните|steal,steals,stole,stolen,stealing|a car
6160|угнать|самолёт|угоню,угонишь,угонит,угоним,угоните,угонят|угнал,угнала,угнали|угони,угоните|hijack,hijacks,hijacked,hijacked,hijacking|a plane
6163|пытать||пытаю,пытаешь,пытает,пытаем,пытаете,пытают|пытал,пытала,пытали|пытай,пытайте|torture,tortures,tortured,tortured,torturing|
6165|мучить||мучаю,мучаешь,мучает,мучаем,мучаете,мучают|мучил,мучила,мучили|мучай,мучайте|torment,torments,tormented,tormented,tormenting|
6171|шпионить||шпионю,шпионишь,шпионит,шпионим,шпионите,шпионят|шпионил,шпионила,шпионили|шпионь,шпионьте|spy,spies,spied,spied,spying|
6177|судить||сужу,судишь,судит,судим,судите,судят|судил,судила,судили|суди,судите|try,tries,tried,tried,trying|
6184|приговорить||приговорю,приговоришь,приговорит,приговорим,приговорите,приговорят|приговорил,приговорила,приговорили|приговори,приговорите|sentence,sentences,sentenced,sentenced,sentencing|
6186|наказать||накажу,накажешь,накажет,накажем,накажете,накажут|наказал,наказала,наказали|накажи,накажите|punish,punishes,punished,punished,punishing|
6193|казнить||казню,казнишь,казнит,казним,казните,казнят|казнил,казнила,казнили|казни,казните|execute,executes,executed,executed,executing|
6201|надеть|наручники|надену,наденешь,наденет,наденем,наденете,наденут|надел,надела,надели|надень,наденьте|handcuff,handcuffs,handcuffed,handcuffed,handcuffing|
6203|убежать|из тюрьмы|убегу,убежишь,убежит,убежим,убежите,убегут|убежал,убежала,убежали|убеги,убегите|escape,escapes,escaped,escaped,escaping|from prison
6204|исчезнуть||исчезну,исчезнешь,исчезнет,исчезнем,исчезнете,исчезнут|исчез,исчезла,исчезли|исчезни,исчезните|disappear,disappears,disappeared,disappeared,disappearing|
6205|освободить|из тюрьмы|освобожу,освободишь,освободит,освободим,освободите,освободят|освободил,освободила,освободили|освободи,освободите|release,releases,released,released,releasing|from prison
6214|включить|сирену|включу,включишь,включит,включим,включите,включат|включил,включила,включили|включи,включите|turn,turns,turned,turned,turning|on the siren
6220|скрыться||скроюсь,скроешься,скроется,скроемся,скроетесь,скроются|скрылся,скрылась,скрылись|скройся,скройтесь|flee,flees,fled,fled,fleeing|
6223|искать||ищу,ищешь,ищет,ищем,ищете,ищут|искал,искала,искали|ищи,ищите|search,searches,searched,searched,searching|for
6226|остановить|для проверки|остановлю,остановишь,остановит,остановим,остановите,остановят|остановил,остановила,остановили|останови,остановите|stop,stops,stopped,stopped,stopping|for a check
6227|задержать||задержу,задержишь,задержит,задержим,задержите,задержат|задержал,задержала,задержали|задержи,задержите|detain,detains,detained,detained,detaining|
6235|допрашивать||допрашиваю,допрашиваешь,допрашивает,допрашиваем,допрашиваете,допрашивают|допрашивал,допрашивала,допрашивали|допрашивай,допрашивайте|interrogate,interrogates,interrogated,interrogated,interrogating|
6236|опрашивать||опрашиваю,опрашиваешь,опрашивает,опрашиваем,опрашиваете,опрашивают|опрашивал,опрашивала,опрашивали|опрашивай,опрашивайте|question,questions,questioned,questioned,questioning|
6241|преследовать||преследую,преследуешь,преследует,преследуем,преследуете,преследуют|преследовал,преследовала,преследовали|преследуй,преследуйте|pursue,pursues,pursued,pursued,pursuing|
6242|следить|за кем-л.|слежу,следишь,следит,следим,следите,следят|следил,следила,следили|следи,следите|track,tracks,tracked,tracked,tracking|
6244|арестовать||арестую,арестуешь,арестует,арестуем,арестуете,арестуют|арестовал,арестовала,арестовали|арестуй,арестуйте|arrest,arrests,arrested,arrested,arresting|
6245|поймать||поймаю,поймаешь,поймает,поймаем,поймаете,поймают|поймал,поймала,поймали|поймай,поймайте|catch,catches,caught,caught,catching|
6249|доказывать||доказываю,доказываешь,доказывает,доказываем,доказываете,доказывают|доказывал,доказывала,доказывали|доказывай,доказывайте|prove,proves,proved,proven,proving|
6258|конфисковать||конфискую,конфискуешь,конфискует,конфискуем,конфискуете,конфискуют|конфисковал,конфисковала,конфисковали|конфискуй,конфискуйте|confiscate,confiscates,confiscated,confiscated,confiscating|
6282|вращаться||вращаюсь,вращаешься,вращается,вращаемся,вращаетесь,вращаются|вращался,вращалась,вращались|вращайся,вращайтесь|rotate,rotates,rotated,rotated,rotating|
6317|производить|стыковку|произвожу,производишь,производит,производим,производите,производят|производил,производила,производили|производи,производите|dock,docks,docked,docked,docking|
6375|омывать||омываю,омываешь,омывает,омываем,омываете,омывают|омывал,омывала,омывали|омывай,омывайте|wash,washes,washed,washed,washing|
6401|затонуть||затону,затонешь,затонет,затонем,затонете,затонут|затонул,затонула,затонули|затони,затоните|sink,sinks,sank,sunk,sinking|
6459|покорять||покоряю,покоряешь,покоряет,покоряем,покоряете,покоряют|покорял,покоряла,покоряли|покоряй,покоряйте|conquer,conquers,conquered,conquered,conquering|
6487|разливаться||разливаюсь,разливаешься,разливается,разливаемся,разливаетесь,разливаются|разливался,разливалась,разливались|разливайся,разливайтесь|overflow,overflows,overflowed,overflowed,overflowing|
6488|затоплять||затопляю,затопляешь,затопляет,затопляем,затопляете,затопляют|затоплял,затопляла,затопляли|затопляй,затопляйте|flood,floods,flooded,flooded,flooding|
6503|замёрзнуть||замёрзну,замёрзнешь,замёрзнет,замёрзнем,замёрзнете,замёрзнут|замёрз,замёрзла,замёрзли|замёрзни,замёрзните|freeze,freezes,froze,frozen,freezing|
6534|опадать||опадаю,опадаешь,опадает,опадаем,опадаете,опадают|опадал,опадала,опадали|опадай,опадайте|fall,falls,fell,fallen,falling|
6548|корчевать||корчую,корчуешь,корчует,корчуем,корчуете,корчуют|корчевал,корчевала,корчевали|корчуй,корчуйте|uproot,uproots,uprooted,uprooted,uprooting|
6549|рубить|дерево|рублю,рубишь,рубит,рубим,рубите,рубят|рубил,рубила,рубили|руби,рубите|chop,chops,chopped,chopped,chopping|down a tree
6550|вырубать|лес|вырубаю,вырубаешь,вырубает,вырубаем,вырубаете,вырубают|вырубал,вырубала,вырубали|вырубай,вырубайте|cut,cuts,cut,cut,cutting|down a forest
6557|охранять|природу|охраняю,охраняешь,охраняет,охраняем,охраняете,охраняют|охранял,охраняла,охраняли|охраняй,охраняйте|protect,protects,protected,protected,protecting|nature
6560|собирать|грибы|собираю,собираешь,собирает,собираем,собираете,собирают|собирал,собирала,собирали|собирай,собирайте|pick,picks,picked,picked,picking|mushrooms
6566|добывать|руду|добываю,добываешь,добывает,добываем,добываете,добывают|добывал,добывала,добывали|добывай,добывайте|mine,mines,mined,mined,mining|ore
6612|светить||свечу,светишь,светит,светим,светите,светят|светил,светила,светили|свети,светите|shine,shines,shone,shone,shining|
6614|взойти||взойду,взойдёшь,взойдёт,взойдём,взойдёте,взойдут|взошёл,взошла,взошли|взойди,взойдите|rise,rises,rose,risen,rising|
6615|садиться||сажусь,садишься,садится,садимся,садитесь,садятся|садился,садилась,садились|садись,садитесь|set,sets,set,set,setting|
6623|моросить||морошу,моросишь,моросит,моросим,моросите,моросят|моросил,моросила,моросили|мороси,моросите|drizzle,drizzles,drizzled,drizzled,drizzling|
6628|промокнуть||промокну,промокнешь,промокнет,промокнем,промокнете,промокнут|промок,промокла,промокли|промокни,промокните|get,gets,got,got,getting|wet
6635|сверкать||сверкаю,сверкаешь,сверкает,сверкаем,сверкаете,сверкают|сверкал,сверкала,сверкали|сверкай,сверкайте|sparkle,sparkles,sparkled,sparkled,sparkling|
6637|греметь||гремлю,гремишь,гремит,гремим,гремите,гремят|гремел,гремела,гремели|греми,гремите|thunder,thunders,thundered,thundered,thundering|
6641|затопить||затоплю,затопишь,затопит,затопим,затопите,затопят|затопил,затопила,затопили|затопи,затопите|flood,floods,flooded,flooded,flooding|
6666|шуметь||шумлю,шумишь,шумит,шумим,шумите,шумят|шумел,шумела,шумели|шуми,шумите|make,makes,made,made,making|noise
6674|шептать||шепчу,шепчешь,шепчет,шепчем,шепчете,шепчут|шептал,шептала,шептали|шепчи,шепчите|whisper,whispers,whispered,whispered,whispering|
6678|стонать||стону,стонешь,стонет,стонем,стонете,стонут|стонал,стонала,стонали|стони,стоните|groan,groans,groaned,groaned,groaning|
6684|стучать|в дверь|стучу,стучишь,стучит,стучим,стучите,стучат|стучал,стучала,стучали|стучи,стучите|knock,knocks,knocked,knocked,knocking|on the door
6685|трещать||трещу,трещишь,трещит,трещим,трещите,трещат|трещал,трещала,трещали|трещи,трещите|crack,cracks,cracked,cracked,cracking|
6689|гудеть||гужу,гудишь,гудит,гудим,гудите,гудят|гудел,гудела,гудели|гуди,гудите|hoot,hoots,hooted,hooted,hooting|
6691|сигналить||сигналю,сигналишь,сигналит,сигналим,сигналите,сигналят|сигналил,сигналила,сигналили|сигналь,сигнальте|honk,honks,honked,honked,honking|
6715|заболеть||заболею,заболеешь,заболеет,заболеем,заболеете,заболеют|заболел,заболела,заболели|не заболей,не заболейте|fall,falls,fell,fallen,falling|ill
6725|кататься|на коньках|катаюсь,катаешься,катается,катаемся,катаетесь,катаются|катался,каталась,катались|катайся,катайтесь|skate,skates,skated,skated,skating|
6826|приручать||приручаю,приручаешь,приручает,приручаем,приручаете,приручают|приручал,приручала,приручали|приручай,приручайте|tame,tames,tamed,tamed,taming|
6827|выращивать||выращиваю,выращиваешь,выращивает,выращиваем,выращиваете,выращивают|выращивал,выращивала,выращивали|выращивай,выращивайте|raise,raises,raised,raised,raising|
6858|мяукать||мяукаю,мяукаешь,мяукает,мяукаем,мяукаете,мяукают|мяукал,мяукала,мяукали|мяукай,мяукайте|meow,meows,meowed,meowed,meowing|
6859|мурлыкать||мурлычу,мурлычешь,мурлычет,мурлычем,мурлычете,мурлычут|мурлыкал,мурлыкала,мурлыкали|мурлычь,мурлычьте|purr,purrs,purred,purred,purring|
6860|мычать||мычу,мычишь,мычит,мычим,мычите,мычат|мычал,мычала,мычали|мычи,мычите|moo,moos,mooed,mooed,mooing|
6861|реветь||реву,ревёшь,ревёт,ревём,ревёте,ревут|ревел,ревела,ревели|реви,ревите|roar,roars,roared,roared,roaring|
6862|рычать||рычу,рычишь,рычит,рычим,рычите,рычат|рычал,рычала,рычали|рычи,рычите|growl,growls,growled,growled,growling|
6864|выть||вою,воешь,воет,воем,воете,воют|выл,выла,выли|вой,войте|howl,howls,howled,howled,howling|
6865|скулить||скулю,скулишь,скулит,скулим,скулите,скулят|скулил,скулила,скулили|скули,скулите|whine,whines,whined,whined,whining|
6866|блеять||блею,блеешь,блеет,блеем,блеете,блеют|блеял,блеяла,блеяли|блей,блейте|bleat,bleats,bleated,bleated,bleating|
6867|хрюкать||хрюкаю,хрюкаешь,хрюкает,хрюкаем,хрюкаете,хрюкают|хрюкал,хрюкала,хрюкали|хрюкай,хрюкайте|grunt,grunts,grunted,grunted,grunting|
6868|визжать||визжу,визжишь,визжит,визжим,визжите,визжат|визжал,визжала,визжали|визжи,визжите|squeal,squeals,squealed,squealed,squealing|
6869|квакать||квакаю,квакаешь,квакает,квакаем,квакаете,квакают|квакал,квакала,квакали|квакай,квакайте|croak,croaks,croaked,croaked,croaking|
6870|жужжать||жужжу,жужжишь,жужжит,жужжим,жужжите,жужжат|жужжал,жужжала,жужжали|жужжи,жужжите|buzz,buzzes,buzzed,buzzed,buzzing|
6871|стрекотать||стрекочу,стрекочешь,стрекочет,стрекочем,стрекочете,стрекочут|стрекотал,стрекотала,стрекотали|стрекочи,стрекочите|chirr,chirrs,chirred,chirred,chirring|
6945|петь||пою,поёшь,поёт,поём,поёте,поют|пел,пела,пели|пой,пойте|sing,sings,sang,sung,singing|
6947|кукарекать||кукарекаю,кукарекаешь,кукарекает,кукарекаем,кукарекаете,кукарекают|кукарекал,кукарекала,кукарекали|кукарекай,кукарекайте|crow,crows,crowed,crowed,crowing|
6949|кудахтать||кудахчу,кудахчешь,кудахчет,кудахчем,кудахчете,кудахчут|кудахтал,кудахтала,кудахтали|кудахчи,кудахчите|cluck,clucks,clucked,clucked,clucking|
6950|каркать||каркаю,каркаешь,каркает,каркаем,каркаете,каркают|каркал,каркала,каркали|каркай,каркайте|caw,caws,cawed,cawed,cawing|
6951|крякать||крякаю,крякаешь,крякает,крякаем,крякаете,крякают|крякал,крякала,крякали|крякай,крякайте|quack,quacks,quacked,quacked,quacking|
6952|пищать||пищу,пищишь,пищит,пищим,пищите,пищат|пищал,пищала,пищали|пищи,пищите|cheep,cheeps,cheeped,cheeped,cheeping|
6953|чирикать||чирикаю,чирикаешь,чирикает,чирикаем,чирикаете,чирикают|чирикал,чирикала,чирикали|чирикай,чирикайте|chirp,chirps,chirped,chirped,chirping|
7058|летать||летаю,летаешь,летает,летаем,летаете,летают|летал,летала,летали|летай,летайте|fly,flies,flew,flown,flying|
7059|кружить||кружу,кружишь,кружит,кружим,кружите,кружат|кружил,кружила,кружили|кружи,кружите|circle,circles,circled,circled,circling|
7060|улететь||улечу,улетишь,улетит,улетим,улетите,улетят|улетел,улетела,улетели|улети,улетите|fly,flies,flew,flown,flying|away
7061|махать|крыльями|машу,машешь,машет,машем,машете,машут|махал,махала,махали|маши,машите|flap,flaps,flapped,flapped,flapping|wings
7062|клевать||клюю,клюёшь,клюёт,клюём,клюёте,клюют|клевал,клевала,клевали|клюй,клюйте|peck,pecks,pecked,pecked,pecking|
7063|высиживать|яйца|высиживаю,высиживаешь,высиживает,высиживаем,высиживаете,высиживают|высиживал,высиживала,высиживали|высиживай,высиживайте|incubate,incubates,incubated,incubated,incubating|eggs
7064|вылупляться||вылупляюсь,вылупляешься,вылупляется,вылупляемся,вылупляетесь,вылупляются|вылуплялся,вылуплялась,вылуплялись|вылупляйся,вылупляйтесь|hatch,hatches,hatched,hatched,hatching|
7065|вить|гнездо|вью,вьёшь,вьёт,вьём,вьёте,вьют|вил,вила,вили|вей,вейте|build,builds,built,built,building|a nest
7066|ползать||ползаю,ползаешь,ползает,ползаем,ползаете,ползают|ползал,ползала,ползали|ползай,ползайте|crawl,crawls,crawled,crawled,crawling|
7067|жалить||жалю,жалишь,жалит,жалим,жалите,жалят|жалил,жалила,жалили|жаль,жальте|sting,stings,stung,stung,stinging|
7068|кусать||кусаю,кусаешь,кусает,кусаем,кусаете,кусают|кусал,кусала,кусали|кусай,кусайте|bite,bites,bit,bitten,biting|
7069|нюхать||нюхаю,нюхаешь,нюхает,нюхаем,нюхаете,нюхают|нюхал,нюхала,нюхали|нюхай,нюхайте|sniff,sniffs,sniffed,sniffed,sniffing|
7070|лаять||лаю,лаешь,лает,лаем,лаете,лают|лаял,лаяла,лаяли|лай,лайте|bark,barks,barked,barked,barking|
7071|шипеть||шиплю,шипишь,шипит,шипим,шипите,шипят|шипел,шипела,шипели|шипи,шипите|hiss,hisses,hissed,hissed,hissing|
7072|пугать||пугаю,пугаешь,пугает,пугаем,пугаете,пугают|пугал,пугала,пугали|пугай,пугайте|frighten,frightens,frightened,frightened,frightening|
7073|нападать||нападаю,нападаешь,нападает,нападаем,нападаете,нападают|нападал,нападала,нападали|нападай,нападайте|attack,attacks,attacked,attacked,attacking|
7074|грызть||грызу,грызёшь,грызёт,грызём,грызёте,грызут|грыз,грызла,грызли|грызи,грызите|gnaw,gnaws,gnawed,gnawed,gnawing|
7075|царапать||царапаю,царапаешь,царапает,царапаем,царапаете,царапают|царапал,царапала,царапали|царапай,царапайте|scratch,scratches,scratched,scratched,scratching|
7076|прятаться||прячусь,прячешься,прячется,прячемся,прячетесь,прячутся|прятался,пряталась,прятались|прячься,прячьтесь|hide,hides,hid,hidden,hiding|
7079|спать|зимней спячкой|сплю,спишь,спит,спим,спите,спят|спал,спала,спали|спи,спите|hibernate,hibernates,hibernated,hibernated,hibernating|
7080|вымереть||вымру,вымрешь,вымрет,вымрем,вымрете,вымрут|вымер,вымерла,вымерли|вымри,вымрите|die,dies,died,died,dying|out
7114|разводить|животных|развожу,разводишь,разводит,разводим,разводите,разводят|разводил,разводила,разводили|разводи,разводите|breed,breeds,bred,bred,breeding|animals
7118|кормить|грудью|кормлю,кормишь,кормит,кормим,кормите,кормят|кормил,кормила,кормили|корми,кормите|nurse,nurses,nursed,nursed,nursing|
7145|подковать||подкую,подкуёшь,подкуёт,подкуём,подкуёте,подкуют|подковал,подковала,подковали|подкуй,подкуйте|shoe,shoes,shod,shod,shoeing|
7153|объезжать|лошадь|объезжаю,объезжаешь,объезжает,объезжаем,объезжаете,объезжают|объезжал,объезжала,объезжали|объезжай,объезжайте|break,breaks,broke,broken,breaking|in a horse
7154|оседлать||оседлаю,оседлаешь,оседлает,оседлаем,оседлаете,оседлают|оседлал,оседлала,оседлали|оседлай,оседлайте|saddle,saddles,saddled,saddled,saddling|
7155|сесть|в седло|сяду,сядешь,сядет,сядем,сядете,сядут|сел,села,сели|сядь,сядьте|get,gets,got,got,getting|into the saddle
7157|скакать|галопом|скачу,скачешь,скачет,скачем,скачете,скачут|скакал,скакала,скакали|скачи,скачите|gallop,gallops,galloped,galloped,galloping|
7165|поить||пою,поишь,поит,поим,поите,поят|поил,поила,поили|пои,поите|water,waters,watered,watered,watering|
7166|чистить||чищу,чистишь,чистит,чистим,чистите,чистят|чистил,чистила,чистили|чисти,чистите|clean,cleans,cleaned,cleaned,cleaning|
7167|стреножить||стреножу,стреножишь,стреножит,стреножим,стреножите,стреножат|стреножил,стреножила,стреножили|стреножь,стреножьте|hobble,hobbles,hobbled,hobbled,hobbling|
7168|пастись||пасусь,пасёшься,пасётся,пасёмся,пасётесь,пасутся|пасся,паслась,паслись|пасись,паситесь|graze,grazes,grazed,grazed,grazing|
7169|ржать||ржу,ржёшь,ржёт,ржём,ржёте,ржут|ржал,ржала,ржали|ржи,ржите|neigh,neighs,neighed,neighed,neighing|
7170|лягнуть||лягну,лягнёшь,лягнёт,лягнём,лягнёте,лягнут|лягнул,лягнула,лягнули|лягни,лягните|kick,kicks,kicked,kicked,kicking|
7306|цвести||цвету,цветёшь,цветёт,цветём,цветёте,цветут|цвёл,цвела,цвели|цвети,цветите|bloom,blooms,bloomed,bloomed,blooming|
7307|вянуть||вяну,вянешь,вянет,вянем,вянете,вянут|вял,вяла,вяли|вянь,вяньте|wither,withers,withered,withered,withering|
7309|срезать||срежу,срежешь,срежет,срежем,срежете,срежут|срезал,срезала,срезали|срежь,срежьте|cut,cuts,cut,cut,cutting|off
7310|сорвать|цветок|сорву,сорвёшь,сорвёт,сорвём,сорвёте,сорвут|сорвал,сорвала,сорвали|сорви,сорвите|pick,picks,picked,picked,picking|a flower
7806|выбирать||выбираю,выбираешь,выбирает,выбираем,выбираете,выбирают|выбирал,выбирала,выбирали|выбирай,выбирайте|elect,elects,elected,elected,electing|
7810|голосовать||голосую,голосуешь,голосует,голосуем,голосуете,голосуют|голосовал,голосовала,голосовали|голосуй,голосуйте|vote,votes,voted,voted,voting|
7813|баллотироваться||баллотируюсь,баллотируешься,баллотируется,баллотируемся,баллотируетесь,баллотируются|баллотировался,баллотировалась,баллотировались|баллотируйся,баллотируйтесь|run,runs,ran,run,running|for office
7844|свергнуть||свергну,свергнешь,свергнет,свергнем,свергнете,свергнут|сверг,свергла,свергли|свергни,свергните|overthrow,overthrows,overthrew,overthrown,overthrowing|
7858|эксплуатировать||эксплуатирую,эксплуатируешь,эксплуатирует,эксплуатируем,эксплуатируете,эксплуатируют|эксплуатировал,эксплуатировала,эксплуатировали|эксплуатируй,эксплуатируйте|exploit,exploits,exploited,exploited,exploiting|
7868|эмигрировать||эмигрирую,эмигрируешь,эмигрирует,эмигрируем,эмигрируете,эмигрируют|эмигрировал,эмигрировала,эмигрировали|эмигрируй,эмигрируйте|emigrate,emigrates,emigrated,emigrated,emigrating|
7901|верить|в бога|верю,веришь,верит,верим,верите,верят|верил,верила,верили|верь,верьте|believe,believes,believed,believed,believing|in God
7961|грешить||грешу,грешишь,грешит,грешим,грешите,грешат|грешил,грешила,грешили|греши,грешите|sin,sins,sinned,sinned,sinning|
8014|звонить|в колокола|звоню,звонишь,звонит,звоним,звоните,звонят|звонил,звонила,звонили|звони,звоните|ring,rings,rang,rung,ringing|the bells
8028|искупить|грехи|искуплю,искупишь,искупит,искупим,искупите,искупят|искупил,искупила,искупили|искупи,искупите|atone,atones,atoned,atoned,atoning|for sins
8030|служить||служу,служишь,служит,служим,служите,служат|служил,служила,служили|служи,служите|worship,worships,worshiped,worshiped,worshiping|
8032|исповедоваться||исповедуюсь,исповедуешься,исповедуется,исповедуемся,исповедуетесь,исповедуются|исповедовался,исповедовалась,исповедовались|исповедуйся,исповедуйтесь|repent,repents,repented,repented,repenting|
8301|аплодировать||аплодирую,аплодируешь,аплодирует,аплодируем,аплодируете,аплодируют|аплодировал,аплодировала,аплодировали|аплодируй,аплодируйте|applaud,applauds,applauded,applauded,applauding|
8302|ассистировать||ассистирую,ассистируешь,ассистирует,ассистируем,ассистируете,ассистируют|ассистировал,ассистировала,ассистировали|ассистируй,ассистируйте|assist,assists,assisted,assisted,assisting|
8303|атаковать||атакую,атакуешь,атакует,атакуем,атакуете,атакуют|атаковал,атаковала,атаковали|атакуй,атакуйте|attack,attacks,attacked,attacked,attacking|
8309|благодарить||благодарю,благодаришь,благодарит,благодарим,благодарите,благодарят|благодарил,благодарила,благодарили|благодари,благодарите|thank,thanks,thanked,thanked,thanking|
8310|бороться||борюсь,борешься,борется,боремся,боретесь,борются|боролся,боролась,боролись|борись,боритесь|fight,fights,fought,fought,fighting|
8311|бороться||борюсь,борешься,борется,боремся,боретесь,борются|боролся,боролась,боролись|борись,боритесь|wrestle,wrestles,wrestled,wrestled,wrestling|
8312|бояться||боюсь,боишься,боится,боимся,боитесь,боятся|боялся,боялась,боялись|бойся,бойтесь|fear,fears,feared,feared,fearing|
8315|бронировать||бронирую,бронируешь,бронирует,бронируем,бронируете,бронируют|бронировал,бронировала,бронировали|бронируй,бронируйте|book,books,booked,booked,booking|
8316|бросать|камень|бросаю,бросаешь,бросает,бросаем,бросаете,бросают|бросал,бросала,бросали|бросай,бросайте|throw,throws,threw,thrown,throwing|a stone
8317|бросать||бросаю,бросаешь,бросает,бросаем,бросаете,бросают|бросал,бросала,бросали|бросай,бросайте|abandon,abandons,abandoned,abandoned,abandoning|
8318|будить||бужу,будишь,будит,будим,будите,будят|будил,будила,будили|буди,будите|wake,wakes,woke,woken,waking|up
8320|задолжать||задолжаю,задолжаешь,задолжает,задолжаем,задолжаете,задолжают|задолжал,задолжала,задолжали|задолжай,задолжайте|owe,owes,owed,owed,owing|
8321|походить|на кого-л.|похожу,походишь,походит,походим,походите,походят|походил,походила,походили|походи,походите|resemble,resembles,resembled,resembled,resembling|
8322|верить||верю,веришь,верит,верим,верите,верят|верил,верила,верили|верь,верьте|believe,believes,believed,believed,believing|
8323|верить||верю,веришь,верит,верим,верите,верят|верил,верила,верили|верь,верьте|believe,believes,believed,believed,believing|
8325|весить||вешу,весишь,весит,весим,весите,весят|весил,весила,весили|весь,ветесь|weigh,weighs,weighed,weighed,weighing|
8326|вести|машину|веду,ведёшь,ведёт,ведём,ведёте,ведут|вёл,вела,вели|веди,ведите|drive,drives,drove,driven,driving|a car
8328|вести|себя|веду,ведёшь,ведёт,ведём,ведёте,ведут|вёл,вела,вели|веди,ведите|behave,behaves,behaved,behaved,behaving|
8329|вешать||вешаю,вешаешь,вешает,вешаем,вешаете,вешают|вешал,вешала,вешали|вешай,вешайте|hang,hangs,hung,hung,hanging|
8332|взлетать||взлетаю,взлетаешь,взлетает,взлетаем,взлетаете,взлетают|взлетал,взлетала,взлетали|взлетай,взлетайте|take,takes,took,taken,taking|off
8334|включать||включаю,включаешь,включает,включаем,включаете,включают|включал,включала,включали|включай,включайте|turn,turns,turned,turned,turning|on
8336|влиять||влияю,влияешь,влияет,влияем,влияете,влияют|влиял,влияла,влияли|влияй,влияйте|influence,influences,influenced,influenced,influencing|
8337|вмешиваться||вмешиваюсь,вмешиваешься,вмешивается,вмешиваемся,вмешиваетесь,вмешиваются|вмешивался,вмешивалась,вмешивались|вмешивайся,вмешивайтесь|interfere,interferes,interfered,interfered,interfering|
8339|возвращаться||возвращаюсь,возвращаешься,возвращается,возвращаемся,возвращаетесь,возвращаются|возвращался,возвращалась,возвращались|возвращайся,возвращайтесь|return,returns,returned,returned,returning|
8340|возвышаться||возвышаюсь,возвышаешься,возвышается,возвышаемся,возвышаетесь,возвышаются|возвышался,возвышалась,возвышались|возвышайся,возвышайтесь|tower,towers,towered,towered,towering|
8341|возглавлять||возглавляю,возглавляешь,возглавляет,возглавляем,возглавляете,возглавляют|возглавлял,возглавляла,возглавляли|возглавляй,возглавляйте|lead,leads,led,led,leading|
8344|войти|в комнату|войду,войдёшь,войдёт,войдём,войдёте,войдут|вошёл,вошла,вошли|войди,войдите|enter,enters,entered,entered,entering|a room
8345|волноваться||волнуюсь,волнуешься,волнуется,волнуемся,волнуетесь,волнуются|волновался,волновалась,волновались|волнуйся,волнуйтесь|worry,worries,worried,worried,worrying|
8346|воодушевлять||воодушевляю,воодушевляешь,воодушевляет,воодушевляем,воодушевляете,воодушевляют|воодушевлял,воодушевляла,воодушевляли|воодушевляй,воодушевляйте|inspire,inspires,inspired,inspired,inspiring|
8347|восхищаться||восхищаюсь,восхищаешься,восхищается,восхищаемся,восхищаетесь,восхищаются|восхищался,восхищалась,восхищались|восхищайся,восхищайтесь|admire,admires,admired,admired,admiring|
8348|вписывать|в список|вписываю,вписываешь,вписывает,вписываем,вписываете,вписывают|вписывал,вписывала,вписывали|вписывай,вписывайте|add,adds,added,added,adding|to the list
8349|врать||вру,врёшь,врёт,врём,врёте,врут|врал,врала,врали|ври,врите|lie,lies,lied,lied,lying|
8350|всплывать||всплываю,всплываешь,всплывает,всплываем,всплываете,всплывают|всплывал,всплывала,всплывали|всплывай,всплывайте|surface,surfaces,surfaced,surfaced,surfacing|
8351|вспоминать||вспоминаю,вспоминаешь,вспоминает,вспоминаем,вспоминаете,вспоминают|вспоминал,вспоминала,вспоминали|вспоминай,вспоминайте|remember,remembers,remembered,remembered,remembering|
8352|вставать||встаю,встаёшь,встаёт,встаём,встаёте,встают|вставал,вставала,вставали|вставай,вставайте|get,gets,got,got,getting|up
8353|вставлять||вставляю,вставляешь,вставляет,вставляем,вставляете,вставляют|вставлял,вставляла,вставляли|вставляй,вставляйте|insert,inserts,inserted,inserted,inserting|
8356|выйти|из дома|выйду,выйдешь,выйдет,выйдем,выйдете,выйдут|вышел,вышла,вышли|выйди,выйдите|go,goes,went,gone,going|out
8358|выразить|словами|выражу,выразишь,выразит,выразим,выразите,выразят|выразил,выразила,выразили|вырази,выразите|express,expresses,expressed,expressed,expressing|in words
8359|гарантировать||гарантирую,гарантируешь,гарантирует,гарантируем,гарантируете,гарантируют|гарантировал,гарантировала,гарантировали|гарантируй,гарантируйте|guarantee,guarantees,guaranteed,guaranteed,guaranteeing|
8360|гладить||глажу,гладишь,гладит,гладим,гладите,гладят|гладил,гладила,гладили|гладь,гладьте|stroke,strokes,stroked,stroked,stroking|
8361|гладить||глажу,гладишь,гладит,гладим,гладите,гладят|гладил,гладила,гладили|гладь,гладьте|iron,irons,ironed,ironed,ironing|
8366|датироваться||датируюсь,датируешься,датируется,датируемся,датируетесь,датируются|датировался,датировалась,датировались|датируйся,датируйтесь|date,dates,dated,dated,dating|
8367|действовать||действую,действуешь,действует,действуем,действуете,действуют|действовал,действовала,действовали|действуй,действуйте|act,acts,acted,acted,acting|
8369|делать|заключение|делаю,делаешь,делает,делаем,делаете,делают|делал,делала,делали|делай,делайте|draw,draws,drew,drawn,drawing|a conclusion
8370|делать|прививки|делаю,делаешь,делает,делаем,делаете,делают|делал,делала,делали|делай,делайте|vaccinate,vaccinates,vaccinated,vaccinated,vaccinating|
8371|делить||делю,делишь,делит,делим,делите,делят|делил,делила,делили|дели,делите|divide,divides,divided,divided,dividing|
8372|добавлять||добавляю,добавляешь,добавляет,добавляем,добавляете,добавляют|добавлял,добавляла,добавляли|добавляй,добавляйте|add,adds,added,added,adding|
8375|докладывать||докладываю,докладываешь,докладывает,докладываем,докладываете,докладывают|докладывал,докладывала,докладывали|докладывай,докладывайте|report,reports,reported,reported,reporting|
8376|доносить|на кого-л.|доношу,доносишь,доносит,доносим,доносите,доносят|доносил,доносила,доносили|доноси,доносите|inform,informs,informed,informed,informing|on someone
8377|достичь|полюса|достигну,достигнешь,достигнет,достигнем,достигнете,достигнут|достиг,достигла,достигли|достигни,достигните|reach,reaches,reached,reached,reaching|the pole
8378|достигать|результата|достигаю,достигаешь,достигает,достигаем,достигаете,достигают|достигал,достигала,достигали|достигай,достигайте|achieve,achieves,achieved,achieved,achieving|
8381|дрожать||дрожу,дрожишь,дрожит,дрожим,дрожите,дрожат|дрожал,дрожала,дрожали|дрожи,дрожите|tremble,trembles,trembled,trembled,trembling|
8383|дуть||дую,дуешь,дует,дуем,дуете,дуют|дул,дула,дули|дуй,дуйте|blow,blows,blew,blown,blowing|
8384|дышать||дышу,дышишь,дышит,дышим,дышите,дышат|дышал,дышала,дышали|дыши,дышите|breathe,breathes,breathed,breathed,breathing|
8385|ехать||еду,едешь,едет,едем,едете,едут|ехал,ехала,ехали|поезжай,поезжайте|go,goes,went,gone,going|
8388|желать||желаю,желаешь,желает,желаем,желаете,желают|желал,желала,желали|желай,желайте|wish,wishes,wished,wished,wishing|
8390|жечь||жгу,жжёшь,жжёт,жжём,жжёте,жгут|жёг,жгла,жгли|жги,жгите|burn,burns,burned,burned,burning|
8391|жить||живу,живёшь,живёт,живём,живёте,живут|жил,жила,жили|живи,живите|live,lives,lived,lived,living|
8392|жить||живу,живёшь,живёт,живём,живёте,живут|жил,жила,жили|живи,живите|live,lives,lived,lived,living|
8393|завидовать||завидую,завидуешь,завидует,завидуем,завидуете,завидуют|завидовал,завидовала,завидовали|завидуй,завидуйте|envy,envies,envied,envied,envying|
8394|заворачивать|в бумагу|заворачиваю,заворачиваешь,заворачивает,заворачиваем,заворачиваете,заворачивают|заворачивал,заворачивала,заворачивали|заворачивай,заворачивайте|wrap,wraps,wrapped,wrapped,wrapping|in paper
8396|задуматься||задумаюсь,задумаешься,задумается,задумаемся,задумаетесь,задумаются|задумался,задумалась,задумались|задумайся,задумайтесь|ponder,ponders,pondered,pondered,pondering|
8397|зажечь||зажгу,зажжёшь,зажжёт,зажжём,зажжёте,зажгут|зажёг,зажгла,зажгли|зажги,зажгите|light,lights,lit,lit,lighting|
8398|заказывать||заказываю,заказываешь,заказывает,заказываем,заказываете,заказывают|заказывал,заказывала,заказывали|заказывай,заказывайте|order,orders,ordered,ordered,ordering|
8402|замолчать||замолчу,замолчишь,замолчит,замолчим,замолчите,замолчат|замолчал,замолчала,замолчали|замолчи,замолчите|fall,falls,fell,fallen,falling|silent
8403|занимать|деньги|занимаю,занимаешь,занимает,занимаем,занимаете,занимают|занимал,занимала,занимали|занимай,занимайте|borrow,borrows,borrowed,borrowed,borrowing|money
8405|запомнить||запомню,запомнишь,запомнит,запомним,запомните,запомнят|запомнил,запомнила,запомнили|запомни,запомните|memorize,memorizes,memorized,memorized,memorizing|
8406|запрещать||запрещаю,запрещаешь,запрещает,запрещаем,запрещаете,запрещают|запрещал,запрещала,запрещали|запрещай,запрещайте|forbid,forbids,forbade,forbidden,forbidding|
8407|запускать||запускаю,запускаешь,запускает,запускаем,запускаете,запускают|запускал,запускала,запускали|запускай,запускайте|launch,launches,launched,launched,launching|
8408|заразить|гриппом|заражу,заразишь,заразит,заразим,заразите,заразят|заразил,заразила,заразили|зарази,заразите|infect,infects,infected,infected,infecting|with the flu
8409|заразиться|чем-л.|заражусь,заразишься,заразится,заразимся,заразитесь,заразятся|заразился,заразилась,заразились|заразись,заразитесь|catch,catches,caught,caught,catching|an infection
8411|заслуживать||заслуживаю,заслуживаешь,заслуживает,заслуживаем,заслуживаете,заслуживают|заслуживал,заслуживала,заслуживали|заслуживай,заслуживайте|deserve,deserves,deserved,deserved,deserving|
8413|защищаться||защищаюсь,защищаешься,защищается,защищаемся,защищаетесь,защищаются|защищался,защищалась,защищались|защищайся,защищайтесь|defend,defends,defended,defended,defending|oneself
8415|знакомить|кого-л. с кем-л.|знакомлю,знакомишь,знакомит,знакомим,знакомите,знакомят|знакомил,знакомила,знакомили|знакомь,знакомьте|introduce,introduces,introduced,introduced,introducing|someone to someone
8416|знакомиться|с кем-л.|знакомлюсь,знакомишься,знакомится,знакомимся,знакомитесь,знакомятся|знакомился,знакомилась,знакомились|знакомься,знакомьтесь|meet,meets,met,met,meeting|someone
8419|значить||значу,значишь,значит,значим,значите,значат|значил,значила,значили|значь,значьте|mean,means,meant,meant,meaning|
8420|играть|в игру|играю,играешь,играет,играем,играете,играют|играл,играла,играли|играй,играйте|play,plays,played,played,playing|a game
8421|играть|роль|играю,играешь,играет,играем,играете,играют|играл,играла,играли|играй,играйте|play,plays,played,played,playing|a role
8423|избегать||избегаю,избегаешь,избегает,избегаем,избегаете,избегают|избегал,избегала,избегали|избегай,избегайте|avoid,avoids,avoided,avoided,avoiding|
8428|изолировать||изолирую,изолируешь,изолирует,изолируем,изолируете,изолируют|изолировал,изолировала,изолировали|изолируй,изолируйте|isolate,isolates,isolated,isolated,isolating|
8431|имитировать||имитирую,имитируешь,имитирует,имитируем,имитируете,имитируют|имитировал,имитировала,имитировали|имитируй,имитируйте|imitate,imitates,imitated,imitated,imitating|
8433|инструктировать||инструктирую,инструктируешь,инструктирует,инструктируем,инструктируете,инструктируют|инструктировал,инструктировала,инструктировали|инструктируй,инструктируйте|instruct,instructs,instructed,instructed,instructing|
8434|интересовать||интересую,интересуешь,интересует,интересуем,интересуете,интересуют|интересовал,интересовала,интересовали|интересуй,интересуйте|interest,interests,interested,interested,interesting|
8437|исключить|из школы|исключу,исключишь,исключит,исключим,исключите,исключат|исключил,исключила,исключили|исключи,исключите|expel,expels,expelled,expelled,expelling|from school
8440|исправлять||исправляю,исправляешь,исправляет,исправляем,исправляете,исправляют|исправлял,исправляла,исправляли|исправляй,исправляйте|fix,fixes,fixed,fixed,fixing|
8442|касаться||касаюсь,касаешься,касается,касаемся,касаетесь,касаются|касался,касалась,касались|касайся,касайтесь|touch,touches,touched,touched,touching|
8443|класть||кладу,кладёшь,кладёт,кладём,кладёте,кладут|клал,клала,клали|клади,кладите|put,puts,put,put,putting|
8444|компенсировать||компенсирую,компенсируешь,компенсирует,компенсируем,компенсируете,компенсируют|компенсировал,компенсировала,компенсировали|компенсируй,компенсируйте|compensate,compensates,compensated,compensated,compensating|
8445|компрометировать||компрометирую,компрометируешь,компрометирует,компрометируем,компрометируете,компрометируют|компрометировал,компрометировала,компрометировали|компрометируй,компрометируйте|compromise,compromises,compromised,compromised,compromising|
8449|координировать||координирую,координируешь,координирует,координируем,координируете,координируют|координировал,координировала,координировали|координируй,координируйте|coordinate,coordinates,coordinated,coordinated,coordinating|
8450|кормить||кормлю,кормишь,кормит,кормим,кормите,кормят|кормил,кормила,кормили|корми,кормите|feed,feeds,fed,fed,feeding|
8451|краснеть||краснею,краснеешь,краснеет,краснеем,краснеете,краснеют|краснел,краснела,краснели|красней,краснейте|blush,blushes,blushed,blushed,blushing|
8454|купать||купаю,купаешь,купает,купаем,купаете,купают|купал,купала,купали|купай,купайте|bathe,bathes,bathed,bathed,bathing|
8456|есть||ем,ешь,ест,едим,едите,едят|ел,ела,ели|ешь,ешьте|eat,eats,ate,eaten,eating|
8457|лежать||лежу,лежишь,лежит,лежим,лежите,лежат|лежал,лежала,лежали|лежи,лежите|lie,lies,lay,lain,lying|
8458|лежать||лежу,лежишь,лежит,лежим,лежите,лежат|лежал,лежала,лежали|лежи,лежите|lie,lies,lay,lain,lying|
8460|лечить||лечу,лечишь,лечит,лечим,лечите,лечат|лечил,лечила,лечили|лечи,лечите|treat,treats,treated,treated,treating|
8461|лишать||лишаю,лишаешь,лишает,лишаем,лишаете,лишают|лишал,лишала,лишали|лишай,лишайте|deprive,deprives,deprived,deprived,depriving|
8463|ловить|рыбу|ловлю,ловишь,ловит,ловим,ловите,ловят|ловил,ловила,ловили|лови,ловите|catch,catches,caught,caught,catching|fish
8464|ложиться|спать|ложусь,ложишься,ложится,ложимся,ложитесь,ложатся|ложился,ложилась,ложились|ложись,ложитесь|go,goes,went,gone,going|to bed
8466|льстить||льщу,льстишь,льстит,льстим,льстите,льстят|льстил,льстила,льстили|льсти,льстите|flatter,flatters,flattered,flattered,flattering|
8467|любить||люблю,любишь,любит,любим,любите,любят|любил,любила,любили|люби,любите|like,likes,liked,liked,liking|
8468|любить||люблю,любишь,любит,любим,любите,любят|любил,любила,любили|люби,любите|love,loves,loved,loved,loving|
8469|махать|рукой|машу,машешь,машет,машем,машете,машут|махал,махала,махали|маши,машите|wave,waves,waved,waved,waving|
8470|менять||меняю,меняешь,меняет,меняем,меняете,меняют|менял,меняла,меняли|меняй,меняйте|change,changes,changed,changed,changing|
8471|мечтать||мечтаю,мечтаешь,мечтает,мечтаем,мечтаете,мечтают|мечтал,мечтала,мечтали|мечтай,мечтайте|dream,dreams,dreamed,dreamed,dreaming|
8474|мочь||могу,можешь,может,можем,можете,могут|мог,могла,могли|сумей,сумейте|manage,manages,managed,managed,managing|
8479|наградить|медалью|награжу,наградишь,наградит,наградим,наградите,наградят|наградил,наградила,наградили|награди,наградите|award,awards,awarded,awarded,awarding|a medal
8480|нагревать||нагреваю,нагреваешь,нагревает,нагреваем,нагреваете,нагревают|нагревал,нагревала,нагревали|нагревай,нагревайте|heat,heats,heated,heated,heating|
8482|назначать|на должность|назначаю,назначаешь,назначает,назначаем,назначаете,назначают|назначал,назначала,назначали|назначай,назначайте|appoint,appoints,appointed,appointed,appointing|
8483|называть||называю,называешь,называет,называем,называете,называют|называл,называла,называли|называй,называйте|call,calls,called,called,calling|
8485|наливать||наливаю,наливаешь,наливает,наливаем,наливаете,наливают|наливал,наливала,наливали|наливай,наливайте|pour,pours,poured,poured,pouring|
8487|нанимать|лодку|нанимаю,нанимаешь,нанимает,нанимаем,нанимаете,нанимают|нанимал,нанимала,нанимали|нанимай,нанимайте|hire,hires,hired,hired,hiring|a boat
8488|нанимать||нанимаю,нанимаешь,нанимает,нанимаем,нанимаете,нанимают|нанимал,нанимала,нанимали|нанимай,нанимайте|hire,hires,hired,hired,hiring|
8489|наполнять||наполняю,наполняешь,наполняет,наполняем,наполняете,наполняют|наполнял,наполняла,наполняли|наполняй,наполняйте|fill,fills,filled,filled,filling|
8490|напоминать||напоминаю,напоминаешь,напоминает,напоминаем,напоминаете,напоминают|напоминал,напоминала,напоминали|напоминай,напоминайте|remind,reminds,reminded,reminded,reminding|
8491|направлять||направляю,направляешь,направляет,направляем,направляете,направляют|направлял,направляла,направляли|направляй,направляйте|direct,directs,directed,directed,directing|
8492|наследовать||наследую,наследуешь,наследует,наследуем,наследуете,наследуют|наследовал,наследовала,наследовали|наследуй,наследуйте|inherit,inherits,inherited,inherited,inheriting|
8498|недоумевать||недоумеваю,недоумеваешь,недоумевает,недоумеваем,недоумеваете,недоумевают|недоумевал,недоумевала,недоумевали|недоумевай,недоумевайте|wonder,wonders,wondered,wondered,wondering|
8501|нюхать||нюхаю,нюхаешь,нюхает,нюхаем,нюхаете,нюхают|нюхал,нюхала,нюхали|нюхай,нюхайте|smell,smells,smelled,smelled,smelling|
8505|обижать||обижаю,обижаешь,обижает,обижаем,обижаете,обижают|обижал,обижала,обижали|обижай,обижайте|offend,offends,offended,offended,offending|
8506|облегчить||облегчу,облегчишь,облегчит,облегчим,облегчите,облегчат|облегчил,облегчила,облегчили|облегчи,облегчите|ease,eases,eased,eased,easing|
8508|обмениваться|чем-л.|обмениваюсь,обмениваешься,обменивается,обмениваемся,обмениваетесь,обмениваются|обменивался,обменивалась,обменивались|обменивайся,обменивайтесь|exchange,exchanges,exchanged,exchanged,exchanging|
8509|обнимать||обнимаю,обнимаешь,обнимает,обнимаем,обнимаете,обнимают|обнимал,обнимала,обнимали|обнимай,обнимайте|hug,hugs,hugged,hugged,hugging|
8510|оборудовать||оборудую,оборудуешь,оборудует,оборудуем,оборудуете,оборудуют|оборудовал,оборудовала,оборудовали|оборудуй,оборудуйте|equip,equips,equipped,equipped,equipping|
8511|образовывать||образовываю,образовываешь,образовывает,образовываем,образовываете,образовывают|образовывал,образовывала,образовывали|образовывай,образовывайте|form,forms,formed,formed,forming|
8512|обращаться|к кому-л.|обращаюсь,обращаешься,обращается,обращаемся,обращаетесь,обращаются|обращался,обращалась,обращались|обращайся,обращайтесь|turn,turns,turned,turned,turning|to someone
8513|обслуживать||обслуживаю,обслуживаешь,обслуживает,обслуживаем,обслуживаете,обслуживают|обслуживал,обслуживала,обслуживали|обслуживай,обслуживайте|serve,serves,served,served,serving|
8515|обучать||обучаю,обучаешь,обучает,обучаем,обучаете,обучают|обучал,обучала,обучали|обучай,обучайте|teach,teaches,taught,taught,teaching|
8518|ограничивать||ограничиваю,ограничиваешь,ограничивает,ограничиваем,ограничиваете,ограничивают|ограничивал,ограничивала,ограничивали|ограничивай,ограничивайте|limit,limits,limited,limited,limiting|
8519|ожидать||ожидаю,ожидаешь,ожидает,ожидаем,ожидаете,ожидают|ожидал,ожидала,ожидали|ожидай,ожидайте|expect,expects,expected,expected,expecting|
8521|пропустить|фразу|пропущу,пропустишь,пропустит,пропустим,пропустите,пропустят|пропустил,пропустила,пропустили|пропусти,пропустите|skip,skips,skipped,skipped,skipping|a phrase
8522|опускать||опускаю,опускаешь,опускает,опускаем,опускаете,опускают|опускал,опускала,опускали|опускай,опускайте|lower,lowers,lowered,lowered,lowering|
8523|освещать||освещаю,освещаешь,освещает,освещаем,освещаете,освещают|освещал,освещала,освещали|освещай,освещайте|light,lights,lit,lit,lighting|up
8526|ослеплять||ослепляю,ослепляешь,ослепляет,ослепляем,ослепляете,ослепляют|ослеплял,ослепляла,ослепляли|ослепляй,ослепляйте|blind,blinds,blinded,blinded,blinding|
8527|осложнить||осложню,осложнишь,осложнит,осложним,осложните,осложнят|осложнил,осложнила,осложнили|осложни,осложните|complicate,complicates,complicated,complicated,complicating|
8528|осмеливаться||осмеливаюсь,осмеливаешься,осмеливается,осмеливаемся,осмеливаетесь,осмеливаются|осмеливался,осмеливалась,осмеливались|осмеливайся,осмеливайтесь|dare,dares,dared,dared,daring|
8529|оставлять||оставляю,оставляешь,оставляет,оставляем,оставляете,оставляют|оставлял,оставляла,оставляли|оставляй,оставляйте|leave,leaves,left,left,leaving|behind
8531|осуществлять||осуществляю,осуществляешь,осуществляет,осуществляем,осуществляете,осуществляют|осуществлял,осуществляла,осуществляли|осуществляй,осуществляйте|carry,carries,carried,carried,carrying|out
8533|отворачиваться||отворачиваюсь,отворачиваешься,отворачивается,отворачиваемся,отворачиваетесь,отворачиваются|отворачивался,отворачивалась,отворачивались|отворачивайся,отворачивайтесь|turn,turns,turned,turned,turning|away
8534|отвязывать||отвязываю,отвязываешь,отвязывает,отвязываем,отвязываете,отвязывают|отвязывал,отвязывала,отвязывали|отвязывай,отвязывайте|untie,unties,untied,untied,untying|
8536|отказывать||отказываю,отказываешь,отказывает,отказываем,отказываете,отказывают|отказывал,отказывала,отказывали|отказывай,отказывайте|refuse,refuses,refused,refused,refusing|
8537|открывать|дверь|открываю,открываешь,открывает,открываем,открываете,открывают|открывал,открывала,открывали|открывай,открывайте|open,opens,opened,opened,opening|the door
8538|открывать|новые земли|открываю,открываешь,открывает,открываем,открываете,открывают|открывал,открывала,открывали|открывай,открывайте|discover,discovers,discovered,discovered,discovering|new lands
8539|отличаться|от чего-л.|отличаюсь,отличаешься,отличается,отличаемся,отличаетесь,отличаются|отличался,отличалась,отличались|отличайся,отличайтесь|differ,differs,differed,differed,differing|from something
8541|отметить|на карте|отмечу,отметишь,отметит,отметим,отметите,отметят|отметил,отметила,отметили|отметь,отметьте|mark,marks,marked,marked,marking|on the map
8542|отобрать||отберу,отберёшь,отберёт,отберём,отберёте,отберут|отобрал,отобрала,отобрали|отбери,отберите|select,selects,selected,selected,selecting|
8543|оторвать||оторву,оторвёшь,оторвёт,оторвём,оторвёте,оторвут|оторвал,оторвала,оторвали|оторви,оторвите|tear,tears,tore,torn,tearing|off
8544|отправить|обратно|отправлю,отправишь,отправит,отправим,отправите,отправят|отправил,отправила,отправили|отправь,отправьте|send,sends,sent,sent,sending|back
8546|отрезать||отрежу,отрежешь,отрежет,отрежем,отрежете,отрежут|отрезал,отрезала,отрезали|отрежь,отрежьте|cut,cuts,cut,cut,cutting|off
8547|отрицать||отрицаю,отрицаешь,отрицает,отрицаем,отрицаете,отрицают|отрицал,отрицала,отрицали|отрицай,отрицайте|deny,denies,denied,denied,denying|
8548|отрубить||отрублю,отрубишь,отрубит,отрубим,отрубите,отрубят|отрубил,отрубила,отрубили|отруби,отрубите|chop,chops,chopped,chopped,chopping|off
8551|охранять|природу|охраняю,охраняешь,охраняет,охраняем,охраняете,охраняют|охранял,охраняла,охраняли|охраняй,охраняйте|protect,protects,protected,protected,protecting|nature
8552|очаровывать||очаровываю,очаровываешь,очаровывает,очаровываем,очаровываете,очаровывают|очаровывал,очаровывала,очаровывали|очаровывай,очаровывайте|charm,charms,charmed,charmed,charming|
8553|очищать||очищаю,очищаешь,очищает,очищаем,очищаете,очищают|очищал,очищала,очищали|очищай,очищайте|clean,cleans,cleaned,cleaned,cleaning|
8555|пахнуть||пахну,пахнешь,пахнет,пахнем,пахнете,пахнут|пах,пахла,пахли|пахни,пахните|smell,smells,smelled,smelled,smelling|
8556|перевернуть||переверну,перевернёшь,перевернёт,перевернём,перевернёте,перевернут|перевернул,перевернула,перевернули|переверни,переверните|turn,turns,turned,turned,turning|over
8558|передвигать||передвигаю,передвигаешь,передвигает,передвигаем,передвигаете,передвигают|передвигал,передвигала,передвигали|передвигай,передвигайте|move,moves,moved,moved,moving|
8560|переоценивать||переоцениваю,переоцениваешь,переоценивает,переоцениваем,переоцениваете,переоценивают|переоценивал,переоценивала,переоценивали|переоценивай,переоценивайте|reassess,reassesses,reassessed,reassessed,reassessing|
8561|писать|письмо|пишу,пишешь,пишет,пишем,пишете,пишут|писал,писала,писали|пиши,пишите|write,writes,wrote,written,writing|a letter
8562|пить||пью,пьёшь,пьёт,пьём,пьёте,пьют|пил,пила,пили|пей,пейте|drink,drinks,drank,drunk,drinking|
8567|плевать||плюю,плюёшь,плюёт,плюём,плюёте,плюют|плевал,плевала,плевали|плюй,плюйте|spit,spits,spat,spat,spitting|
8568|поворачивать|направо|поворачиваю,поворачиваешь,поворачивает,поворачиваем,поворачиваете,поворачивают|поворачивал,поворачивала,поворачивали|поворачивай,поворачивайте|turn,turns,turned,turned,turning|right
8570|подготовить||подготовлю,подготовишь,подготовит,подготовим,подготовите,подготовят|подготовил,подготовила,подготовили|подготовь,подготовьте|prepare,prepares,prepared,prepared,preparing|
8572|подозревать||подозреваю,подозреваешь,подозревает,подозреваем,подозреваете,подозревают|подозревал,подозревала,подозревали|подозревай,подозревайте|suspect,suspects,suspected,suspected,suspecting|
8574|подслушивать||подслушиваю,подслушиваешь,подслушивает,подслушиваем,подслушиваете,подслушивают|подслушивал,подслушивала,подслушивали|подслушивай,подслушивайте|eavesdrop,eavesdrops,eavesdropped,eavesdropped,eavesdropping|
8575|подсматривать||подсматриваю,подсматриваешь,подсматривает,подсматриваем,подсматриваете,подсматривают|подсматривал,подсматривала,подсматривали|подсматривай,подсматривайте|spy,spies,spied,spied,spying|
8577|подходить||подхожу,подходишь,подходит,подходим,подходите,подходят|подходил,подходила,подходили|подходи,подходите|approach,approaches,approached,approached,approaching|
8578|подчеркнуть||подчеркну,подчеркнёшь,подчеркнёт,подчеркнём,подчеркнёте,подчеркнут|подчеркнул,подчеркнула,подчеркнули|подчеркни,подчеркните|emphasize,emphasizes,emphasized,emphasized,emphasizing|
8579|подчиняться||подчиняюсь,подчиняешься,подчиняется,подчиняемся,подчиняетесь,подчиняются|подчинялся,подчинялась,подчинялись|подчиняйся,подчиняйтесь|obey,obeys,obeyed,obeyed,obeying|
8581|позволять||позволяю,позволяешь,позволяет,позволяем,позволяете,позволяют|позволял,позволяла,позволяли|позволяй,позволяйте|allow,allows,allowed,allowed,allowing|
8585|поливать|цветы|поливаю,поливаешь,поливает,поливаем,поливаете,поливают|поливал,поливала,поливали|поливай,поливайте|water,waters,watered,watered,watering|the flowers
8586|пользоваться|чем-л.|пользуюсь,пользуешься,пользуется,пользуемся,пользуетесь,пользуются|пользовался,пользовалась,пользовались|пользуйся,пользуйтесь|use,uses,used,used,using|
8587|пометить||помечу,пометишь,пометит,пометим,пометите,пометят|пометил,пометила,пометили|пометь,пометьте|note,notes,noted,noted,noting|down
8588|помнить||помню,помнишь,помнит,помним,помните,помнят|помнил,помнила,помнили|помни,помните|remember,remembers,remembered,remembered,remembering|
8591|попытаться||попытаюсь,попытаешься,попытается,попытаемся,попытаетесь,попытаются|попытался,попыталась,попытались|попытайся,попытайтесь|try,tries,tried,tried,trying|
8592|посвящать||посвящаю,посвящаешь,посвящает,посвящаем,посвящаете,посвящают|посвящал,посвящала,посвящали|посвящай,посвящайте|dedicate,dedicates,dedicated,dedicated,dedicating|
8593|появляться||появляюсь,появляешься,появляется,появляемся,появляетесь,появляются|появлялся,появлялась,появлялись|появляйся,появляйтесь|appear,appears,appeared,appeared,appearing|
8598|предпринимать||предпринимаю,предпринимаешь,предпринимает,предпринимаем,предпринимаете,предпринимают|предпринимал,предпринимала,предпринимали|предпринимай,предпринимайте|undertake,undertakes,undertook,undertaken,undertaking|
8599|представлять|кого-л.|представляю,представляешь,представляет,представляем,представляете,представляют|представлял,представляла,представляли|представляй,представляйте|introduce,introduces,introduced,introduced,introducing|someone
8600|представлять|себе|представляю,представляешь,представляет,представляем,представляете,представляют|представлял,представляла,представляли|представляй,представляйте|imagine,imagines,imagined,imagined,imagining|
8602|презирать||презираю,презираешь,презирает,презираем,презираете,презирают|презирал,презирала,презирали|презирай,презирайте|despise,despises,despised,despised,despising|
8604|преобладать||преобладаю,преобладаешь,преобладает,преобладаем,преобладаете,преобладают|преобладал,преобладала,преобладали|преобладай,преобладайте|prevail,prevails,prevailed,prevailed,prevailing|
8608|привозить||привожу,привозишь,привозит,привозим,привозите,привозят|привозил,привозила,привозили|привози,привозите|bring,brings,brought,brought,bringing|
8609|привязывать||привязываю,привязываешь,привязывает,привязываем,привязываете,привязывают|привязывал,привязывала,привязывали|привязывай,привязывайте|tie,ties,tied,tied,tying|
8611|приговаривать||приговариваю,приговариваешь,приговаривает,приговариваем,приговариваете,приговаривают|приговаривал,приговаривала,приговаривали|приговаривай,приговаривайте|sentence,sentences,sentenced,sentenced,sentencing|
8612|признавать|ошибку|признаю,признаёшь,признаёт,признаём,признаёте,признают|признавал,признавала,признавали|признавай,признавайте|admit,admits,admitted,admitted,admitting|a mistake
8613|признаваться||признаюсь,признаёшься,признаётся,признаёмся,признаётесь,признаются|признавался,признавалась,признавались|признавайся,признавайтесь|confess,confesses,confessed,confessed,confessing|
8615|принадлежать|кому-л.|принадлежу,принадлежишь,принадлежит,принадлежим,принадлежите,принадлежат|принадлежал,принадлежала,принадлежали|принадлежи,принадлежите|belong,belongs,belonged,belonged,belonging|to someone
8616|принуждать||принуждаю,принуждаешь,принуждает,принуждаем,принуждаете,принуждают|принуждал,принуждала,принуждали|принуждай,принуждайте|force,forces,forced,forced,forcing|
8617|присоединяться||присоединяюсь,присоединяешься,присоединяется,присоединяемся,присоединяетесь,присоединяются|присоединялся,присоединялась,присоединялись|присоединяйся,присоединяйтесь|join,joins,joined,joined,joining|
8619|причёсываться||причёсываюсь,причёсываешься,причёсывается,причёсываемся,причёсываетесь,причёсываются|причёсывался,причёсывалась,причёсывались|причёсывайся,причёсывайтесь|comb,combs,combed,combed,combing|one's hair
8620|провоцировать||провоцирую,провоцируешь,провоцирует,провоцируем,провоцируете,провоцируют|провоцировал,провоцировала,провоцировали|провоцируй,провоцируйте|provoke,provokes,provoked,provoked,provoking|
8621|прогнать||прогоню,прогонишь,прогонит,прогоним,прогоните,прогонят|прогнал,прогнала,прогнали|прогони,прогоните|drive,drives,drove,driven,driving|away
8623|получить|повышение|получу,получишь,получит,получим,получите,получат|получил,получила,получили|получи,получите|get,gets,got,got,getting|a promotion
8625|проезжать||проезжаю,проезжаешь,проезжает,проезжаем,проезжаете,проезжают|проезжал,проезжала,проезжали|проезжай,проезжайте|pass,passes,passed,passed,passing|by
8626|проектировать||проектирую,проектируешь,проектирует,проектируем,проектируете,проектируют|проектировал,проектировала,проектировали|проектируй,проектируйте|design,designs,designed,designed,designing|
8628|пролить||пролью,прольёшь,прольёт,прольём,прольёте,прольют|пролил,пролила,пролили|пролей,пролейте|spill,spills,spilled,spilled,spilling|
8629|проникать||проникаю,проникаешь,проникает,проникаем,проникаете,проникают|проникал,проникала,проникали|проникай,проникайте|penetrate,penetrates,penetrated,penetrated,penetrating|
8630|пропускать|занятия|пропускаю,пропускаешь,пропускает,пропускаем,пропускаете,пропускают|пропускал,пропускала,пропускали|пропускай,пропускайте|miss,misses,missed,missed,missing|classes
8632|просыпаться||просыпаюсь,просыпаешься,просыпается,просыпаемся,просыпаетесь,просыпаются|просыпался,просыпалась,просыпались|просыпайся,просыпайтесь|spill,spills,spilled,spilled,spilling|
8633|протестовать||протестую,протестуешь,протестует,протестуем,протестуете,протестуют|протестовал,протестовала,протестовали|протестуй,протестуйте|protest,protests,protested,protested,protesting|
8639|развлекать||развлекаю,развлекаешь,развлекает,развлекаем,развлекаете,развлекают|развлекал,развлекала,развлекали|развлекай,развлекайте|entertain,entertains,entertained,entertained,entertaining|
8640|раздавить||раздавлю,раздавишь,раздавит,раздавим,раздавите,раздавят|раздавил,раздавила,раздавили|раздави,раздавите|crush,crushes,crushed,crushed,crushing|
8641|раздать||раздам,раздашь,раздаст,раздадим,раздадите,раздадут|раздал,раздала,раздали|раздай,раздайте|hand,hands,handed,handed,handing|out
8642|раздражать||раздражаю,раздражаешь,раздражает,раздражаем,раздражаете,раздражают|раздражал,раздражала,раздражали|раздражай,раздражайте|irritate,irritates,irritated,irritated,irritating|
8643|раздражаться||раздражаюсь,раздражаешься,раздражается,раздражаемся,раздражаетесь,раздражаются|раздражался,раздражалась,раздражались|раздражайся,раздражайтесь|get,gets,got,got,getting|irritated
8645|разорваться||разорвусь,разорвёшься,разорвётся,разорвёмся,разорвётесь,разорвутся|разорвался,разорвалась,разорвались|разорвись,разорвитесь|snap,snaps,snapped,snapped,snapping|
8646|разрешать||разрешаю,разрешаешь,разрешает,разрешаем,разрешаете,разрешают|разрешал,разрешала,разрешали|разрешай,разрешайте|permit,permits,permitted,permitted,permitting|
8647|располагать||располагаю,располагаешь,располагает,располагаем,располагаете,располагают|располагал,располагала,располагали|располагай,располагайте|place,places,placed,placed,placing|
8649|распространять||распространяю,распространяешь,распространяет,распространяем,распространяете,распространяют|распространял,распространяла,распространяли|распространяй,распространяйте|spread,spreads,spread,spread,spreading|
8651|рассматривать|вопрос|рассматриваю,рассматриваешь,рассматривает,рассматриваем,рассматриваете,рассматривают|рассматривал,рассматривала,рассматривали|рассматривай,рассматривайте|consider,considers,considered,considered,considering|a question
8652|растить||ращу,растишь,растит,растим,растите,растят|растил,растила,растили|расти,растите|grow,grows,grew,grown,growing|
8653|рвать|цветы|рву,рвёшь,рвёт,рвём,рвёте,рвут|рвал,рвала,рвали|рви,рвите|pick,picks,picked,picked,picking|flowers
8656|решать||решаю,решаешь,решает,решаем,решаете,решают|решал,решала,решали|решай,решайте|decide,decides,decided,decided,deciding|
8657|решить|задачу|решу,решишь,решит,решим,решите,решат|решил,решила,решили|реши,решите|solve,solves,solved,solved,solving|a problem
8658|рисковать||рискую,рискуешь,рискует,рискуем,рискуете,рискуют|рисковал,рисковала,рисковали|рискуй,рискуйте|risk,risks,risked,risked,risking|
8660|ругать||ругаю,ругаешь,ругает,ругаем,ругаете,ругают|ругал,ругала,ругали|ругай,ругайте|scold,scolds,scolded,scolded,scolding|
8662|рыть||рою,роешь,роет,роем,роете,роют|рыл,рыла,рыли|рой,ройте|dig,digs,dug,dug,digging|
8663|светиться||свечусь,светишься,светится,светимся,светитесь,светятся|светился,светилась,светились|светись,светитесь|glow,glows,glowed,glowed,glowing|
8664|связывать||связываю,связываешь,связывает,связываем,связываете,связывают|связывал,связывала,связывали|связывай,связывайте|tie,ties,tied,tied,tying|
8665|сердить||сержу,сердишь,сердит,сердим,сердите,сердят|сердил,сердила,сердили|серди,сердите|anger,angers,angered,angered,angering|
8666|сесть||сяду,сядешь,сядет,сядем,сядете,сядут|сел,села,сели|сядь,сядьте|sit,sits,sat,sat,sitting|down
8667|сеять||сею,сеешь,сеет,сеем,сеете,сеют|сеял,сеяла,сеяли|сей,сейте|sow,sows,sowed,sown,sowing|
8668|сидеть||сижу,сидишь,сидит,сидим,сидите,сидят|сидел,сидела,сидели|сиди,сидите|sit,sits,sat,sat,sitting|
8673|смешивать||смешиваю,смешиваешь,смешивает,смешиваем,смешиваете,смешивают|смешивал,смешивала,смешивали|смешивай,смешивайте|mix,mixes,mixed,mixed,mixing|
8675|смотреть||смотрю,смотришь,смотрит,смотрим,смотрите,смотрят|смотрел,смотрела,смотрели|смотри,смотрите|look,looks,looked,looked,looking|
8676|снимать|квартиру|снимаю,снимаешь,снимает,снимаем,снимаете,снимают|снимал,снимала,снимали|снимай,снимайте|rent,rents,rented,rented,renting|an apartment
8677|снимать||снимаю,снимаешь,снимает,снимаем,снимаете,снимают|снимал,снимала,снимали|снимай,снимайте|remove,removes,removed,removed,removing|
8683|сообщать||сообщаю,сообщаешь,сообщает,сообщаем,сообщаете,сообщают|сообщал,сообщала,сообщали|сообщай,сообщайте|report,reports,reported,reported,reporting|
8684|сопровождать||сопровождаю,сопровождаешь,сопровождает,сопровождаем,сопровождаете,сопровождают|сопровождал,сопровождала,сопровождали|сопровождай,сопровождайте|accompany,accompanies,accompanied,accompanied,accompanying|
8685|составлять|список|составляю,составляешь,составляет,составляем,составляете,составляют|составлял,составляла,составляли|составляй,составляйте|make,makes,made,made,making|a list
8686|сотрудничать||сотрудничаю,сотрудничаешь,сотрудничает,сотрудничаем,сотрудничаете,сотрудничают|сотрудничал,сотрудничала,сотрудничали|сотрудничай,сотрудничайте|cooperate,cooperates,cooperated,cooperated,cooperating|
8687|сохраниться||сохранюсь,сохранишься,сохранится,сохранимся,сохранитесь,сохранятся|сохранился,сохранилась,сохранились|сохранись,сохранитесь|survive,survives,survived,survived,surviving|
8688|сохранять||сохраняю,сохраняешь,сохраняет,сохраняем,сохраняете,сохраняют|сохранял,сохраняла,сохраняли|сохраняй,сохраняйте|preserve,preserves,preserved,preserved,preserving|
8689|сочинить|музыку|сочиню,сочинишь,сочинит,сочиним,сочините,сочинят|сочинил,сочинила,сочинили|сочини,сочините|compose,composes,composed,composed,composing|music
8693|сражаться||сражаюсь,сражаешься,сражается,сражаемся,сражаетесь,сражаются|сражался,сражалась,сражались|сражайся,сражайтесь|fight,fights,fought,fought,fighting|
8694|становиться||становлюсь,становишься,становится,становимся,становитесь,становятся|становился,становилась,становились|становись,становитесь|become,becomes,became,become,becoming|
8695|стирать|бельё|стираю,стираешь,стирает,стираем,стираете,стирают|стирал,стирала,стирали|стирай,стирайте|wash,washes,washed,washed,washing|clothes
8696|стоить||стою,стоишь,стоит,стоим,стоите,стоят|стоил,стоила,стоили|стой,стойте|cost,costs,cost,cost,costing|
8697|страдать||страдаю,страдаешь,страдает,страдаем,страдаете,страдают|страдал,страдала,страдали|страдай,страдайте|suffer,suffers,suffered,suffered,suffering|
8699|стремиться||стремлюсь,стремишься,стремится,стремимся,стремитесь,стремятся|стремился,стремилась,стремились|стремись,стремитесь|strive,strives,strove,striven,striving|
8701|сушить||сушу,сушишь,сушит,сушим,сушите,сушат|сушил,сушила,сушили|суши,сушите|dry,dries,dried,dried,drying|
8703|считать|деньги|считаю,считаешь,считает,считаем,считаете,считают|считал,считала,считали|считай,считайте|count,counts,counted,counted,counting|money
8704|считать||считаю,считаешь,считает,считаем,считаете,считают|считал,считала,считали|считай,считайте|think,thinks,thought,thought,thinking|
8705|терпеть||терплю,терпишь,терпит,терпим,терпите,терпят|терпел,терпела,терпели|терпи,терпите|endure,endures,endured,endured,enduring|
8706|терять||теряю,теряешь,теряет,теряем,теряете,теряют|терял,теряла,теряли|теряй,теряйте|lose,loses,lost,lost,losing|
8707|толкать||толкаю,толкаешь,толкает,толкаем,толкаете,толкают|толкал,толкала,толкали|толкай,толкайте|push,pushes,pushed,pushed,pushing|
8708|тонуть||тону,тонешь,тонет,тонем,тонете,тонут|тонул,тонула,тонули|тони,тоните|drown,drowns,drowned,drowned,drowning|
8709|торопить||тороплю,торопишь,торопит,торопим,торопите,торопят|торопил,торопила,торопили|торопи,торопите|hurry,hurries,hurried,hurried,hurrying|
8711|трансформировать||трансформирую,трансформируешь,трансформирует,трансформируем,трансформируете,трансформируют|трансформировал,трансформировала,трансформировали|трансформируй,трансформируйте|transform,transforms,transformed,transformed,transforming|
8713|требоваться||требуюсь,требуешься,требуется,требуемся,требуетесь,требуются|требовался,требовалась,требовались|требуйся,требуйтесь|be,is,was,been,being|needed
8714|требоваться||требуюсь,требуешься,требуется,требуемся,требуетесь,требуются|требовался,требовалась,требовались|требуйся,требуйтесь|be,is,was,been,being|needed
8715|тренировать||тренирую,тренируешь,тренирует,тренируем,тренируете,тренируют|тренировал,тренировала,тренировали|тренируй,тренируйте|train,trains,trained,trained,training|
8717|трескаться||трескаюсь,трескаешься,трескается,трескаемся,трескаетесь,трескаются|трескался,трескалась,трескались|трескайся,трескайтесь|crack,cracks,cracked,cracked,cracking|
8718|трясти||трясу,трясёшь,трясёт,трясём,трясёте,трясут|тряс,трясла,трясли|тряси,трясите|shake,shakes,shook,shaken,shaking|
8719|тушить|пожар|тушу,тушишь,тушит,тушим,тушите,тушат|тушил,тушила,тушили|туши,тушите|put,puts,put,put,putting|out a fire
8720|тушить|свет|тушу,тушишь,тушит,тушим,тушите,тушат|тушил,тушила,тушили|туши,тушите|turn,turns,turned,turned,turning|off the light
8721|тянуть||тяну,тянешь,тянет,тянем,тянете,тянут|тянул,тянула,тянули|тяни,тяните|pull,pulls,pulled,pulled,pulling|
8722|убеждать||убеждаю,убеждаешь,убеждает,убеждаем,убеждаете,убеждают|убеждал,убеждала,убеждали|убеждай,убеждайте|convince,convinces,convinced,convinced,convincing|
8724|убирать||убираю,убираешь,убирает,убираем,убираете,убирают|убирал,убирала,убирали|убирай,убирайте|tidy,tidies,tidied,tidied,tidying|up
8725|убирать||убираю,убираешь,убирает,убираем,убираете,убирают|убирал,убирала,убирали|убирай,убирайте|put,puts,put,put,putting|away
8726|увеличивать||увеличиваю,увеличиваешь,увеличивает,увеличиваем,увеличиваете,увеличивают|увеличивал,увеличивала,увеличивали|увеличивай,увеличивайте|increase,increases,increased,increased,increasing|
8727|увеличиваться||увеличиваюсь,увеличиваешься,увеличивается,увеличиваемся,увеличиваетесь,увеличиваются|увеличивался,увеличивалась,увеличивались|увеличивайся,увеличивайтесь|increase,increases,increased,increased,increasing|
8728|увидеть||увижу,увидишь,увидит,увидим,увидите,увидят|увидел,увидела,увидели|увидь,увидьте|notice,notices,noticed,noticed,noticing|
8730|удалять||удаляю,удаляешь,удаляет,удаляем,удаляете,удаляют|удалял,удаляла,удаляли|удаляй,удаляйте|remove,removes,removed,removed,removing|
8731|удваивать||удваиваю,удваиваешь,удваивает,удваиваем,удваиваете,удваивают|удваивал,удваивала,удваивали|удваивай,удваивайте|double,doubles,doubled,doubled,doubling|
8732|удерживать|от чего-л.|удерживаю,удерживаешь,удерживает,удерживаем,удерживаете,удерживают|удерживал,удерживала,удерживали|удерживай,удерживайте|hold,holds,held,held,holding|back
8735|удовлетворять||удовлетворяю,удовлетворяешь,удовлетворяет,удовлетворяем,удовлетворяете,удовлетворяют|удовлетворял,удовлетворяла,удовлетворяли|удовлетворяй,удовлетворяйте|satisfy,satisfies,satisfied,satisfied,satisfying|
8736|уезжать||уезжаю,уезжаешь,уезжает,уезжаем,уезжаете,уезжают|уезжал,уезжала,уезжали|уезжай,уезжайте|leave,leaves,left,left,leaving|
8738|узнавать||узнаю,узнаёшь,узнаёт,узнаём,узнаёте,узнают|узнавал,узнавала,узнавали|узнавай,узнавайте|find,finds,found,found,finding|out
8739|узнавать||узнаю,узнаёшь,узнаёт,узнаём,узнаёте,узнают|узнавал,узнавала,узнавали|узнавай,узнавайте|recognize,recognizes,recognized,recognized,recognizing|
8741|украшать||украшаю,украшаешь,украшает,украшаем,украшаете,украшают|украшал,украшала,украшали|украшай,украшайте|decorate,decorates,decorated,decorated,decorating|
8742|укреплять||укрепляю,укрепляешь,укрепляет,укрепляем,укрепляете,укрепляют|укреплял,укрепляла,укрепляли|укрепляй,укрепляйте|strengthen,strengthens,strengthened,strengthened,strengthening|
8743|улаживать||улаживаю,улаживаешь,улаживает,улаживаем,улаживаете,улаживают|улаживал,улаживала,улаживали|улаживай,улаживайте|settle,settles,settled,settled,settling|
8745|уменьшать||уменьшаю,уменьшаешь,уменьшает,уменьшаем,уменьшаете,уменьшают|уменьшал,уменьшала,уменьшали|уменьшай,уменьшайте|reduce,reduces,reduced,reduced,reducing|
8746|умножать||умножаю,умножаешь,умножает,умножаем,умножаете,умножают|умножал,умножала,умножали|умножай,умножайте|multiply,multiplies,multiplied,multiplied,multiplying|
8747|умолять||умоляю,умоляешь,умоляет,умоляем,умоляете,умоляют|умолял,умоляла,умоляли|умоляй,умоляйте|beg,begs,begged,begged,begging|
8748|уничтожать|улики|уничтожаю,уничтожаешь,уничтожает,уничтожаем,уничтожаете,уничтожают|уничтожал,уничтожала,уничтожали|уничтожай,уничтожайте|destroy,destroys,destroyed,destroyed,destroying|evidence
8751|употребить||употреблю,употребишь,употребит,употребим,употребите,употребят|употребил,употребила,употребили|употреби,употребите|use,uses,used,used,using|
8752|упрекать||упрекаю,упрекаешь,упрекает,упрекаем,упрекаете,упрекают|упрекал,упрекала,упрекали|упрекай,упрекайте|reproach,reproaches,reproached,reproached,reproaching|
8753|упрощать||упрощаю,упрощаешь,упрощает,упрощаем,упрощаете,упрощают|упрощал,упрощала,упрощали|упрощай,упрощайте|simplify,simplifies,simplified,simplified,simplifying|
8754|успокаивать||успокаиваю,успокаиваешь,успокаивает,успокаиваем,успокаиваете,успокаивают|успокаивал,успокаивала,успокаивали|успокаивай,успокаивайте|calm,calms,calmed,calmed,calming|down
8755|уставать||устаю,устаёшь,устаёт,устаём,устаёте,устают|уставал,уставала,уставали|не уставай,не уставайте|get,gets,got,got,getting|tired
8756|организовать|вечеринку|организую,организуешь,организует,организуем,организуете,организуют|организовал,организовала,организовали|организуй,организуйте|organize,organizes,organized,organized,organizing|a party
8757|устранять||устраняю,устраняешь,устраняет,устраняем,устраняете,устраняют|устранял,устраняла,устраняли|устраняй,устраняйте|remove,removes,removed,removed,removing|
8759|утверждать||утверждаю,утверждаешь,утверждает,утверждаем,утверждаете,утверждают|утверждал,утверждала,утверждали|утверждай,утверждайте|insist,insists,insisted,insisted,insisting|
8760|утомлять||утомляю,утомляешь,утомляет,утомляем,утомляете,утомляют|утомлял,утомляла,утомляли|утомляй,утомляйте|tire,tires,tired,tired,tiring|
8764|хватать||хватаю,хватаешь,хватает,хватаем,хватаете,хватают|хватал,хватала,хватали|хватай,хватайте|suffice,suffices,sufficed,sufficed,sufficing|
8766|хранить||храню,хранишь,хранит,храним,храните,хранят|хранил,хранила,хранили|храни,храните|keep,keeps,kept,kept,keeping|
8768|цитировать||цитирую,цитируешь,цитирует,цитируем,цитируете,цитируют|цитировал,цитировала,цитировали|цитируй,цитируйте|quote,quotes,quoted,quoted,quoting|
8771|чувствовать||чувствую,чувствуешь,чувствует,чувствуем,чувствуете,чувствуют|чувствовал,чувствовала,чувствовали|чувствуй,чувствуйте|sense,senses,sensed,sensed,sensing|
21015|идти||иду,идёшь,идёт,идём,идёте,идут|шёл,шла,шли|иди,идите|go,goes,went,gone,going|
21016|приходить||прихожу,приходишь,приходит,приходим,приходите,приходят|приходил,приходила,приходили|приходи,приходите|come,comes,came,come,coming|
21017|сказать||скажу,скажешь,скажет,скажем,скажете,скажут|сказал,сказала,сказали|скажи,скажите|say,says,said,said,saying|
21018|хотеть||хочу,хочешь,хочет,хотим,хотите,хотят|хотел,хотела,хотели|захоти,захотите|want,wants,wanted,wanted,wanting|
21019|покупать||покупаю,покупаешь,покупает,покупаем,покупаете,покупают|покупал,покупала,покупали|покупай,покупайте|buy,buys,bought,bought,buying|
21020|надевать||надеваю,надеваешь,надевает,надеваем,надеваете,надевают|надевал,надевала,надевали|надевай,надевайте|put,puts,put,put,putting|on
21021|снимать|одежду|снимаю,снимаешь,снимает,снимаем,снимаете,снимают|снимал,снимала,снимали|снимай,снимайте|take,takes,took,taken,taking|off
21022|садиться|на транспорт|сажусь,садишься,садится,садимся,садитесь,садятся|садился,садилась,садились|садись,садитесь|get,gets,got,got,getting|on
21023|заканчиваться||заканчиваюсь,заканчиваешься,заканчивается,заканчиваемся,заканчиваетесь,заканчиваются|заканчивался,заканчивалась,заканчивались|заканчивайся,заканчивайтесь|end,ends,ended,ended,ending|
21024|вспоминать||вспоминаю,вспоминаешь,вспоминает,вспоминаем,вспоминаете,вспоминают|вспоминал,вспоминала,вспоминали|вспоминай,вспоминайте|remember,remembers,remembered,remembered,remembering|
21025|пробовать||пробую,пробуешь,пробует,пробуем,пробуете,пробуют|пробовал,пробовала,пробовали|пробуй,пробуйте|try,tries,tried,tried,trying|
